scen,n,informative,est,rep,conv,brier,cal_int,cal_slope,mean_pred,obs_rate,est_b0,est_b1,est_b2,est_log_sigma,est_log_tau0,est_log_tau1,est_g0,est_g1,est_g2,est_alpha,se_b0,se_b1,se_b2,se_log_sigma,se_log_tau0,se_log_tau1,se_g0,se_g1,se_g2,se_alpha,est_log_sthr,se_log_sthr
ni_n87,87,0,floor,0,1,0.18639000029475955,1.9983988115706528,0.699888064386585,0.6316715696313863,0.8850574712643678,-2.643818406022543,-2.533985491923427,0.1498937118273579,0.45073551075239915,0.28932483275434295,0.6775277712898473,-4.920317274702223,0.11463285702529398,-1.4622505726485555,-1.6032364928203036,nan,nan,nan,nan,nan,nan,nan,nan,nan,nan,nan,nan
ni_n87,87,0,floor,1,1,0.18472297763722798,2.2187351120334093,1.0375775782574144,0.5991054239590184,0.8620689655172413,-2.5125652264655693,-1.957638714527798,-0.31539504981883076,0.5405808194524385,0.3977372236283214,1.0993536252565057,-4.420149927276454,0.016883738055272324,-2.6943126694315076,-1.6517926932488218,nan,nan,nan,nan,nan,nan,nan,nan,nan,nan,nan,nan
ni_n87,87,0,floor,2,1,0.20241907514526708,2.239660655698916,0.865567656101214,0.605925928501724,0.896551724137931,-2.1055224159743995,-2.6329670412765225,0.1016994849123388,0.5865358471923426,0.15899098326126707,0.6445383155642768,-4.415696636699612,-0.29830462920904166,-0.9741549776242431,-1.4298722473180068,nan,nan,nan,nan,nan,nan,nan,nan,nan,nan,nan,nan
ni_n87,87,0,floor,3,1,0.19439836277028158,1.9751948971457964,0.998891026099855,0.5617919924781096,0.8275862068965517,-1.9941664107295738,-2.8201726661392623,-0.05688593005479861,0.5799473261585634,0.3453461647066894,0.6986748826720836,-3.7767813105260197,-0.8213209908771183,-1.6847885304923402,-1.439172457849719,nan,nan,nan,nan,nan,nan,nan,nan,nan,nan,nan,nan
ni_n87,87,0,floor,4,1,0.1955049627483267,1.8455687636297111,0.7856521453799025,0.6039317834597617,0.8620689655172413,-2.439683385509523,-2.8828642729038996,0.503096421557687,0.5807894201017542,0.37620637082137776,0.8067518227502682,-4.003021213324955,0.008726938227450815,-1.9262894849443584,-1.4555219591978257,nan,nan,nan,nan,nan,nan,nan,nan,nan,nan,nan,nan
ni_n87,87,0,floor,5,1,0.16928586744605448,1.6653614741955964,0.9732508594129199,0.6012074065333716,0.8160919540229885,-2.344920859149212,-2.8378715652261985,0.15273845899023628,0.465537068840357,0.25734664025139947,0.6239014506681756,-4.9308630912070965,0.0573973117382085,-1.9465708478219539,-1.7723459057447166,nan,nan,nan,nan,nan,nan,nan,nan,nan,nan,nan,nan
ni_n87,87,0,floor,6,1,0.21375532152063434,1.495064610241724,0.7577192929721271,0.5405684384445375,0.7816091954022989,-2.3278365506019782,-1.837172376697845,-0.1339302513054441,0.5823400669599096,0.2274171704845277,0.5588542726263377,-4.815864982087546,-0.027990365234005,-1.6566413934879227,-1.6308177924196392,nan,nan,nan,nan,nan,nan,nan,nan,nan,nan,nan,nan
ni_n87,87,0,floor,7,1,0.20626917337649187,1.7648923259343505,0.5758378352019502,0.6062697970909967,0.8620689655172413,-2.384235523852665,-2.4244223228726547,0.10308884774397718,0.4966757051665254,0.2545263490237048,0.8985310784351954,-3.8568592331146268,-0.38304383445197837,-2.4724877892092745,-1.5920332699648454,nan,nan,nan,nan,nan,nan,nan,nan,nan,nan,nan,nan
ni_n87,87,0,floor,8,1,0.15941660844230812,2.1394720859295333,1.080401967994939,0.6310744821869032,0.8735632183908046,-2.5961669891254924,-2.7351144302526422,-0.16163753521490073,0.5098938404263321,0.32708213413938064,0.6555675210884286,-5.174769923033797,-0.3446609818482283,-1.0816294416112513,-1.7306282790164085,nan,nan,nan,nan,nan,nan,nan,nan,nan,nan,nan,nan
ni_n87,87,0,floor,9,1,0.1883103521154654,1.911088855714341,0.6976658738834376,0.6229877222181472,0.8735632183908046,-2.775027015529425,-2.3795810243184854,-0.29698747004515486,0.5375881610618607,0.41360816526568556,0.8570840129529314,-3.810611421004823,-0.3828164082548939,-1.800001237667503,-1.4175880356414972,nan,nan,nan,nan,nan,nan,nan,nan,nan,nan,nan,nan
ni_n87,87,0,floor,10,1,0.205618192395845,1.652846813822121,0.6168402160640205,0.5873620267749656,0.8390804597701149,-2.0281717692710433,-3.04802283933416,0.018691528083914687,0.629923612897071,-0.07285501568813663,0.6799483299457826,-3.5593786053732774,-0.5242112134387072,-1.6235872692886595,-1.3983905170244901,nan,nan,nan,nan,nan,nan,nan,nan,nan,nan,nan,nan
ni_n87,87,0,floor,11,1,0.22136819883152162,1.650066198927334,0.4860522181220885,0.600147830570809,0.8505747126436781,-2.512263254271244,-2.6092231996854838,-0.031970223612417026,0.6030132642662133,0.2885545685759319,0.6929852413352926,-3.7775297611894882,-0.039267625811054654,-2.7437299223611546,-1.4716754577420024,nan,nan,nan,nan,nan,nan,nan,nan,nan,nan,nan,nan
ni_n87,87,0,floor,12,1,0.18837836663219035,1.6352025351525494,1.142175384307086,0.5603271441018921,0.7931034482758621,-1.9096690760138497,-3.407286358043864,0.46781223158959495,0.5190266387421957,0.2555411058087155,0.680853319949226,-3.9992862784130305,-0.9586441627098651,-1.878534379723104,-1.525158819395954,nan,nan,nan,nan,nan,nan,nan,nan,nan,nan,nan,nan
ni_n87,87,0,floor,13,1,0.1709638607220126,1.7007954731922998,1.1603391928081817,0.6050054916120738,0.8390804597701149,-2.7506537890708236,-2.011824120488818,-0.18658463706306241,0.5322085795311396,0.30204351446260996,0.8585624072874272,-4.861480188809982,-0.273701868889884,-2.0215805792611365,-1.7389550260501792,nan,nan,nan,nan,nan,nan,nan,nan,nan,nan,nan,nan
ni_n87,87,0,floor,14,1,0.19241766006173797,1.4125118901516456,0.823878785598923,0.580131049039386,0.7931034482758621,-1.8306375530193966,-3.4449503985946834,0.4671511412912615,0.49810776634082615,0.2499052685598405,0.7535064974985387,-3.9140333227021524,-1.1285730486974221,-1.0280591847936924,-1.455741262434222,nan,nan,nan,nan,nan,nan,nan,nan,nan,nan,nan,nan
ni_n87,87,0,floor,15,1,0.1599781286566484,2.016799322229177,1.3422311619468734,0.6000423874153141,0.8390804597701149,-2.229507069254473,-2.7207290795505052,0.04015473937761584,0.5229319392935996,0.27904308126368216,0.9022666850461766,-4.573377143740973,-0.025193669128021092,-1.5872394922571966,-1.645324047299064,nan,nan,nan,nan,nan,nan,nan,nan,nan,nan,nan,nan
ni_n87,87,0,floor,16,1,0.18604879531217097,2.341116216403516,0.9803667996745983,0.6135369611756111,0.8850574712643678,-2.461561612821434,-2.879124403145568,-0.22018633884206312,0.5718308882374007,0.34822993767260413,0.9866689048617713,-4.291680341616428,-1.0445286055812213,-1.201272300978273,-1.6439205613949066,nan,nan,nan,nan,nan,nan,nan,nan,nan,nan,nan,nan
ni_n87,87,0,floor,17,1,0.1860297492126189,1.3853593595891742,0.6868014444566026,0.5899594667593198,0.7931034482758621,-2.375535166148558,-2.5786275351948174,-0.09537681936608709,0.6050937570854041,0.3950378003862401,0.9155519341580377,-4.71517864840162,-0.6335786053035705,-0.9450105295947859,-1.6716322225790654,nan,nan,nan,nan,nan,nan,nan,nan,nan,nan,nan,nan
ni_n87,87,0,floor,18,1,0.1333310349919162,2.181390745437274,1.9098505010329812,0.6066380474807248,0.8160919540229885,-2.4074402308513365,-3.0604709403582113,0.15763966565606577,0.6401741707323255,0.476999042900061,0.7618268100865346,-4.64423668123475,0.20024108296695328,-1.6042701458895745,-1.6008561782255164,nan,nan,nan,nan,nan,nan,nan,nan,nan,nan,nan,nan
ni_n87,87,0,floor,19,1,0.19292054037472176,1.691594994541714,0.8513557930686796,0.5942528227071883,0.8390804597701149,-2.429473356021574,-2.1768629783280886,0.27615506489515246,0.49020979484809935,0.32231153590502964,0.7664657632219198,-4.703487515823003,-0.6685378703223355,-1.0732645608927753,-1.6594381747406155,nan,nan,nan,nan,nan,nan,nan,nan,nan,nan,nan,nan
ni_n87,87,0,floor,20,1,0.1795233403754104,2.203118080633471,0.8396662259672731,0.6271158545235466,0.896551724137931,-2.50957282370923,-2.938472021000894,-0.11232859733188046,0.45641742144028913,0.23161120376907213,0.45980187944865963,-4.838068411763987,-0.34051882400130945,-2.0312607872784456,-1.7423678385953276,nan,nan,nan,nan,nan,nan,nan,nan,nan,nan,nan,nan
ni_n87,87,0,floor,21,1,0.17513680529928774,2.0817597480692265,0.8165939595257392,0.6410831025678574,0.896551724137931,-2.4944937016772766,-2.5854361408725692,0.03348388440082371,0.4938247743249058,0.30160753626009895,0.6097590042863367,-4.3990828477326644,-0.2228644883781867,-1.304592730964237,-1.5453961048869984,nan,nan,nan,nan,nan,nan,nan,nan,nan,nan,nan,nan
ni_n87,87,0,floor,22,1,0.17103075448872965,1.8719182661995997,0.8298305069200987,0.6213991432265603,0.8620689655172413,-1.9550518644976398,-4.195657574092036,0.5820657219244793,0.567467004626301,0.23263893939989974,0.8887012106933935,-3.9232918028004016,-0.7335702977249152,-1.3891744798276329,-1.5189950656868993,nan,nan,nan,nan,nan,nan,nan,nan,nan,nan,nan,nan
ni_n87,87,0,floor,23,1,0.1814998130268542,1.4342898388345025,0.956732294677153,0.5709870188869834,0.7816091954022989,-2.2610772473939726,-3.344042269604519,0.3037458651340705,0.5262993651303544,0.371315193553387,0.6552774942944166,-4.644991648164954,-0.7864844628147352,-1.4958050374961842,-1.686423518684404,nan,nan,nan,nan,nan,nan,nan,nan,nan,nan,nan,nan
ni_n87,87,0,floor,24,1,0.17618862191234477,2.784386066517718,0.5039330639588536,0.6644914452269725,0.9540229885057471,-2.3581950066451194,-3.567490008981522,0.2853567479236083,0.5748086995037606,0.34957540471919796,0.5736013569292943,-4.568383992008668,-0.1452513405333712,-1.4717849878943103,-1.6026763549712366,nan,nan,nan,nan,nan,nan,nan,nan,nan,nan,nan,nan
ni_n87,87,0,floor,25,1,0.22145804117689769,1.843996707728743,0.5533616508337699,0.5890536535247399,0.8735632183908046,-2.1868580465494407,-2.9487349269466523,0.17698990266059686,0.5832744390612468,0.3338782868921417,0.5711310663860882,-2.9169542697369564,-0.7049026636149851,-1.390122922361632,-1.1792213687728506,nan,nan,nan,nan,nan,nan,nan,nan,nan,nan,nan,nan
ni_n87,87,0,floor,26,1,0.1900959044820322,1.921363866068634,0.7933157081596847,0.6019976165254626,0.8620689655172413,-2.2951702346221494,-2.930238523742889,0.253770848146185,0.5013917145813701,0.1657469277481103,0.6112407713051533,-3.606437259384067,-0.6952056445782889,-2.3258744721202365,-1.4726094783516734,nan,nan,nan,nan,nan,nan,nan,nan,nan,nan,nan,nan
ni_n87,87,0,floor,27,1,0.17790981121713906,1.9807439177545432,1.0120416193645643,0.6153555794109742,0.8620689655172413,-2.470901892573714,-2.76284065872969,0.07186530399240168,0.5589350092834566,0.2906193156090017,0.9196472290605631,-4.005045760530977,-0.28581326251169176,-1.144577415012433,-1.3791022100339827,nan,nan,nan,nan,nan,nan,nan,nan,nan,nan,nan,nan
ni_n87,87,0,floor,28,1,0.19954420071981135,1.530034763498894,0.58948390202391,0.6120590878335362,0.8390804597701149,-2.5061119739275135,-2.6484966420259783,0.1271346592275304,0.4724122865152657,0.25170672831964636,0.680796762289446,-5.158812573985686,-0.3371925088914288,-1.5015755554129622,-1.7541329957782157,nan,nan,nan,nan,nan,nan,nan,nan,nan,nan,nan,nan
ni_n87,87,0,floor,29,1,0.17775653325864987,2.34949646328033,1.2102026547964575,0.5864338787590275,0.8620689655172413,-2.422079662445942,-2.3158113572398737,-0.02566461854724672,0.5290378038459139,0.3455297550868454,0.6272017067340568,-4.491780988164735,0.3583264803379106,-2.5859621847772964,-1.5474264891796108,nan,nan,nan,nan,nan,nan,nan,nan,nan,nan,nan,nan
ni_n87,87,0,floor,30,1,0.20081007955110391,2.203152555781765,0.5996455891556718,0.6281332471601399,0.9080459770114943,-1.996797757836107,-2.967858204006639,0.27125628879812563,0.5844337386402209,0.3024002463292807,0.590124612382462,-4.575795586219339,0.4739263846134059,-2.108849412585506,-1.6380287274978012,nan,nan,nan,nan,nan,nan,nan,nan,nan,nan,nan,nan
ni_n87,87,0,floor,31,1,0.20434910420926714,1.7919010803246773,0.7238210840408403,0.578085106646754,0.8390804597701149,-2.131075047249803,-2.8681523619027742,0.015748855541479753,0.6426985896438722,0.31405960535594424,0.644071798348366,-4.294254165915009,0.01936729296369661,-1.8003872544986566,-1.4441225684579635,nan,nan,nan,nan,nan,nan,nan,nan,nan,nan,nan,nan
ni_n87,87,0,floor,32,1,0.17621480950444574,2.5304897412580036,1.18728031323742,0.6118383433792224,0.8735632183908046,-1.998712820972123,-2.790886786465573,-0.26680071991436594,0.531866892136532,0.17738568735079016,0.8649988054995921,-4.276473901633691,0.03927332080914176,-1.6077637839048144,-1.5453713926050427,nan,nan,nan,nan,nan,nan,nan,nan,nan,nan,nan,nan
ni_n87,87,0,floor,33,1,0.1827830081401347,1.802463050043492,0.8861556554336131,0.6010506339839753,0.8505747126436781,-1.7473396371170513,-3.0972712375177855,0.5435855567466416,0.523195660491428,0.35998100570230496,0.6343243673341935,-3.870358317031594,-0.2981501594380979,-1.198745048092294,-1.356628783408412,nan,nan,nan,nan,nan,nan,nan,nan,nan,nan,nan,nan
ni_n87,87,0,floor,34,1,0.19639342741111757,1.6868981954228235,0.7221084018589936,0.5584099283184277,0.8160919540229885,-2.310609416320325,-2.3353211692227536,0.06260987487091597,0.5459783170675462,-0.002058643117895539,0.7779102088470206,-4.453843802399706,0.35798451921069896,-2.0482730060305507,-1.4136136938006436,nan,nan,nan,nan,nan,nan,nan,nan,nan,nan,nan,nan
ni_n87,87,0,floor,35,1,0.20547126939675708,2.0345842003285015,0.7048824801737624,0.6019454733388991,0.8735632183908046,-2.2815467889869394,-2.930621035834871,0.09125100410983301,0.5665928731576557,0.2544544117122018,0.7989718677334089,-3.2859097198764062,-0.2017863942866611,-1.413972971793933,-1.2159647015873,nan,nan,nan,nan,nan,nan,nan,nan,nan,nan,nan,nan
ni_n87,87,0,floor,36,1,0.211380881586718,2.0155566495276425,0.7810444197468128,0.5886650970911136,0.8735632183908046,-2.196833267422346,-2.7846645281476383,0.04307875890630897,0.5953682822225576,0.18300274162836364,0.8745491436724474,-3.083431007252193,-0.4071971657590865,-2.751080577148677,-1.3359010560093714,nan,nan,nan,nan,nan,nan,nan,nan,nan,nan,nan,nan
ni_n87,87,0,floor,37,1,0.20686614063871786,1.9562806170169615,0.5792833951959695,0.5954108126276256,0.8735632183908046,-2.1854110220251743,-2.619008497493551,0.35855013540934877,0.5700715199364689,0.3019619611990657,0.8216116234130015,-4.395391429803487,-0.1335567755875399,-1.4801539738615808,-1.5273380243701273,nan,nan,nan,nan,nan,nan,nan,nan,nan,nan,nan,nan
ni_n87,87,0,floor,38,1,0.1992426676717428,2.1486813216564915,0.8012703967339547,0.6123619003012329,0.896551724137931,-2.11197964558947,-2.995154376846965,0.3291637042635528,0.5564896145722592,0.2609562499714511,0.5919306069647179,-5.0430253845823545,-0.7293525244485806,-0.7606325536484166,-1.703099250512852,nan,nan,nan,nan,nan,nan,nan,nan,nan,nan,nan,nan
ni_n87,87,0,floor,39,1,0.1921094469418936,1.8188889340400383,0.42100059876235457,0.650975215035763,0.8850574712643678,-2.578319174308679,-3.1895149329261727,0.05821716995240304,0.4993287481647722,0.1008322359841454,0.6873816511650304,-5.479713770098812,-0.4919142341187368,-1.0049145342655372,-1.8723951455815893,nan,nan,nan,nan,nan,nan,nan,nan,nan,nan,nan,nan
ni_n87,87,0,exact,0,1,0.19162152918035802,1.7272143490379481,0.6679789238289818,0.6079983321961479,0.8505747126436781,-2.444550842358705,-2.7567709224269596,0.712277019326774,0.05349924819596412,0.2672356670234238,-0.19471977253393366,-3.977169893596075,-0.8502724326419514,-1.4242735618514932,-1.6193970866190135,nan,nan,nan,nan,nan,nan,nan,nan,nan,nan,nan,nan
ni_n87,87,0,exact,1,1,0.20398593642935367,1.99498654579068,0.5277961473882292,0.6052896529820097,0.8850574712643678,-2.007705845568918,-2.6393894814562735,0.7136624606639003,0.15918116674657773,-0.14751602664491067,-0.2456505966605616,-3.777409289259391,-0.7653668142966796,-1.7777826602161282,-1.6736173447867102,nan,nan,nan,nan,nan,nan,nan,nan,nan,nan,nan,nan
ni_n87,87,0,exact,2,1,0.14931824829543328,2.7940445498585644,1.0950246862409143,0.6553662403034286,0.9310344827586207,-2.44175018462495,-2.2728439604248827,0.6783853735694181,0.12276107567184907,-0.016906421729686004,0.13133655104381164,-4.298374225898373,-0.6943199559210508,-2.012056002554045,-1.853755099365216,nan,nan,nan,nan,nan,nan,nan,nan,nan,nan,nan,nan
ni_n87,87,0,exact,3,1,0.18699515459665358,1.9203068371393088,0.8673865992115756,0.6074760135594185,0.8620689655172413,-2.2607922315051105,-2.248970607651919,0.8031558283032108,0.14784410383211083,0.037616218398058336,-0.10252344808934309,-4.724365492591086,-0.3716937015524328,-1.368768021848998,-1.739973165886099,nan,nan,nan,nan,nan,nan,nan,nan,nan,nan,nan,nan
ni_n87,87,0,exact,4,1,0.18834582997514598,2.1978421562632904,0.7207395297369783,0.6141432099391296,0.8850574712643678,-2.712733021428812,-2.1179355452362443,0.47053429931888907,0.18248343538723205,0.39066912679993265,0.055372752771825455,-4.540681939319266,-0.42978583193513487,-1.069421221332362,-1.734598302688131,nan,nan,nan,nan,nan,nan,nan,nan,nan,nan,nan,nan
ni_n87,87,0,exact,5,1,0.1916827148166999,2.2193474927301198,0.9906781868208248,0.5820480605673523,0.8735632183908046,-2.4591472876730482,-2.3134473083065026,0.539709413257789,0.20983325054851915,0.42607308777409164,-0.0153259808196342,-3.424395653894799,-0.37694746318855415,-1.7428564375786342,-1.3675683551000264,nan,nan,nan,nan,nan,nan,nan,nan,nan,nan,nan,nan
ni_n87,87,0,exact,6,1,0.1737734530557246,2.7150411136057304,0.9603360722280916,0.6191476218429267,0.9080459770114943,-2.251055856628183,-2.509352892989232,0.6606777018588488,0.22778482789739563,0.061592290388473574,0.13262341593998803,-4.629923234630289,-0.2594564399782,-1.9584939623271225,-1.89713760597653,nan,nan,nan,nan,nan,nan,nan,nan,nan,nan,nan,nan
ni_n87,87,0,exact,7,1,0.2108890864518456,1.8426957392429535,0.5951843861054081,0.5773172364929187,0.8505747126436781,-2.167475501396309,-2.3363455454863105,0.6502388791849145,0.18942667706612037,-0.11830180355395636,-0.1684977755278194,-4.168258595417201,-0.6573771808690079,-1.0144451069596399,-1.6202339365280958,nan,nan,nan,nan,nan,nan,nan,nan,nan,nan,nan,nan
ni_n87,87,0,exact,8,1,0.16563853098448977,2.182154328433275,0.740196701468486,0.6441589541153707,0.896551724137931,-2.6178000353193065,-2.442445854188378,0.6159331278620283,0.17324502433900082,0.32227669211134413,-0.049480086322871195,-3.8026226503402913,-0.5290938105667903,-1.223898095717634,-1.577853887267441,nan,nan,nan,nan,nan,nan,nan,nan,nan,nan,nan,nan
ni_n87,87,0,exact,9,1,0.2028106517048178,1.9241484681922496,0.5407918343409122,0.6306298365786859,0.8850574712643678,-2.6823522768667045,-2.7969243117471705,0.8834489635028709,0.12732095797993498,0.4373530297386798,-0.0502583762890783,-4.329245849201607,-0.9429173160830969,-1.1621058225628533,-1.718342138716564,nan,nan,nan,nan,nan,nan,nan,nan,nan,nan,nan,nan
ni_n87,87,0,exact,10,1,0.16927674064320736,1.7794755564998639,1.167406545317901,0.5916641933548352,0.8160919540229885,-2.5216000131273075,-2.141567466254698,0.6388065618958545,0.12748310865238657,0.0038332854765751076,0.15061603327634773,-5.577193036660089,0.05403537872381002,-1.3526807280574882,-1.9980925429255247,nan,nan,nan,nan,nan,nan,nan,nan,nan,nan,nan,nan
ni_n87,87,0,exact,11,1,0.2372433531626658,1.2296377941579175,0.4794326301600841,0.5381440546126746,0.7586206896551724,-2.559163953640001,-2.6632540115441437,0.7597363161495868,0.24685378312978395,0.5289336689581354,0.14297596584794375,-4.416368393645635,-0.5642399238100144,-1.4065991578997397,-1.6355144791056464,nan,nan,nan,nan,nan,nan,nan,nan,nan,nan,nan,nan
ni_n87,87,0,exact,12,1,0.18971238251140585,3.315964229652919,1.513606008525501,0.5843313178267648,0.896551724137931,-2.580791505070739,-2.631164002081796,0.7398207580500628,0.15872555989346152,0.45256718323388123,0.1379687753606717,-3.709525942822357,-0.2961080122863768,-2.467469489588542,-1.5578546868255148,nan,nan,nan,nan,nan,nan,nan,nan,nan,nan,nan,nan
ni_n87,87,0,exact,13,1,0.192603597627638,2.270015752811482,0.7449320211105757,0.6066185132144244,0.8735632183908046,-2.8022287550174556,-2.2576857326022406,0.4591407123670875,0.06909706155627518,0.19163591260721763,-0.08243095028465568,-4.4378250172269675,-0.4081581596940052,-1.493317121050597,-1.735496623872303,nan,nan,nan,nan,nan,nan,nan,nan,nan,nan,nan,nan
ni_n87,87,0,exact,14,1,0.202647893428004,1.4203650629406495,0.7828973924626003,0.5598618005636634,0.7816091954022989,-2.696477297010514,-2.8596847872460396,0.7114804947144965,0.0939140853952784,0.31032348764597617,0.3978576130280712,-4.054029852125785,-0.7345513055397863,-1.4901335283068673,-1.5915035682676515,nan,nan,nan,nan,nan,nan,nan,nan,nan,nan,nan,nan
ni_n87,87,0,exact,15,1,0.21401077960621356,1.9848122036135518,0.9828429608599478,0.5500516854952218,0.8390804597701149,-2.896347235010606,-1.8555238573874038,0.3956279822273328,0.18588523367156443,0.2741393515385812,-0.15296494754986575,-4.526063879410166,-0.20602599974324506,-2.0330056807399894,-1.6903380020711067,nan,nan,nan,nan,nan,nan,nan,nan,nan,nan,nan,nan
ni_n87,87,0,exact,16,1,0.20340812116067425,2.117041285187895,0.7517577495988571,0.5911974969212446,0.8735632183908046,-2.3199543115499144,-2.4744413151591735,0.6894793825459635,0.16285700596483396,-0.11751623933807252,0.13203479641448307,-3.9081652274746084,-0.700884793512705,-1.7305008335874452,-1.6310454969017343,nan,nan,nan,nan,nan,nan,nan,nan,nan,nan,nan,nan
ni_n87,87,0,exact,17,1,0.2150740579483456,2.0578882642457805,0.451553535448889,0.6054283267085263,0.896551724137931,-2.3765348983950503,-2.376238471405887,0.6752616029738299,0.11745967684223495,-0.14125209356295937,-0.12956015806672236,-4.000957017730502,-0.7400079234525879,-1.570955931404269,-1.5952444749377994,nan,nan,nan,nan,nan,nan,nan,nan,nan,nan,nan,nan
ni_n87,87,0,exact,18,1,0.1880299958198319,1.6513898147164314,0.7733417411664659,0.5807720728165063,0.8160919540229885,-2.1033048407325605,-2.4559948677872376,0.6966586790606174,0.2031051170470161,-0.10416718624620737,-0.27277216959572564,-5.926935406469144,-1.0077127010075322,-1.34137349346279,-2.2538207596539572,nan,nan,nan,nan,nan,nan,nan,nan,nan,nan,nan,nan
ni_n87,87,0,exact,19,1,0.22492395094005774,2.341231023536468,0.3727979846617651,0.6050862910872647,0.9195402298850575,-2.391155184793483,-3.0779025262506248,0.916089184434837,0.20666902742910367,0.4607781430957262,0.14124775439709814,-3.141311762296814,-0.34937256220054047,-1.8814209197952994,-1.2993048340587061,nan,nan,nan,nan,nan,nan,nan,nan,nan,nan,nan,nan
ni_n87,87,0,exact,20,1,0.1971051019096504,1.7472709147392733,0.5725923309383932,0.627714802344785,0.8735632183908046,-2.0430132899610687,-3.002660654768915,0.9754246679968577,0.18396790254022732,-0.13104685047407355,-0.057829331949209375,-4.35737541810805,-0.8775692710618955,-1.3877996518548352,-1.806137062784976,nan,nan,nan,nan,nan,nan,nan,nan,nan,nan,nan,nan
ni_n87,87,0,exact,21,1,0.22084406920537228,1.843511719741019,0.7499409095624356,0.5264667887849839,0.8045977011494253,-1.9973928365198008,-2.0384199843166204,0.5614286277170946,0.17786657288753147,0.17421000360642525,-0.1874020501517731,-3.9636030245328246,-0.2011150698141001,-2.559596078409643,-1.6011479580529004,nan,nan,nan,nan,nan,nan,nan,nan,nan,nan,nan,nan
ni_n87,87,0,exact,22,1,0.1929691277970049,1.395412840528241,0.6130285276162039,0.5566020506947797,0.7816091954022989,-2.3223512232195254,-2.171207328375124,0.7902715817357133,0.18964424931602744,-0.1259844356886903,0.03053064710038373,-4.923052212143692,-0.3305949136458817,-1.7453619721757612,-1.8576049169777005,nan,nan,nan,nan,nan,nan,nan,nan,nan,nan,nan,nan
ni_n87,87,0,exact,23,1,0.18938831449444968,2.9520856296530273,0.9242315885140483,0.6050688060162132,0.9080459770114943,-1.7870216749196146,-2.7335855907302746,0.9150405245339919,0.08340894617431377,0.18074541410648784,-0.13727639881184708,-4.666199728613582,-0.022996020258711145,-1.967504583370387,-1.7212585441229793,nan,nan,nan,nan,nan,nan,nan,nan,nan,nan,nan,nan
ni_n87,87,0,exact,24,1,0.20188170217590948,2.375212753200944,0.7508865938951513,0.5986865870194606,0.9080459770114943,-2.78575143074361,-2.304072512121433,0.5914787956902359,0.161008688228557,0.29310085042027834,0.03531214459428173,-2.6124745143126944,-0.1237869527285213,-1.8704605967686503,-1.1179945651864633,nan,nan,nan,nan,nan,nan,nan,nan,nan,nan,nan,nan
ni_n87,87,0,exact,25,1,0.2186008607505618,1.9201940483145372,0.7475742085116882,0.5700983333571529,0.8505747126436781,-2.3088000155390156,-2.065277992233234,0.7395934210295072,0.17065785628395191,0.054077015687981,0.05697533457988375,-3.1250340375272883,-0.3632319928968347,-1.9139222017780286,-1.3097973902581792,nan,nan,nan,nan,nan,nan,nan,nan,nan,nan,nan,nan
ni_n87,87,0,exact,26,1,0.18381845287282653,1.8492746500778547,0.9052928234287932,0.6133734781871657,0.8620689655172413,-2.7379463910910604,-2.829759868828574,0.8818935054683612,0.05233936917482161,0.17646479811365684,-0.015886027671970015,-4.522376824872346,-0.12330581985301221,-1.6926844835882107,-1.6838887556779556,nan,nan,nan,nan,nan,nan,nan,nan,nan,nan,nan,nan
ni_n87,87,0,exact,27,1,0.18114139794272005,1.957503382071047,0.8086741965744371,0.586493532160474,0.8390804597701149,-2.6524078352891185,-2.3148982044149204,0.5430023084592098,0.15910003897882175,0.31925116627935923,-0.051117042462565966,-4.612099036148952,-0.007646643933778788,-2.06799743552285,-1.7357736795809038,nan,nan,nan,nan,nan,nan,nan,nan,nan,nan,nan,nan
ni_n87,87,0,exact,28,1,0.21444449227659956,1.4758552378820389,0.4065767051091539,0.6021433940601222,0.8275862068965517,-2.4931765096985625,-2.254007773442511,0.6888033291048492,0.23991007313916574,-0.00719956894050273,0.3953717174307406,-3.875208160781667,-0.6311157871659745,-1.4759956697694954,-1.6337012490579002,nan,nan,nan,nan,nan,nan,nan,nan,nan,nan,nan,nan
ni_n87,87,0,exact,29,1,0.24815384308984162,1.7565514756177558,0.23851325219534592,0.585224435134915,0.8620689655172413,-2.2849443365726008,-1.884307849614217,0.5601073479838755,0.19970159626601794,0.07408159785299948,-0.1917619437529675,-3.9361819850680764,-0.3617945811310629,-2.2335387072013733,-1.6150179605373696,nan,nan,nan,nan,nan,nan,nan,nan,nan,nan,nan,nan
ni_n87,87,0,exact,30,1,0.20629409674690058,1.8635772650945326,0.3821662849742469,0.6323108230872637,0.8850574712643678,-2.448283738956928,-2.9456359911205054,0.8204579486868901,0.08888861668080941,0.17153638155053694,-0.25402292846672897,-5.051618318292035,-0.8238943554877658,-1.2254850452401842,-1.8961808966355156,nan,nan,nan,nan,nan,nan,nan,nan,nan,nan,nan,nan
ni_n87,87,0,exact,31,1,0.1655944021196583,2.24649232161177,1.0096232780504741,0.6284650483465577,0.8850574712643678,-2.592905059697093,-3.06923067722263,0.938676352167792,0.08143643363895826,0.20995602151114437,-0.1848551780856372,-4.580354930566822,-1.3107551708620204,-1.104089451605839,-1.9173480138340606,nan,nan,nan,nan,nan,nan,nan,nan,nan,nan,nan,nan
ni_n87,87,0,exact,32,1,0.18854112702468295,2.877009884295849,0.3367753183796589,0.6559933944038983,0.9540229885057471,-2.3941847328373953,-2.266377926606373,0.5980364658054739,0.1402217033177962,-0.28445256422891024,-0.8559629719277636,-4.374560009927229,-0.43486123166456714,-1.7043328653548702,-1.7862514537119296,nan,nan,nan,nan,nan,nan,nan,nan,nan,nan,nan,nan
ni_n87,87,0,exact,33,1,0.21677183643003098,1.6925428314137476,0.5466530907676166,0.5767217546316125,0.8275862068965517,-2.301894255525674,-2.6368470884069977,0.6685668152520481,0.18486056325982964,0.4548229984568431,-0.03615047103934424,-4.657371917122474,-0.06924877164592973,-1.4664596463950739,-1.6021959195276358,nan,nan,nan,nan,nan,nan,nan,nan,nan,nan,nan,nan
ni_n87,87,0,exact,34,1,0.20039047138043645,2.6363963702133315,0.7203231758884594,0.6127600160842388,0.9195402298850575,-2.377158954036102,-2.094128243106202,0.5617093618633371,0.1854398886531148,-0.15014023182136402,-0.05427143153786501,-4.075367871532679,-0.3451229739075652,-2.3851266301054617,-1.721860202849798,nan,nan,nan,nan,nan,nan,nan,nan,nan,nan,nan,nan
ni_n87,87,0,exact,35,1,0.1697337763186344,1.7428752148691327,0.9355241621571647,0.5935194263295435,0.8275862068965517,-2.0313862094173034,-2.510031153001521,0.8988182300374359,0.13025895366121282,0.1635807870231349,-0.0018625575182961906,-4.668293430728557,-0.2283076362721581,-2.2476214664899046,-1.8727688153483035,nan,nan,nan,nan,nan,nan,nan,nan,nan,nan,nan,nan
ni_n87,87,0,exact,36,1,0.1891047025411494,2.0827375694142902,0.8792525885764358,0.5842712880313456,0.8505747126436781,-1.7824307052125432,-2.6121442253832314,0.888060007644285,0.19101875085972572,0.2164685746492859,-0.21586015971913378,-4.951364564038834,-0.30872445731205167,-1.7715456891017078,-1.900705370897277,nan,nan,nan,nan,nan,nan,nan,nan,nan,nan,nan,nan
ni_n87,87,0,exact,37,1,0.18322950949412534,1.924205148031811,0.5394509551924217,0.64181660775694,0.8850574712643678,-2.3051400991470996,-2.133409015406571,0.566755619633891,0.21009691501354213,-0.09345281398328523,-0.19338774372894507,-3.8162653087029375,-0.5319216844525241,-0.9993552528767153,-1.5605009458231915,nan,nan,nan,nan,nan,nan,nan,nan,nan,nan,nan,nan
ni_n87,87,0,exact,38,1,0.18703012922214804,2.0637695847338033,0.6594191836100108,0.6186393364589,0.8850574712643678,-2.20177375494017,-1.8550041589461623,0.5436339858246776,0.20225903668039316,0.21263254174330032,-0.09245302285001897,-5.1829888892517335,-0.20809412183356846,-1.7859094923022873,-2.0583322895468465,nan,nan,nan,nan,nan,nan,nan,nan,nan,nan,nan,nan
ni_n87,87,0,exact,39,1,0.1946995751959649,1.6885693690708465,0.7741926417084292,0.586052922216456,0.8275862068965517,-2.5730156464644236,-2.7049410949046147,0.7187778234681673,0.13030139757568665,0.3953801193080603,0.17999672859826304,-4.42366027084233,-0.5757713297486314,-2.1572211643174013,-1.8604831287216488,nan,nan,nan,nan,nan,nan,nan,nan,nan,nan,nan,nan
ni_n87,87,0,threshold,0,1,0.28470907050802524,3.738962262955825,1.0324732802490373,0.4362178213849907,0.8850574712643678,-2.0221720752693972,-2.719427585680014,0.9095368243745838,0.20443800903235315,-0.14038639873858125,-0.1103730007622382,nan,nan,nan,nan,nan,nan,nan,nan,nan,nan,nan,nan,nan,nan,0.11620473479721616,nan
ni_n87,87,0,threshold,1,1,0.3000103535252964,3.5485384598550187,0.7917701727108409,0.4322444728074036,0.896551724137931,-2.2134559649022947,-2.7807130618807934,0.9326697414750804,0.20380824755591279,-0.06616787384001363,-0.03088240575933082,nan,nan,nan,nan,nan,nan,nan,nan,nan,nan,nan,nan,nan,nan,0.11446154991931809,nan
ni_n87,87,0,threshold,2,1,0.2424198595300882,9.587454856814297,3.7321842772462808,0.4532080487065482,0.8735632183908046,-2.5228219883210845,-3.01511159809692,0.9405242479704544,0.15347208635593176,0.4058822832284842,-0.21827453565888666,nan,nan,nan,nan,nan,nan,nan,nan,nan,nan,nan,nan,nan,nan,-0.00023707662404022422,nan
ni_n87,87,0,threshold,3,1,0.2799954790464411,2.9893478123750152,0.6124184172054327,0.41762160119252445,0.8620689655172413,-2.006131859175468,-2.7735267951165614,1.0565561361996263,0.21587702111824814,0.10423262708384311,-0.06341767372331115,nan,nan,nan,nan,nan,nan,nan,nan,nan,nan,nan,nan,nan,nan,0.1948212168215841,nan
ni_n87,87,0,threshold,4,1,0.2742231100583429,4.071219935283004,0.860914608467306,0.44052160091725556,0.896551724137931,-1.5440642303735894,-3.362283395124913,1.1937024053072949,0.1231152306580946,0.15721177610847098,-0.12506841178703948,nan,nan,nan,nan,nan,nan,nan,nan,nan,nan,nan,nan,nan,nan,0.19503511655366723,nan
ni_n87,87,0,threshold,5,1,0.27098659379492007,3.9321375523559463,0.7552555280128449,0.4457360516393878,0.896551724137931,-1.968322450235765,-3.295961172511376,1.2558016635012021,0.0973093784591066,0.00784759847185831,-0.09746183735467288,nan,nan,nan,nan,nan,nan,nan,nan,nan,nan,nan,nan,nan,nan,0.0328510922017854,nan
ni_n87,87,0,threshold,6,1,0.2338190468870555,2.9868548128320116,0.8714900377198984,0.423667037221567,0.8045977011494253,-1.9939332759487784,-2.7463766235752027,0.971235347347522,0.14944681184899347,0.03760427238347157,-0.14133951567372874,nan,nan,nan,nan,nan,nan,nan,nan,nan,nan,nan,nan,nan,nan,-0.006314047049585649,nan
ni_n87,87,0,threshold,7,1,0.25179235169134684,2.3317197427065524,0.39397019557984325,0.4305124313957166,0.8275862068965517,-2.493212553101411,-3.441827567221332,1.1693428860790918,0.20101319439186083,0.4218331361664293,-0.031448882942383884,nan,nan,nan,nan,nan,nan,nan,nan,nan,nan,nan,nan,nan,nan,0.1677719577320246,nan
ni_n87,87,0,threshold,8,1,0.29853877919739724,2.9657470625615625,0.712777821518843,0.3638950190020834,0.7931034482758621,-1.809480484046137,-2.873821668281312,1.3103294842511666,0.23510859968221812,0.3052469633541114,0.46209529049011344,nan,nan,nan,nan,nan,nan,nan,nan,nan,nan,nan,nan,nan,nan,0.126484723441603,nan
ni_n87,87,0,threshold,9,1,0.2636589529947044,2.6233870246012465,0.6509093166470884,0.44510119901380407,0.8620689655172413,-1.8968059414354972,-3.111034946973584,1.0353651852778476,0.17812940103300548,-0.04593367520899821,-0.5707008888994483,nan,nan,nan,nan,nan,nan,nan,nan,nan,nan,nan,nan,nan,nan,0.13987001157601436,nan
ni_n87,87,0,threshold,10,1,0.2854234571152194,4.531560624546989,0.9203408805740722,0.4500568145508105,0.9310344827586207,-2.0283911233088645,-2.6326821121509902,0.7972784965149167,0.26472674545557606,-0.09597492479770126,-0.372174287177701,nan,nan,nan,nan,nan,nan,nan,nan,nan,nan,nan,nan,nan,nan,0.27623124430258084,nan
ni_n87,87,0,threshold,11,1,0.2219716538314052,2.6578898321984443,0.3939729928184114,0.4768406448287353,0.8735632183908046,-1.9755973435388503,-3.7103425318987315,1.3400146914230986,0.19698477175550944,-0.06394735504387444,0.18702919905463217,nan,nan,nan,nan,nan,nan,nan,nan,nan,nan,nan,nan,nan,nan,0.16218003510960882,nan
ni_n87,87,0,threshold,12,1,0.2768390171175769,2.446470526074141,0.3085676038613389,0.39788321439511976,0.8275862068965517,-2.0093940096928633,-3.244936908445258,1.1644333695977638,0.16072848512790455,0.1004935992380723,0.4071460745481125,nan,nan,nan,nan,nan,nan,nan,nan,nan,nan,nan,nan,nan,nan,0.11631414203496604,nan
ni_n87,87,0,threshold,13,1,0.23271071594126583,2.2547827355282446,0.44313881559960494,0.4711646605033025,0.8505747126436781,-2.217744302369831,-2.729915799400659,0.8744532019729007,0.10516677456345484,-0.22065490685145892,-0.37812502276535737,nan,nan,nan,nan,nan,nan,nan,nan,nan,nan,nan,nan,nan,nan,0.061791903029345265,nan
ni_n87,87,0,threshold,14,1,0.24097486334927887,3.3914355142457207,0.6519355824497542,0.45721892632184913,0.8735632183908046,-2.0199018986964776,-3.089675866371292,1.0808720599583226,0.11371701296112185,-0.03386218192720085,-0.20288577993646126,nan,nan,nan,nan,nan,nan,nan,nan,nan,nan,nan,nan,nan,nan,0.015832848985483684,nan
ni_n87,87,0,threshold,15,1,0.21201056448761008,3.553125831670367,1.0774111719360562,0.47519288471203963,0.8505747126436781,-1.7441974577743204,-2.397169495614503,0.5718358780551002,0.20002019786498473,0.021136846238870265,-0.21053555346228556,nan,nan,nan,nan,nan,nan,nan,nan,nan,nan,nan,nan,nan,nan,0.17817755255299933,nan
ni_n87,87,0,threshold,16,1,0.28521460892266914,3.376579813812332,0.6855018151905599,0.448510079693661,0.896551724137931,-1.956909777635524,-2.7299581097670864,0.8907739836276902,0.14046087094067208,-0.045883260893260024,-0.11061942684745536,nan,nan,nan,nan,nan,nan,nan,nan,nan,nan,nan,nan,nan,nan,0.26390960249849904,nan
ni_n87,87,0,threshold,17,1,0.31443778367709146,3.898119668850002,0.6092864651819991,0.38317730646046444,0.8620689655172413,-1.9912663680222102,-2.7283591938004843,1.1751747785074695,0.2290658455797013,0.1788186009644252,0.3570729347671267,nan,nan,nan,nan,nan,nan,nan,nan,nan,nan,nan,nan,nan,nan,0.0975467061804237,nan
ni_n87,87,0,threshold,18,1,0.2047879844211653,3.578186205662184,1.2940585525897335,0.4589424408356857,0.8160919540229885,-2.2412466157612743,-2.844019999291152,0.6859987079088106,0.21757871410508461,0.07036737197471997,-0.03606330975887956,nan,nan,nan,nan,nan,nan,nan,nan,nan,nan,nan,nan,nan,nan,0.07485919126805775,nan
ni_n87,87,0,threshold,19,1,0.24712995596638457,3.6056759983037927,0.9783489407931536,0.4713111930687512,0.896551724137931,-2.364577304094326,-3.5343265900676526,1.1737175907294786,0.15630165808670846,0.35159928872570373,-0.026074397931106053,nan,nan,nan,nan,nan,nan,nan,nan,nan,nan,nan,nan,nan,nan,0.12189291201611124,nan
ni_n87,87,0,threshold,20,1,0.2190345409588999,3.617609667325038,1.0612759406077503,0.4747238224002297,0.8620689655172413,-2.4864919355682447,-3.1441484071149675,1.0101400756451138,0.07816065243183247,0.4026500517766725,-0.04775464923325752,nan,nan,nan,nan,nan,nan,nan,nan,nan,nan,nan,nan,nan,nan,-0.0627602736635918,nan
ni_n87,87,0,threshold,21,1,0.26143853451621646,2.553130789386333,0.46470797201196545,0.4169823359142598,0.8275862068965517,-2.270531630159765,-2.7781310689296568,1.0886883986262033,0.2134007800474287,0.08909604144315832,-0.07751825241886608,nan,nan,nan,nan,nan,nan,nan,nan,nan,nan,nan,nan,nan,nan,0.10289902622120783,nan
ni_n87,87,0,threshold,22,1,0.2285736285322784,2.3718486696595007,0.45905644506043897,0.4341414396265638,0.8045977011494253,-1.7858059613340762,-3.1157190318371812,1.234457366998719,0.13208740160603416,0.21767668179911048,-0.17943197283335122,nan,nan,nan,nan,nan,nan,nan,nan,nan,nan,nan,nan,nan,nan,-0.07358072663621786,nan
ni_n87,87,0,threshold,23,1,0.30203931478242263,3.2681002423475003,0.804527536779949,0.406936750824775,0.8850574712643678,-1.7072704344591376,-3.343374461374379,1.2686207409316326,0.2095777479588576,0.12580738342458697,-0.2567289967011585,nan,nan,nan,nan,nan,nan,nan,nan,nan,nan,nan,nan,nan,nan,0.25125764900404834,nan
ni_n87,87,0,threshold,24,1,0.2534529972669449,2.3228915274383213,0.6796555655360612,0.40822656556071163,0.7931034482758621,-1.4962790015843799,-3.254461040721135,1.0938251251544167,0.2392642633652333,0.16455456340852245,-0.06903428829216973,nan,nan,nan,nan,nan,nan,nan,nan,nan,nan,nan,nan,nan,nan,0.2687902139330356,nan
ni_n87,87,0,threshold,25,1,0.24447827818233545,2.8224541793592492,0.6749578362807291,0.4772088101696618,0.8735632183908046,-2.2568090149386086,-3.355941435704402,0.9683008232987068,0.092902926617752,0.1460520325342829,-0.0823279463910213,nan,nan,nan,nan,nan,nan,nan,nan,nan,nan,nan,nan,nan,nan,0.21530562552804883,nan
ni_n87,87,0,threshold,26,1,0.27870104404204044,4.626030612280391,1.6059032062460419,0.4382568846999637,0.896551724137931,-1.801827984973696,-3.406830341885479,1.1414386277572182,0.26646282021723616,-0.018351118714715047,-0.6742921896688945,nan,nan,nan,nan,nan,nan,nan,nan,nan,nan,nan,nan,nan,nan,0.19248493557797589,nan
ni_n87,87,0,threshold,27,1,0.25100600738599105,4.905354891524835,1.3274602407700908,0.46897186468309787,0.896551724137931,-2.099021791621535,-2.4547233871834524,0.7387894716379302,0.16177243805277725,0.0439763875455517,-0.3875454682974549,nan,nan,nan,nan,nan,nan,nan,nan,nan,nan,nan,nan,nan,nan,0.03512191158939206,nan
ni_n87,87,0,threshold,28,1,0.20657669738481893,3.4163517830020127,0.8732273502646715,0.5139468505499746,0.896551724137931,-2.4413385802261076,-3.2379082361287193,1.0105582057314364,0.05324565039690961,0.2815591265506614,-0.09434285217914105,nan,nan,nan,nan,nan,nan,nan,nan,nan,nan,nan,nan,nan,nan,0.042846826840113664,nan
ni_n87,87,0,threshold,29,1,0.26007438496232105,2.984607665842957,0.7394951316600666,0.4104302078305074,0.8275862068965517,-1.785063948292502,-3.3744053325266776,1.0858685607638112,0.2454256878264374,-0.011943515937818412,0.16091295139740633,nan,nan,nan,nan,nan,nan,nan,nan,nan,nan,nan,nan,nan,nan,0.12785845384078903,nan
ni_n87,87,0,threshold,30,1,0.2625374774455333,3.1635133640311737,1.1436083048542847,0.41479154051650297,0.8275862068965517,-1.7533391523861757,-3.319906661913274,1.2938686033874298,0.17573853184261506,0.1230403569813021,0.013833389617985312,nan,nan,nan,nan,nan,nan,nan,nan,nan,nan,nan,nan,nan,nan,0.21187044059261398,nan
ni_n87,87,0,threshold,31,1,0.3137623730852037,3.3764730631053332,0.44372723142088605,0.4122422308281351,0.896551724137931,-2.54836054918423,-3.386897421656265,1.1975515531530432,0.13776779958869095,0.4933975523469932,0.22446826269483972,nan,nan,nan,nan,nan,nan,nan,nan,nan,nan,nan,nan,nan,nan,0.11215277259760369,nan
ni_n87,87,0,threshold,32,1,0.23154537679295423,3.8691979942143795,1.2953661848222915,0.45798235466269566,0.8620689655172413,-1.8554044585043734,-2.6413186295287816,0.785437016874681,0.20975959552581377,0.047783701743158595,-0.16552048855417772,nan,nan,nan,nan,nan,nan,nan,nan,nan,nan,nan,nan,nan,nan,0.21687711354339687,nan
ni_n87,87,0,threshold,33,1,0.25717778158418264,3.225348382810315,0.5890175994421453,0.4684021297162743,0.896551724137931,-1.731258421452745,-3.4657886911926017,1.1501328941282907,0.1645985420180315,-0.02002128667941573,-0.039135813402756424,nan,nan,nan,nan,nan,nan,nan,nan,nan,nan,nan,nan,nan,nan,0.09091780998563712,nan
ni_n87,87,0,threshold,34,1,0.23681529705450519,2.803571455975231,0.8598323872797721,0.44461745233861555,0.8390804597701149,-2.1404138357618576,-3.5936808749895173,1.1639809449123366,0.20587063225951605,0.2673813942578434,-0.20864436721576787,nan,nan,nan,nan,nan,nan,nan,nan,nan,nan,nan,nan,nan,nan,0.18497231745618523,nan
ni_n87,87,0,threshold,35,1,0.23491609497523652,2.4822768319786905,0.6104362453394498,0.48155559776435186,0.8620689655172413,-2.102114571312536,-2.5302892137686643,0.7184156332919003,0.14362581351071257,-0.09955328695497423,-0.3220874145910113,nan,nan,nan,nan,nan,nan,nan,nan,nan,nan,nan,nan,nan,nan,0.15010094641027202,nan
ni_n87,87,0,threshold,36,1,0.24460492872991968,2.5350843914149768,0.7549514844162729,0.43736199304653905,0.8275862068965517,-1.6450900868927543,-2.81329101866399,0.842136412981898,0.2595880407670841,0.08141034446013809,-0.08514504473218801,nan,nan,nan,nan,nan,nan,nan,nan,nan,nan,nan,nan,nan,nan,0.2965418516622403,nan
ni_n87,87,0,threshold,37,1,0.2366667655190841,3.236003229902305,0.9214261774945139,0.4503002634766202,0.8505747126436781,-2.57560447168536,-2.9596844969532095,0.9385293156767817,0.11868594849480874,0.42001126671990346,-0.017676807147937106,nan,nan,nan,nan,nan,nan,nan,nan,nan,nan,nan,nan,nan,nan,-0.0015696331875509392,nan
ni_n87,87,0,threshold,38,1,0.2832248103562329,4.210100687284253,0.8578809812668037,0.41596497038396196,0.8620689655172413,-1.6143628125265164,-2.867375630157092,1.0502046303767147,0.23293751152625938,0.2798234138170597,0.018781077884540264,nan,nan,nan,nan,nan,nan,nan,nan,nan,nan,nan,nan,nan,nan,0.1870675918723388,nan
ni_n87,87,0,threshold,39,1,0.225841361075046,2.51092151538832,0.6653273006834592,0.4798511464816267,0.8505747126436781,-2.5521761687427156,-2.8533624710236993,0.8353077615837732,0.175404081306081,0.4975040528420041,0.14641662282074142,nan,nan,nan,nan,nan,nan,nan,nan,nan,nan,nan,nan,nan,nan,0.008766063012841522,nan
ni_n150,150,0,floor,0,1,0.1939446568010316,1.9490318169662246,0.6923903373139848,0.6086372434560818,0.8733333333333333,-1.9722934972019606,-3.3180430813656896,-0.0902889442401711,0.5476750312691697,0.20628674597059707,0.7767788663100802,-3.618012718326415,-0.4649423649902406,-1.7339442323198353,-1.3482622236383568,0.16733345883110037,0.3774769965235226,0.2094481265675392,0.03322699973264411,0.08615767589097643,0.06405831486191302,0.6748166699440695,0.4032623557281267,0.5942540592046699,0.1752127439401077,nan,nan
ni_n150,150,0,floor,1,1,0.1954703879799526,2.259953210988809,0.6597703993827491,0.630631519774144,0.9066666666666666,-2.2776351598829976,-3.446158736959138,0.22199301092701743,0.5620028046140678,0.24582384873918403,0.7417030531736185,-5.385095947369809,0.18264788765264972,-2.289455645335591,-1.848213361328366,0.15964222352827356,0.35311762635603994,0.18653345432085933,0.031563524505873276,0.07372460493364597,0.05624590492982007,0.9529290538118965,0.41005557909384016,0.6305562561195549,0.25036691680551226,nan,nan
ni_n150,150,0,floor,2,1,0.1857583540463848,2.079870748009627,0.8194195145461922,0.6114154255123492,0.8666666666666667,-2.3326279329987982,-3.474843195962553,0.35594332921438376,0.5425762738744834,0.2529170216450288,0.7009013999118588,-5.036506617065181,-0.5272673790965975,-2.309981719751472,-1.8309138770546154,0.1595344036204475,0.3551617286784027,0.1915779664526043,0.03244383569308401,0.08602009603645848,0.058729757968541574,0.8461692702015655,0.4063837775719938,0.6368350956620996,0.22417668920805275,nan,nan
ni_n150,150,0,floor,3,1,0.18730688770681123,1.8307366784544594,1.0001147827968744,0.5566881689938624,0.8066666666666666,-2.2647762400504585,-2.352335939442045,-0.2542934002281523,0.5405210323672438,0.31736710250781913,0.9000021316564031,-4.136695039150586,-0.13224034054990855,-2.331399587131193,-1.497400687357483,0.17113872704519298,0.3843942689112383,0.20155250381778797,0.03209405625150126,0.07959302024719815,0.060197013107503076,0.7555971400642872,0.3706863886441659,0.5969328726366244,0.2009402082770266,nan,nan
ni_n150,150,0,floor,4,1,0.23269003358822127,1.6821786307230853,0.5285820429781454,0.5761011212773337,0.8466666666666667,-2.1724217403082116,-2.1474347400549694,-0.09072378008120631,0.5520194872738617,0.4502893563329786,0.745230043516287,-3.272898586483693,-0.21065451425376172,-2.298863610537352,-1.27777601760869,0.1700484919440088,0.3436852568629854,0.1793068610696655,0.030288177587359896,0.08261890824917709,0.05900616541750986,0.5982040631148935,0.31158441991310315,0.5435708272293998,0.14957984238262714,nan,nan
ni_n150,150,0,floor,5,1,0.19511643577032914,1.773973490207698,0.8547595341417488,0.5811109013857424,0.8333333333333334,-2.0711383040613516,-2.7489233194473175,-0.0171818863704505,0.5759179160285843,0.19039106075739057,0.7912174692997718,-4.16735493714725,-0.7648066555080619,-1.7520390093238103,-1.6252257396435255,0.1740978252681991,0.3810322732607231,0.20874034184979592,0.031390657238073716,0.09542754861789667,0.07306047601760522,0.7538651913111534,0.41464593123551935,0.5939897322780815,0.21097742944461026,nan,nan
ni_n150,150,0,floor,6,1,0.2228712953104601,1.5986781514656034,0.5797536790672901,0.5683172347661783,0.8266666666666667,-2.2461117789205747,-2.339279960575842,-0.02286151247756282,0.5340431220929412,0.06827684046897521,0.6393994156518226,-4.689490254515037,-0.4325074680468177,-1.9804240635283603,-1.6794407904177653,0.1591902810281249,0.3361844162522581,0.19277648856328042,0.029708201628529683,0.092742734982529,0.06739149447251656,0.8295337653812556,0.37095798270156327,0.5780787029894945,0.22983728837973816,nan,nan
ni_n150,150,0,floor,7,1,0.21307665543828028,2.065700305064668,0.7054193100837276,0.592528575096054,0.88,-2.314350015296513,-2.931946289978256,0.1846599028003088,0.5445604315033055,0.34497214697391326,0.680479820220912,-3.1193669780980438,-0.6013553050913854,-2.3670815737383055,-1.2428933036825023,0.1844231550751866,0.38597912336303136,0.20628207728669737,0.032268658758455464,0.10604203342231679,0.05509766767435968,0.6233600635758865,0.3429049720804665,0.5208791196896806,0.1600033493748852,nan,nan
ni_n150,150,0,floor,8,1,0.20449877984678405,1.9346776100489707,0.7498054681221901,0.5911579155803964,0.8666666666666667,-2.4008263088417143,-2.8324038240450826,0.03486064413330699,0.544891986207461,0.15593466383746088,0.5825373471516551,-4.096335582125902,-0.7054346518963399,-2.524115267064763,-1.580845650133962,0.17851045082103914,0.3645283901113294,0.2073675203873721,0.03260480687064616,0.11972428038608708,0.06852136526848468,0.7835643290880286,0.4152768794983266,0.56777322128974,0.21498376742656566,nan,nan
ni_n150,150,0,floor,9,1,0.21005888084823232,2.227032703370041,0.5830034660523279,0.6058913030323236,0.9,-2.0774798718578964,-3.5069815918195046,0.26826109034051027,0.6177011360293896,0.2606342858694111,0.658499409831954,-3.452733945390494,-0.5521988923712153,-2.2812820842103942,-1.3739812376184317,0.17472336550492898,0.37065647062249124,0.20541532037429985,0.03251366609443931,0.09699161840938998,0.07432909263948834,0.689666595097198,0.40445711499631953,0.5852536043689979,0.18359407224026378,nan,nan
ni_n150,150,0,floor,10,1,0.17896610749346625,2.3606923291924202,1.0810151639043315,0.6053270632846305,0.88,-2.575810115777501,-2.2596250526057204,-0.08137013054867775,0.5495635110024943,0.2586330116143781,0.7811425710745482,-4.694295059544012,-0.2892238633810596,-1.7002637725581107,-1.6827963689607077,0.16863358404380865,0.3607374146874106,0.18079951780409123,0.030614405234287236,0.06271052700363867,0.0717834558999027,0.8405493434313018,0.3765643633226281,0.6021828972696972,0.2172323501082747,nan,nan
ni_n150,150,0,floor,11,1,0.18855743482846996,2.000263515555235,0.6854892686214028,0.6240526915156975,0.88,-2.165070781326066,-3.3930313309967244,0.6733421829698152,0.5982803939260666,0.27256893411661054,0.7295963953820107,-5.174173812601627,-0.6621924028744002,-1.1462448501632958,-1.8256737979527646,0.17051686261328827,0.36826937045656766,0.1902899463244889,0.030782930498618386,0.08205810796363402,0.04953443335545361,0.8650078822713173,0.3704373544577321,0.5972456235480988,0.23569043193601502,nan,nan
ni_n150,150,0,floor,12,1,0.19619918254450033,2.737134785990992,1.2540077339439486,0.5651558645376864,0.8666666666666667,-2.067807589819045,-2.5644508655522396,-0.01389035974335363,0.554535277232275,0.25922672020748716,0.6422740843766042,-3.6942428172553656,-0.4470861628872106,-2.3472936916027956,-1.4560538682040187,0.16419723243679346,0.35690493803866596,0.1891820756637404,0.03075192748015907,0.07061168589612053,0.05334403188953548,0.6879616577656409,0.346683845552808,0.5162228980101944,0.18928274602381656,nan,nan
ni_n150,150,0,floor,13,1,0.17558183049483445,2.041034967692112,1.0378407910196534,0.5980470269913244,0.8466666666666667,-2.3065372876698516,-3.127572630710933,0.3438373123773452,0.5094394199969102,0.2904654920312095,0.6806364386011887,-5.822123115924635,-0.1268412773178693,-1.6117347640938398,-1.9238318424934846,0.159800087597809,0.3458252206745178,0.18522810920770266,0.031244285927170563,0.06957736671858583,0.05102906689393967,0.9036789861585981,0.42283361961624943,0.6118436541820752,0.23803488135653147,nan,nan
ni_n150,150,0,floor,14,1,0.17635453258876854,2.6584878253281214,1.1480964682761894,0.6121080512597586,0.8933333333333333,-2.4009895575169518,-2.7684434906916775,0.13164617988800756,0.579369591470217,0.3953514827956986,0.7058934676185977,-4.815789696649136,-0.4142155521292462,-2.0778212471987323,-1.8051850156922178,0.16600941859357238,0.34842781579922344,0.18653090235094408,0.031487239626975486,0.06742235698240322,0.07328547003210636,0.833208867118213,0.3874530602492313,0.5957824737172109,0.22576899507143003,nan,nan
ni_n150,150,0,floor,15,1,0.19495272158942636,1.9790729497595607,0.46907534263324707,0.6355105790166,0.8933333333333333,-2.5299204540076317,-2.3436777624090213,0.012549300407743842,0.5492116789818279,0.31276507185125463,0.7577346198665611,-5.363858722157772,0.13478953672261715,-1.379716718805193,-1.7725559409962228,0.1622135897312126,0.34302354739234797,0.187105462170047,0.0319826639363186,0.06537725643429863,0.05774093864549999,0.9211977436411976,0.4289665272826159,0.6122624434968535,0.2285394632370507,nan,nan
ni_n150,150,0,floor,16,1,0.1670909860617436,1.8479926508293802,1.155306391872162,0.5980417856352371,0.8266666666666667,-2.2947323406431277,-3.5568955311724215,0.4334406702252912,0.509081004710039,0.21761223902667454,0.7156621029534963,-5.4910745693980125,-0.49763117126216055,-1.9676858136571047,-1.8866221000911256,0.15311238807042876,0.33597639724710054,0.18112326925003527,0.03202457092720334,0.06246533251832337,0.05200883469109052,0.8895304032970452,0.4227700762807244,0.6203188972436889,0.23339980960998716,nan,nan
ni_n150,150,0,floor,17,1,0.2114751237738037,1.941066098920402,0.5018192473877444,0.61180185229334,0.88,-2.033424240096749,-2.9970172050853896,0.4504087935277897,0.549719104021745,0.16392608891525776,0.46222153410550826,-4.615244349256972,-0.26628515923021323,-1.455057125258933,-1.6373830158916745,0.1614907544953563,0.342367950800031,0.18253229137244564,0.030206765176381357,0.08620731018709994,0.06407965335478402,0.8258874812059361,0.392927342674208,0.5858249515686046,0.23066480384655372,nan,nan
ni_n150,150,0,floor,18,1,0.18328997073732206,2.268167997928743,1.0321830588235907,0.6095176371197621,0.8866666666666667,-2.4121248611664483,-2.9897548137118086,0.10824007674623083,0.5486297802189839,0.25322104207539553,0.5602374883922013,-4.8156978756691355,-0.4360182418787668,-2.62723681310248,-1.8285130134741574,0.15672907609143188,0.3522345308665143,0.18038575628865258,0.031474043212766145,0.06837570949588054,0.06138770059403697,1.003617497026616,0.35846109592689523,0.6209505409429606,0.2765537487340741,nan,nan
ni_n150,150,0,floor,19,1,0.19712602312861724,1.8738093362261032,0.7565828097739048,0.5923228408908349,0.84,-2.2624560433737293,-3.3272406771591276,0.1420157016843906,0.5408551160454177,0.15983083650478697,0.8469690677493391,-3.9418158504370213,-0.4708430845273335,-1.7820700797089026,-1.4412531574662686,0.16409525614438486,0.36117845843018576,0.1886111373947092,0.031216927294969655,0.12855317530135324,0.04495389189283534,0.7655216998285058,0.36520724708416125,0.6067055060762964,0.19480433762473834,nan,nan
ni_n150,150,0,floor,20,1,0.20604418472675776,2.01854491220589,0.7925012676264795,0.591761019646883,0.8733333333333333,-2.1270790862647186,-3.243262749811591,0.4591261684844292,0.5952172366846067,0.1415576662419887,0.8703177111891618,-3.187011351436359,-0.4455211182360049,-2.7277101873792935,-1.3790667975472415,0.171140324800673,0.3642961039548347,0.18069501967581322,0.02977956504807963,0.1100370149031652,0.06977078944972377,0.6828996586071955,0.32094548512424265,0.5639025924060833,0.19763598108622638,nan,nan
ni_n150,150,0,floor,21,1,0.17942888938803375,2.124992218462284,1.0697087917625105,0.5928190764846483,0.86,-2.2977300263276006,-2.5296607292061575,0.1038852794275725,0.611098574413766,0.3730901717042281,0.8740575021074876,-3.744745918541968,-0.5379997295106405,-2.2011023999317976,-1.4670650847426805,0.17262932704408918,0.3704744484883228,0.19824720498694784,0.03138880281493088,0.06365526111115516,0.05649633123512977,0.70450379809007,0.39776227569816763,0.5780100830355094,0.1767149890674493,nan,nan
ni_n150,150,0,floor,22,1,0.2218555837913731,1.6119924720833343,0.6648164291413603,0.565763427491848,0.8266666666666667,-2.343320008356003,-2.821280683743185,0.19058066297165632,0.596881221543672,0.30686419262622916,0.6810367760853098,-4.459013710085059,-0.24845881189519972,-1.8214261812118355,-1.5888539112173403,0.18900646015928094,0.3544179842355976,0.19782299440268894,0.030797588750225105,0.07376959209215965,0.09054115492444166,0.7852619304006995,0.39243414027518086,0.6018385137424341,0.20174922268262194,nan,nan
ni_n150,150,0,floor,23,1,0.19359550794873026,1.687905387937941,0.7310768993333282,0.6030535307520828,0.8466666666666667,-2.091042292105402,-3.1878432648676305,0.21416880378604766,0.545284257883697,0.21758175547626224,0.7761609666070614,-4.330670297754997,-0.5636002473113949,-1.6384398568700393,-1.6638224207603096,0.16053057293269837,0.34544130196122885,0.17850019050681157,0.02994304793108009,0.06576904979793825,0.057271387062785444,0.7328868398542616,0.4097981834517528,0.6007165702651932,0.19668812080157705,nan,nan
ni_n150,150,0,floor,24,1,0.1843797045411452,2.119830983059038,0.7519378781666947,0.6325147338994981,0.8933333333333333,-2.2826269367880068,-3.1124451185235094,0.4278528416961888,0.603967106169481,0.3723650188166767,0.9046388127046635,-3.959179038816453,-0.14194853312680583,-1.793973857930326,-1.4610057180872,0.18165847210365854,0.3893575292586101,0.21917872438704006,0.033736576941480675,0.07700587173905671,0.05348780043691336,0.7877617602532702,0.40871707312537764,0.5795619272077713,0.20119517067099907,nan,nan
ni_n150,150,0,floor,25,1,0.19019516496687236,2.075564169136551,0.9272201902388738,0.5957075752187629,0.86,-2.3996340950271953,-2.854339707779135,0.05303323174598539,0.5868079131365833,0.3505554070452025,0.8574581892995006,-4.279107701601168,-0.11471757860294525,-2.218778164011446,-1.5760029056889677,0.1729604545065509,0.3694445834021471,0.19150000635731063,0.03027315966955761,0.07093622643197645,0.05769724405147323,0.7566884083399902,0.37227608101040066,0.5976817426102828,0.19470375958570624,nan,nan
ni_n150,150,0,floor,26,1,0.17500532699162633,2.14648728508907,1.2202417764813769,0.5692569737949799,0.8266666666666667,-2.1326677931215228,-2.852216861409349,0.35653446547755535,0.5292839959852039,0.3345993799493436,0.5696564460453346,-4.4902341380686375,-0.19306620073566533,-2.1344868290856644,-1.6538483128011197,0.16667399276647518,0.3439916844301691,0.17854626941220067,0.030174528404474238,0.08721430976111273,0.07191420881937377,0.765726466087093,0.39710684237375926,0.5753093880157318,0.20483880490950127,nan,nan
ni_n150,150,0,floor,27,1,0.20029387378787378,1.9816494758380976,0.7596286546991563,0.592463516563701,0.8666666666666667,-1.9902846284124653,-2.8799919837039707,0.33707789867658083,0.5454865910211955,0.2327387567308211,0.8122236746660012,-4.103997920335433,-0.3904776361184932,-1.280664220231984,-1.5079106974697678,0.1699936152868282,0.35203386876490905,0.19501468123810048,0.029593485919874582,0.07512828415746445,0.052363362822963604,0.7242174133761832,0.35867651198357814,0.5817208830088314,0.19386635391894352,nan,nan
ni_n150,150,0,floor,28,1,0.2000203805900963,2.9314537515605994,1.0805397382386788,0.6069494597066335,0.9266666666666666,-2.6894317585573915,-2.1620568892265606,-0.18256821296861825,0.6680182152894774,0.37302223970753307,0.5492104672778728,-3.9221440722380927,-0.7253520217175087,-1.2128999265903333,-1.4487821072401106,0.18178350736371604,0.3687208879136788,0.20032156792852196,0.03310795364124927,0.07820213602470821,0.08813861313792848,0.7581654205093382,0.34586728329582545,0.5696235629445401,0.18791893295236595,nan,nan
ni_n150,150,0,floor,29,1,0.19633150776928748,2.212550806468159,0.9423107608334562,0.5775133848072405,0.8666666666666667,-2.1220591187996325,-2.539018444803524,0.1006352907137056,0.5144450230302876,0.2586454779057982,0.5459850762247591,-4.6514109496773814,-0.6721550035468862,-2.506447285737983,-1.7676626422599686,0.1569003004985444,0.3203891749133823,0.16980190705343043,0.030513687280423436,0.060552838482505596,0.05934489068227121,0.843394312047691,0.36496050377002376,0.5850804977762294,0.22694562700282964,nan,nan
ni_n150,150,0,floor,30,1,0.2125636290803593,1.634916823312815,0.6860746236710423,0.5755895810644996,0.8266666666666667,-2.329360372746233,-2.7995444718774083,0.061943307623338474,0.5406105717835568,0.1768751891079844,0.7078777981728951,-3.967188383225485,-0.552112125024067,-2.0419433910195335,-1.5075139282417822,0.16345204157310894,0.35490219973110065,0.19233573914206264,0.030201030263325164,0.08739048811103556,0.05561362832620218,0.7549736461508835,0.4130763840528513,0.5895937720610438,0.20504484573340015,nan,nan
ni_n150,150,0,floor,31,1,0.19381901002181867,1.7322932085463165,0.8726756724672775,0.5791683557112316,0.8266666666666667,-2.2508091522317226,-2.535116391080773,0.12126621203077392,0.5634330955037965,0.3391377634874649,0.6585353244330533,-4.31194341393259,-0.5933666380250492,-2.102473851209316,-1.604070251781783,0.1706149875392149,0.35880825312127523,0.19703676724223257,0.03137226874394913,0.07639507383901893,0.07845162531690703,0.790533480494947,0.3717794972603467,0.558415339895772,0.2099989795756689,nan,nan
ni_n150,150,0,floor,32,1,0.20277398837696556,1.8564330794574646,0.6720717882709784,0.6026957437236551,0.8733333333333333,-2.2036938942575626,-2.9174736225029902,0.2379663846036697,0.5522695997684968,0.28608723603345104,0.42962492859995505,-4.24164662842054,0.060012840862816656,-2.2500760299794615,-1.498842886119634,0.16214554904812395,0.336264209359741,0.18029667868472737,0.031352127833991536,0.07360262184884872,0.08112296610246247,0.7209861146647923,0.33965022585480886,0.509471384853929,0.1836269477521219,nan,nan
ni_n150,150,0,floor,33,1,0.16506078478195432,1.5706855897191938,1.0890196963755756,0.5883698454125026,0.7933333333333333,-2.2103610357759416,-3.4141197381914687,0.12869668450960264,0.5638204208606965,0.2713324028189262,0.7904098957665688,-4.994693255000603,-0.47177324883873206,-1.2865541654020052,-1.7061671601893924,0.1697411802831782,0.4572282886165035,0.20060590195924974,0.03140458598846291,0.08084407461503558,0.16024330439105886,0.7981324135929597,0.426386866888618,0.6364341915178873,0.22642308794331303,nan,nan
ni_n150,150,0,floor,34,1,0.1971426695363633,1.8966665901943645,0.7719765196740385,0.5954070003451479,0.86,-2.166026298920247,-2.7781298315027194,-0.2010733073698541,0.633061383114237,0.15149342624228035,0.7266369936923428,-3.8877879710521164,-0.5604426795593904,-2.0046640374599205,-1.5226541056798186,0.1690652985684791,0.37004771153129695,0.20520611487495788,0.03189320371909104,0.11833041523243773,0.08900308395301879,0.7091290690934386,0.37409330914272004,0.5717083141715031,0.20272346214639012,nan,nan
ni_n150,150,0,floor,35,1,0.189036594515393,1.894550286793744,0.9395002140948286,0.5812838710130225,0.8333333333333334,-2.0498667619230155,-2.9849488030065356,0.19277062070325215,0.5707711996347479,0.36300900807370423,0.6788744413337322,-4.378529893451706,-0.4564794075400729,-2.358084198050445,-1.686078015956764,0.17159995916660026,0.3601343049321439,0.19775987742769416,0.03176814608408233,0.06795079402260877,0.053144948752216446,0.8079576857405767,0.44276403537347647,0.6299071448137962,0.21227953260250843,nan,nan
ni_n150,150,0,floor,36,1,0.19156619339311967,2.081855253661223,0.7835469186144457,0.6108060138179939,0.8733333333333333,-2.276182983061575,-2.5955665700690482,-0.08786556497698368,0.5839464031811754,0.30116185945464535,0.7432665665954806,-4.629226786362722,-0.20380981967731807,-1.4382098736176443,-1.6770059361747385,0.16653461438809752,0.35292426445061775,0.1842931943108151,0.031025562533821514,0.08287236608362876,0.062472485593867616,0.8047616550415218,0.35099402474128744,0.561609724897553,0.22623454411484759,nan,nan
ni_n150,150,0,floor,37,1,0.1834958101413558,1.8656921446221886,0.784123052906443,0.6224903228218361,0.8733333333333333,-2.5928814767456125,-2.6944639811244926,0.061162715181633215,0.508261745108357,0.3460574339017312,0.8726610812254703,-4.6396632337250026,-0.4550636469709801,-1.8255257548212487,-1.636274886563304,0.15885466520347433,0.3534692985473362,0.1885080230461961,0.033381218453009634,0.06432205220273525,0.06317866341890692,0.8359698551541112,0.37855110333676106,0.6077875589088404,0.2070454581253854,nan,nan
ni_n150,150,0,floor,38,1,0.18203674340928302,1.369577109241385,0.7348371691317187,0.5973626542292533,0.7933333333333333,-2.134879021168328,-2.9728922896212375,0.26271991027373465,0.5041094159022439,0.23388051376828786,0.818059728387758,-5.108939197063177,-0.9268616860247358,-1.2345081254480186,-1.7976821714573936,0.1545631188937111,0.3367873710054233,0.17383610849145834,0.030888353654439198,0.06529799127062813,0.06153713099882818,0.8071907825093452,0.37266125506759856,0.5848677929536517,0.21938336939870248,nan,nan
ni_n150,150,0,floor,39,1,0.1919600659621025,1.6619306243019132,0.7388614410537465,0.5918141545027983,0.8333333333333334,-2.2912790632839375,-2.8443905116236987,0.21409732927917924,0.5205710316121755,0.3350108585254574,0.7727127794832904,-4.75141688460367,-0.5628259835841044,-2.384183147567388,-1.7738251818607544,0.16804355933164403,0.3425131167501279,0.19063747043537918,0.03105322003885679,0.06637643745442758,0.055031410745881124,0.7871528781533436,0.41677375438403647,0.5963464867536161,0.20410836892202266,nan,nan
ni_n150,150,0,exact,0,1,0.19263150074728239,1.6017160463260913,0.8877835772775334,0.534936001942629,0.7666666666666667,-1.9049452384076733,-2.531960246327887,0.8015566105324301,0.23334283114263216,0.04894747447129229,0.01840937656527423,-4.838830293440316,-0.1943780988235215,-2.261322291139632,-1.8833005642206357,nan,nan,nan,nan,nan,nan,nan,nan,nan,nan,nan,nan
ni_n150,150,0,exact,1,1,0.203412906352849,1.8427397489970088,0.5610688189979208,0.6042086636874175,0.8733333333333333,-2.392171080370988,-2.039375000146927,0.6380029657467565,0.22142364173209497,-0.12567779236114168,-0.25413582370176385,-4.497384201967231,-0.03275801619449735,-2.8150936376556275,-1.867232149360032,nan,nan,nan,nan,nan,nan,nan,nan,nan,nan,nan,nan
ni_n150,150,0,exact,2,1,0.19600022006373571,2.645108497272508,1.0483868687821924,0.5935559233569114,0.9,-2.2881378032033406,-2.3828731641015097,0.7735135214089635,0.143671788423379,-0.033959758094862805,-0.10725049879381617,-4.185841903036767,-0.7332174887223055,-1.98810488595308,-1.7463542171520112,nan,nan,nan,nan,nan,nan,nan,nan,nan,nan,nan,nan
ni_n150,150,0,exact,3,1,0.19429090326164164,1.7276014865949896,0.8011297762189835,0.584949341007012,0.8333333333333334,-2.214485385962605,-2.436233814869883,0.801035369167926,0.23816418980423795,-0.027512120996442367,0.11951570376992376,-4.258194702412326,-0.48407139627753676,-2.4346459114511925,-1.8552145081345497,nan,nan,nan,nan,nan,nan,nan,nan,nan,nan,nan,nan
ni_n150,150,0,exact,4,1,0.2202734447373145,1.7338344119135638,0.4501878340541945,0.593039041603437,0.8533333333333334,-2.183809996815134,-2.2202530256623616,0.7872016659283173,0.18665592370632492,-0.0061261714890293575,-0.004054824005049396,-4.450245323628861,-0.10587566163419707,-1.7678084693261842,-1.6562013001020397,nan,nan,nan,nan,nan,nan,nan,nan,nan,nan,nan,nan
ni_n150,150,0,exact,5,1,0.20054551621714503,1.7108781610924715,0.744860283895995,0.5893531565829068,0.84,-2.406632091381013,-2.1022513899856636,0.7339675861066827,0.1588716439863037,0.023835729626247845,-0.18531973944139038,-5.231004044949012,-0.36160032293528027,-2.2779806273732324,-2.005253039633821,nan,nan,nan,nan,nan,nan,nan,nan,nan,nan,nan,nan
ni_n150,150,0,exact,6,1,0.2167499191801997,1.718131581798239,0.7090662565850958,0.5524958778802699,0.82,-1.9723371754419832,-2.0500203784647963,0.6094443362335159,0.2478156681101557,0.06645745233202023,-0.13524289877036338,-5.142683394908545,0.033253399217063974,-2.4262224567973094,-1.9597756736630925,nan,nan,nan,nan,nan,nan,nan,nan,nan,nan,nan,nan
ni_n150,150,0,exact,7,1,0.18299011532826973,1.903695550483635,0.8741337923817969,0.597728407185195,0.8466666666666667,-2.3995090411531206,-2.1793891744774316,0.7834197357060104,0.13054642431166374,0.03858277997708591,-0.2053895558224323,-4.8617052163892405,-0.3694373527984758,-1.930228407871662,-1.8984989734622097,nan,nan,nan,nan,nan,nan,nan,nan,nan,nan,nan,nan
ni_n150,150,0,exact,8,1,0.19166217081011663,2.3256509171480526,0.8820572262187935,0.5921546400053325,0.88,-1.9740141981911365,-2.599983063336108,0.8573162348382978,0.19058313417010772,0.07355025829562369,-0.31382248113443234,-4.638320861159995,-0.38424010467683956,-2.5523229736744795,-1.929886059633316,nan,nan,nan,nan,nan,nan,nan,nan,nan,nan,nan,nan
ni_n150,150,0,exact,9,1,0.18066033279986718,1.9630644436861449,0.8035931407435579,0.5994155671132327,0.84,-2.35013437109159,-3.3151020668924773,1.0500651533383563,0.12311125934504448,0.17954389750469643,-0.038527259881860045,-5.734483360393834,-0.5958602837455671,-1.5310622687703102,-2.148199788643624,nan,nan,nan,nan,nan,nan,nan,nan,nan,nan,nan,nan
ni_n150,150,0,exact,10,1,0.18620064135815292,2.4689682341680896,0.8793157644642835,0.6126224138265853,0.9,-2.2935160956818814,-2.2143157760083354,0.6879302312659069,0.1409584853068939,0.04001654327336113,-0.04727218115643732,-4.652381664886695,0.458953991704831,-3.0122243354905414,-1.841163123725589,nan,nan,nan,nan,nan,nan,nan,nan,nan,nan,nan,nan
ni_n150,150,0,exact,11,1,0.1939730285549527,2.3028167036568665,0.9006651228985304,0.5888398322318141,0.88,-1.7894059170438397,-2.757852438663847,1.0141959280569781,0.19117215065615134,0.2791537826740842,-0.12829692887945454,-3.8686684305279297,-0.7283347268767658,-2.238277295199002,-1.7272643386557633,nan,nan,nan,nan,nan,nan,nan,nan,nan,nan,nan,nan
ni_n150,150,0,exact,12,1,0.19684606211958386,2.125319019062082,0.8046344175692225,0.5764021075500761,0.8666666666666667,-1.8123555998103682,-2.7101283834095184,0.9402702461068303,0.1974639596746295,0.14265687167636726,-0.22143909533553296,-4.170545382621532,-0.5092477691478112,-2.0525004487989236,-1.6871961540630493,nan,nan,nan,nan,nan,nan,nan,nan,nan,nan,nan,nan
ni_n150,150,0,exact,13,1,0.19368738891111903,1.9567933070975618,0.880002898360325,0.5768612360708452,0.8333333333333334,-2.072009860646008,-2.771136815563907,0.8846766262788776,0.1435205787938422,-0.06518572879601137,0.06866201369997275,-5.513530562746316,-0.464476692127992,-2.623432409832749,-2.2249641546075023,nan,nan,nan,nan,nan,nan,nan,nan,nan,nan,nan,nan
ni_n150,150,0,exact,14,1,0.17897264477466066,1.8663343981357212,0.8031898724800673,0.5872982353427488,0.8333333333333334,-2.5637746242592256,-2.9135171778728464,0.8524968010319641,0.0966384108148116,0.3730399728969002,0.08764368638828923,-4.885595499550221,-0.31185125413592524,-2.066556498860505,-1.8876199892734975,nan,nan,nan,nan,nan,nan,nan,nan,nan,nan,nan,nan
ni_n150,150,0,exact,15,1,0.20284978362473408,2.090520166622932,0.7409994734866894,0.5893216614574105,0.8733333333333333,-2.5921377289513012,-2.421239882245637,0.5988432434646326,0.1955422399098632,0.2877870261257556,0.14717959388903565,-3.8906371222654235,-0.25105613542450994,-1.7794531069559776,-1.5579900480726874,nan,nan,nan,nan,nan,nan,nan,nan,nan,nan,nan,nan
ni_n150,150,0,exact,16,1,0.1933484107346817,1.896286220487418,0.8933175312928909,0.5668099144735566,0.8333333333333334,-2.113281531741035,-2.0771741685119496,0.7173794904280243,0.2193575053748636,0.1947021501139557,0.09369029898517715,-4.318295583895842,-0.4750876683368546,-2.186399990641822,-1.7676921496366667,nan,nan,nan,nan,nan,nan,nan,nan,nan,nan,nan,nan
ni_n150,150,0,exact,17,1,0.18877690840384115,2.055710520567279,1.0063056635204792,0.574114417823853,0.84,-2.146433803171665,-2.443776732067811,0.7844863831708692,0.160736232746227,-0.026596760966293136,0.04999417115621412,-4.938185917194374,-0.6176678240911726,-2.008212242155539,-1.9538569286639507,nan,nan,nan,nan,nan,nan,nan,nan,nan,nan,nan,nan
ni_n150,150,0,exact,18,1,0.2207985282987525,1.7948519589864471,0.5775022227179228,0.5849771689489832,0.86,-2.5531379699565333,-2.6050303088758002,0.6699738477248369,0.165581923949124,0.1829977374325005,-0.10210382892767778,-3.962638384253714,-0.3718428504479274,-2.2117956947147186,-1.6783845878596104,nan,nan,nan,nan,nan,nan,nan,nan,nan,nan,nan,nan
ni_n150,150,0,exact,19,1,0.22693898960813716,1.6947276196237762,0.48475278070880023,0.5835180497699446,0.8466666666666667,-2.4183382632687365,-2.7204054701577487,0.7265661107929611,0.17820012031298593,0.3163166794281703,-0.04807074115268973,-3.892939753284111,-0.7070066518601014,-1.4978526763516482,-1.5969178381800906,nan,nan,nan,nan,nan,nan,nan,nan,nan,nan,nan,nan
ni_n150,150,0,exact,20,1,0.2138558870423183,2.1159706530774454,0.6471860696878006,0.5797849972113681,0.88,-1.7895602084036077,-2.55780482897783,0.8291253059029096,0.13070285234931234,0.15440582690692947,-0.24787904187205248,-4.0115014019401345,-0.7096874744901809,-2.6202892446538297,-1.7626801143898985,nan,nan,nan,nan,nan,nan,nan,nan,nan,nan,nan,nan
ni_n150,150,0,exact,21,1,0.19130848173677387,2.4371721252399605,0.772039338087054,0.6111926257639889,0.9066666666666666,-2.451714008283815,-2.7780718427688216,0.7395152483676777,0.18169782913834653,0.27855647614648454,-0.03519930623389066,-4.117834359621696,-0.5536481974804129,-1.8311383947113817,-1.715838674693194,nan,nan,nan,nan,nan,nan,nan,nan,nan,nan,nan,nan
ni_n150,150,0,exact,22,1,0.18350198375457152,2.3049048211453624,1.001321331051216,0.5977763251542553,0.88,-2.1267525498585704,-2.687123660739614,0.9318519265795054,0.18242235391653328,-0.10263582804509419,-0.0309098530591933,-3.8516693512759987,-1.090234046336729,-1.8552067530583187,-1.723046198303189,nan,nan,nan,nan,nan,nan,nan,nan,nan,nan,nan,nan
ni_n150,150,0,exact,23,1,0.18105360067007023,2.044076004050032,0.8955425957866882,0.6068054695267533,0.8666666666666667,-2.227534981801344,-2.100412379334838,0.6731270261366217,0.189223442324212,0.03306196290891828,0.1124902702406611,-5.502431420332154,-0.45599294113918704,-1.3235902569776885,-2.0698097317178767,nan,nan,nan,nan,nan,nan,nan,nan,nan,nan,nan,nan
ni_n150,150,0,exact,24,1,0.22080146604544998,2.2398727286007256,0.597005410966679,0.575638708667079,0.8866666666666667,-1.9820847893349296,-2.269413860819946,0.7091642826501152,0.23511223737930903,0.10560693845428576,0.026000640869945326,-3.827134442873163,0.2622044331374,-2.6929859230315305,-1.5022483609917663,nan,nan,nan,nan,nan,nan,nan,nan,nan,nan,nan,nan
ni_n150,150,0,exact,25,1,0.18389852521023864,2.1828641100846657,0.8755983273641103,0.5896047349965516,0.8533333333333334,-1.8084527336261467,-2.696008084717021,0.9993649473697735,0.12008672206127317,0.27911630772732793,-0.169288308306825,-4.373174452073137,-0.42558696730931317,-2.530161356494783,-1.8362169409631663,nan,nan,nan,nan,nan,nan,nan,nan,nan,nan,nan,nan
ni_n150,150,0,exact,26,1,0.1954545116688357,2.2626935260114616,0.7679303195688593,0.6070000233449995,0.9,-2.132154468729724,-2.267987414230524,0.5956941578795004,0.20660416225697625,-0.17599773364868973,-0.4578827225480985,-4.511519113248993,-0.6462260733024248,-2.4522250629030378,-1.9535116957293595,nan,nan,nan,nan,nan,nan,nan,nan,nan,nan,nan,nan
ni_n150,150,0,exact,27,1,0.20404803835900753,2.017928019439264,0.6605884852293872,0.598275100831159,0.8733333333333333,-2.3010233288921547,-2.536064980557533,0.7465833529577824,0.1465784974576652,-0.08996175845988624,0.13561537677214808,-5.55640656249131,-0.24621741152736454,-2.0569476386371695,-2.0692898203477776,nan,nan,nan,nan,nan,nan,nan,nan,nan,nan,nan,nan
ni_n150,150,0,exact,28,1,0.20591962573476894,1.7590818387327307,0.6995008959575534,0.5866059039010966,0.84,-2.7020293607291697,-2.4271894673350687,0.6817566581563652,0.1431266622446037,0.4172523754649899,0.08632284344205439,-3.910439850722388,-0.6599496290830411,-1.4799518949436168,-1.5633448418735172,nan,nan,nan,nan,nan,nan,nan,nan,nan,nan,nan,nan
ni_n150,150,0,exact,29,1,0.18276841734006224,2.1071090758017985,0.8353059583386196,0.5911127838435113,0.8533333333333334,-1.9901794548515,-2.504369545614686,0.8663449742784926,0.1687473924104999,0.08050739954628756,-0.16745111389017273,-4.48116348522076,-0.02459006397291436,-2.546535433587498,-1.8052501339770137,nan,nan,nan,nan,nan,nan,nan,nan,nan,nan,nan,nan
ni_n150,150,0,exact,30,1,0.16987107788594755,2.017722818607919,1.1540219247044352,0.5555938818123731,0.7933333333333333,-1.8858502920738651,-2.217920958595139,0.8608040057615906,0.23485634488939675,0.36126786987267423,0.11546047016913973,-5.145676609800236,0.012077445813201778,-1.9062039238478292,-1.9616228689628037,nan,nan,nan,nan,nan,nan,nan,nan,nan,nan,nan,nan
ni_n150,150,0,exact,31,1,0.20202604231380714,2.2504118245484497,0.5981966219653039,0.6214891378617038,0.9066666666666666,-2.1653139974384366,-2.629151806102165,0.8633498137407869,0.2001639551825921,-0.09572611364751912,-0.18774947596885092,-4.448050216009411,-0.3817653001728574,-2.495534588460464,-1.8775295293168657,nan,nan,nan,nan,nan,nan,nan,nan,nan,nan,nan,nan
ni_n150,150,0,exact,32,1,0.18409610138387464,2.0551810015318326,0.7813113372369508,0.6110047585036932,0.8733333333333333,-2.1313913729019287,-2.550258449278911,0.7727132937365291,0.15094095924685108,-0.004533651162455609,0.024413636474384205,-5.28780922258046,-0.4427934749778851,-1.8434876514239138,-2.0428160986661275,nan,nan,nan,nan,nan,nan,nan,nan,nan,nan,nan,nan
ni_n150,150,0,exact,33,1,0.18839269485777516,2.02577225723665,0.8952790406111326,0.5840508266073913,0.8533333333333334,-2.2439987384804976,-2.3319460764085846,0.6238329958449033,0.1355151790858117,-0.061873157593127476,0.16498856066911657,-4.733478768257542,-0.7224139004641721,-1.9732747073288932,-1.932547589490434,nan,nan,nan,nan,nan,nan,nan,nan,nan,nan,nan,nan
ni_n150,150,0,exact,34,1,0.2004717963457968,2.102155588796139,0.5466557484045877,0.6222738061772956,0.8933333333333333,-2.2110775772077464,-2.42234794929106,0.8747433694904403,0.17630633706119317,0.06925201818747659,-0.11600377037578494,-4.6270527892850515,-0.2011454928540376,-2.301910006453792,-1.8864290278819742,nan,nan,nan,nan,nan,nan,nan,nan,nan,nan,nan,nan
ni_n150,150,0,exact,35,1,0.19665407255444414,2.0014162906665214,0.8142600870590612,0.5674560735915877,0.8466666666666667,-2.161380898105739,-2.418398168709334,0.8344657793130991,0.15591890009235812,-0.10426531218384219,0.11517952373045527,-4.22175961491859,-1.1995781279650295,-1.9442368232378382,-1.774338663619553,nan,nan,nan,nan,nan,nan,nan,nan,nan,nan,nan,nan
ni_n150,150,0,exact,36,1,0.1912819344970938,2.3151683337589812,0.9093445600172073,0.5712718508384521,0.8533333333333334,-1.9892915161007096,-2.2874968291532585,0.7179321628271643,0.20548268103725306,0.16902747376788782,-0.05884384316607246,-5.610210455374676,0.0015290717844024132,-2.9492598258682166,-2.14265689201392,nan,nan,nan,nan,nan,nan,nan,nan,nan,nan,nan,nan
ni_n150,150,0,exact,37,1,0.2096293374919029,2.299610744526518,0.5253891989182832,0.6121668987447991,0.9133333333333333,-2.1822995272205286,-2.4429597653731747,0.720080848769441,0.22517328371140252,-0.15330225851274124,-0.19017625662672352,-3.667031345851261,-0.5591517188337605,-2.606183754398834,-1.6916321010865008,nan,nan,nan,nan,nan,nan,nan,nan,nan,nan,nan,nan
ni_n150,150,0,exact,38,1,0.1784423030928841,1.816506545491751,0.8256164663764293,0.5901275721162385,0.8266666666666667,-2.6905546762031354,-2.3625849310826506,0.6056923581908893,0.1703637713723565,0.4302275171404533,0.19509633799959805,-5.464284878794448,-0.7705924636737229,-1.4131791340770075,-2.0763010682009275,nan,nan,nan,nan,nan,nan,nan,nan,nan,nan,nan,nan
ni_n150,150,0,exact,39,1,0.18619153708299227,1.9740720482226128,0.779881155980137,0.5950691037637732,0.8533333333333334,-2.9255181340657805,-2.076517831546034,0.5420170736702062,0.1821109185828714,0.6026250322969582,0.18356155324357168,-3.8576639177967937,-0.5431699864150796,-1.6014624374619848,-1.5590281899815144,nan,nan,nan,nan,nan,nan,nan,nan,nan,nan,nan,nan
ni_n150,150,0,threshold,0,1,0.2864117714155177,2.4978931306934244,0.6699914375554895,0.41221132368064944,0.84,-1.717999290537199,-3.0826670671227463,0.9790395677296406,0.31634713855052593,-0.012312059664129472,-0.3065202650871335,nan,nan,nan,nan,nan,nan,nan,nan,nan,nan,nan,nan,nan,nan,0.3094600791918603,nan
ni_n150,150,0,threshold,1,1,0.2693962180305604,3.2751832017381424,0.7801694263093135,0.427571696434206,0.86,-1.9934549630569374,-2.7441584001894896,0.8961000398820025,0.22512767491280267,0.0005794300904767602,-0.10602074174859763,nan,nan,nan,nan,nan,nan,nan,nan,nan,nan,nan,nan,nan,nan,0.07957551576837008,nan
ni_n150,150,0,threshold,2,1,0.2507077365039851,2.7056929518727895,1.0969345074833303,0.44980859221926095,0.8533333333333334,-2.0265471312553283,-2.932509383570821,0.8959127843914892,0.22904086672444132,-0.14335425352757375,-0.8418279867032853,nan,nan,nan,nan,nan,nan,nan,nan,nan,nan,nan,nan,nan,nan,0.19567990732400442,nan
ni_n150,150,0,threshold,3,1,0.2714649521354405,3.717338915394796,1.1763903686792023,0.4312235482553448,0.8733333333333333,-1.8351086502160094,-3.1648302434224576,1.1272281450821282,0.16829894463711242,0.01574983081317477,-0.2944466823380449,nan,nan,nan,nan,nan,nan,nan,nan,nan,nan,nan,nan,nan,nan,0.12581899178257766,nan
ni_n150,150,0,threshold,4,1,0.23154949580318535,3.649729045907151,1.0280712863124053,0.4668583695246857,0.8733333333333333,-1.9726494134120878,-3.2933452185409764,1.2091596698868419,0.13114065503114447,-0.043491053857438976,-0.04212750871812753,nan,nan,nan,nan,nan,nan,nan,nan,nan,nan,nan,nan,nan,nan,0.050689561527050876,nan
ni_n150,150,0,threshold,5,1,0.22717615090984425,2.970999617718683,0.6150994032275239,0.43868100793567505,0.8266666666666667,-2.556682147461924,-3.2780199601663114,1.1113869586677565,0.18524347162098892,0.3120116211993694,0.07515677912705787,nan,nan,nan,nan,nan,nan,nan,nan,nan,nan,nan,nan,nan,nan,0.03162814903174512,nan
ni_n150,150,0,threshold,6,1,0.23284983467887096,3.1667467947595838,0.8765156893645566,0.45303400276361744,0.8466666666666667,-1.8553637826757154,-2.8551844707810763,0.9158325310964917,0.24454073637871387,-0.05278896966687429,-0.18898489590541967,nan,nan,nan,nan,nan,nan,nan,nan,nan,nan,nan,nan,nan,nan,0.10066582513755808,nan
ni_n150,150,0,threshold,7,1,0.25533082285283965,3.1196596436449457,0.6444933631523616,0.43831376054809196,0.8533333333333334,-1.938753597005927,-2.99435900611228,1.1672705844927234,0.12148007843193588,0.13798155262176476,-0.06407485799858717,nan,nan,nan,nan,nan,nan,nan,nan,nan,nan,nan,nan,nan,nan,0.006688534576299556,nan
ni_n150,150,0,threshold,8,1,0.27872165276341926,2.2884264535634373,0.3121648595963325,0.42359628858203613,0.8533333333333334,-1.7660757829949045,-3.0527768973448755,1.0867612745235318,0.17114963809122777,0.0996046625079204,-0.11968706350856526,nan,nan,nan,nan,nan,nan,nan,nan,nan,nan,nan,nan,nan,nan,0.1608845585864029,nan
ni_n150,150,0,threshold,9,1,0.27027156868250446,2.287461755676061,0.3250002297993181,0.4122682894033833,0.84,-2.2856734164420023,-3.5290823930879425,1.1936382842112427,0.23140048154079393,0.22722320508359642,0.10960855453808303,nan,nan,nan,nan,nan,nan,nan,nan,nan,nan,nan,nan,nan,nan,0.2935868924829289,nan
ni_n150,150,0,threshold,10,1,0.22172933351251956,3.730404765011804,1.2279397598245425,0.44593783052094155,0.82,-2.2034314785246965,-3.350079845893862,1.0143229773509725,0.19003684639919016,0.49167340473807336,0.02502190939406898,nan,nan,nan,nan,nan,nan,nan,nan,nan,nan,nan,nan,nan,nan,0.11498359399625245,nan
ni_n150,150,0,threshold,11,1,0.2576739545018728,2.849198988406749,0.5796233328593061,0.46708502118843853,0.8933333333333333,-1.9112751766669325,-3.1559193852970537,1.1828180146143672,0.14536173193299784,0.02701820701668719,-0.16565327673434668,nan,nan,nan,nan,nan,nan,nan,nan,nan,nan,nan,nan,nan,nan,0.11130549850478356,nan
ni_n150,150,0,threshold,12,1,0.2579659732552389,3.3585095540372465,1.0260582123711317,0.43066007050476096,0.8533333333333334,-1.8898064918943014,-3.1995345536309046,1.2050361950847635,0.16207795727015528,0.033810452153042916,-0.22806296802417514,nan,nan,nan,nan,nan,nan,nan,nan,nan,nan,nan,nan,nan,nan,0.11415009184657376,nan
ni_n150,150,0,threshold,13,1,0.2563197404938546,2.994342295776616,0.8665750945950184,0.4152396055946649,0.8266666666666667,-2.064786348133288,-2.992618174461443,1.0352734369630125,0.2074135295404994,-0.08007195179521281,-0.15205156131461534,nan,nan,nan,nan,nan,nan,nan,nan,nan,nan,nan,nan,nan,nan,0.19810141785035731,nan
ni_n150,150,0,threshold,14,1,0.2813795037669359,3.242326849633434,0.7591328235050806,0.46054195562948264,0.9,-1.7495212131033386,-2.8428070671154035,0.8560519276426779,0.2135470935421267,0.025128200665638006,-0.2936875453763542,nan,nan,nan,nan,nan,nan,nan,nan,nan,nan,nan,nan,nan,nan,0.17684164903250818,nan
ni_n150,150,0,threshold,15,1,0.2431666841287686,3.074209860580722,0.6929778106259177,0.45291385391468414,0.8666666666666667,-2.1159137669032115,-3.8162883089652766,1.2289653452716203,0.1681961422381272,0.25648207490836233,-0.03141144978004931,nan,nan,nan,nan,nan,nan,nan,nan,nan,nan,nan,nan,nan,nan,0.15344230929901523,nan
ni_n150,150,0,threshold,16,1,0.27944323599021686,2.857361593307854,0.6805498006186407,0.39689838964498486,0.84,-1.905891387444369,-3.3805901027837097,1.3386456158343345,0.2220605471043515,0.03935473413101986,-0.19208940992924117,nan,nan,nan,nan,nan,nan,nan,nan,nan,nan,nan,nan,nan,nan,0.2300128073244616,nan
ni_n150,150,0,threshold,17,1,0.27801745557038177,2.9499084641377715,0.6539358163267632,0.4100852199492289,0.8533333333333334,-1.7053905697175684,-3.0767207358346997,1.189166743947957,0.23593845464326987,0.22765503793749922,-0.09123273181638428,nan,nan,nan,nan,nan,nan,nan,nan,nan,nan,nan,nan,nan,nan,0.228600050643852,nan
ni_n150,150,0,threshold,18,1,0.2824818575058277,2.7631757869276847,0.5296681384070706,0.43429915034076166,0.88,-2.037470660964951,-3.2636047330743683,0.922031150517829,0.19208320384726985,0.3724969688831902,-0.1070076188786014,nan,nan,nan,nan,nan,nan,nan,nan,nan,nan,nan,nan,nan,nan,0.24153357621898958,nan
ni_n150,150,0,threshold,19,1,0.26176388012332,2.965706609087829,0.4961746341245968,0.44584253731065276,0.8733333333333333,-1.939606008289347,-3.014170967453267,1.0229343967770343,0.17782042362001593,-0.05932755286670606,-0.28636486934049704,nan,nan,nan,nan,nan,nan,nan,nan,nan,nan,nan,nan,nan,nan,0.1202236036891306,nan
ni_n150,150,0,threshold,20,1,0.24596657138591368,2.6447156112244072,0.5609644011430064,0.40652861364488735,0.8066666666666666,-1.812393820975052,-2.9202699808372037,1.0526111301834824,0.20676820647061558,0.10510743245550136,0.11827735518533983,nan,nan,nan,nan,nan,nan,nan,nan,nan,nan,nan,nan,nan,nan,0.1707981349316801,nan
ni_n150,150,0,threshold,21,1,0.23792429429290526,2.5178353199480674,0.6034244546122125,0.4544488101824173,0.8533333333333334,-1.6938305739079607,-2.992834143524707,0.9358281092128791,0.14496706654702038,0.016245738190205986,-0.43367975673177955,nan,nan,nan,nan,nan,nan,nan,nan,nan,nan,nan,nan,nan,nan,0.104810235446784,nan
ni_n150,150,0,threshold,22,1,0.2316349270556528,3.60274786440705,0.863749476844952,0.4820534878197774,0.88,-2.2572413559515705,-3.4299111524559343,1.020589051781678,0.16884084548365821,0.30441829581249696,-0.009495246360115887,nan,nan,nan,nan,nan,nan,nan,nan,nan,nan,nan,nan,nan,nan,0.09294000010105113,nan
ni_n150,150,0,threshold,23,1,0.264430116726064,3.73902665572749,0.9050464039877834,0.42597590255366247,0.8666666666666667,-2.063999036057874,-2.967166906461847,1.0668060801135073,0.1679276630547582,-0.04204547416626215,-0.13250530345862624,nan,nan,nan,nan,nan,nan,nan,nan,nan,nan,nan,nan,nan,nan,0.10213306957429513,nan
ni_n150,150,0,threshold,24,1,0.23035084564200806,3.636718046255432,1.5897876247497937,0.4590560139725202,0.8466666666666667,-2.0942433978393136,-2.459557820141498,0.6157587561858657,0.2450036407286627,0.02154874117013125,-0.6806951997951051,nan,nan,nan,nan,nan,nan,nan,nan,nan,nan,nan,nan,nan,nan,0.1744361366930018,nan
ni_n150,150,0,threshold,25,1,0.2451382990798061,2.6757990640827254,0.4679498636928576,0.4643465688082414,0.8733333333333333,-2.2044737466795783,-3.6961524929281198,1.1769187051316496,0.16468772810669344,0.19657405962578878,-0.007851697921881836,nan,nan,nan,nan,nan,nan,nan,nan,nan,nan,nan,nan,nan,nan,0.18049265008233584,nan
ni_n150,150,0,threshold,26,1,0.3122701316536569,2.8236444419790856,0.38939525682157533,0.4177207938709016,0.8933333333333333,-1.954016755098384,-3.1076049347867594,1.2477371527435672,0.14530521176617317,0.12270700390362914,-0.1404634964736117,nan,nan,nan,nan,nan,nan,nan,nan,nan,nan,nan,nan,nan,nan,0.09239758673934559,nan
ni_n150,150,0,threshold,27,1,0.278142021051342,3.1993963565734047,0.8138891304556334,0.42490238003993785,0.86,-1.811195952370019,-3.0612938045569775,1.0932668877270246,0.1641532571258902,0.08484273398197348,-0.24129074508846304,nan,nan,nan,nan,nan,nan,nan,nan,nan,nan,nan,nan,nan,nan,0.10673644758194024,nan
ni_n150,150,0,threshold,28,1,0.2974708877926199,2.8861607452528304,0.6225060908484806,0.40999598294311423,0.8666666666666667,-1.962135980411514,-2.8530648460085435,0.9419162378955593,0.25184413409456324,-0.07789017451390515,-0.30340206047766377,nan,nan,nan,nan,nan,nan,nan,nan,nan,nan,nan,nan,nan,nan,0.19276564192479512,nan
ni_n150,150,0,threshold,29,1,0.21966840737271012,3.0476873680827263,0.8567042947330119,0.4848614106682595,0.8666666666666667,-1.983975644025923,-3.157157762816731,0.8289048048734579,0.1610826859293443,0.4005834114224054,-0.15293212670168166,nan,nan,nan,nan,nan,nan,nan,nan,nan,nan,nan,nan,nan,nan,0.1994659750099001,nan
ni_n150,150,0,threshold,30,1,0.2584632210973899,2.7449655882277693,0.7325567052867709,0.4192164955231009,0.8266666666666667,-1.712232421947342,-2.9957262552924866,1.0490860686785746,0.20838076757488294,0.13677368512709104,-0.16752400016787702,nan,nan,nan,nan,nan,nan,nan,nan,nan,nan,nan,nan,nan,nan,0.20185845749279863,nan
ni_n150,150,0,threshold,31,1,0.3001637239197723,3.337925678832115,0.5548410040930757,0.43935864383589585,0.9133333333333333,-1.7808776709471894,-3.125279348080451,1.0569390255283744,0.2667802585259505,0.019942578174070705,-0.1439871102030497,nan,nan,nan,nan,nan,nan,nan,nan,nan,nan,nan,nan,nan,nan,0.27446876752477983,nan
ni_n150,150,0,threshold,32,1,0.19129313155424582,3.1812888216597974,0.938327169132919,0.4779013343774745,0.8266666666666667,-2.0488260995266008,-3.3807159352672,0.6624101933433018,0.2362460289334269,0.0901790343684361,0.4697335948221122,nan,nan,nan,nan,nan,nan,nan,nan,nan,nan,nan,nan,nan,nan,0.2865983853897054,nan
ni_n150,150,0,threshold,33,1,0.21463948440709898,2.917312284009423,0.9399954217184255,0.44915665293812795,0.8066666666666666,-1.687954291083416,-2.6823941644096467,0.906379110318064,0.18212726783523311,0.248766456153349,-0.09667926573012568,nan,nan,nan,nan,nan,nan,nan,nan,nan,nan,nan,nan,nan,nan,0.04618977719803051,nan
ni_n150,150,0,threshold,34,1,0.2344869244787687,2.6343654074282816,0.8122782378857922,0.4450382301987124,0.8066666666666666,-2.3270598051118636,-3.4136741252774825,1.0969263913798337,0.16173128309526438,0.49419496541706637,0.06616049527244217,nan,nan,nan,nan,nan,nan,nan,nan,nan,nan,nan,nan,nan,nan,0.11082218722478315,nan
ni_n150,150,0,threshold,35,1,0.23540857173769994,2.6189195562288483,0.7679909652461163,0.4297963019931719,0.8066666666666666,-2.298573576182275,-3.2179803478333633,0.9983388889749552,0.21239229071296706,0.514251634983277,0.032847538380580986,nan,nan,nan,nan,nan,nan,nan,nan,nan,nan,nan,nan,nan,nan,0.09842654029813365,nan
ni_n150,150,0,threshold,36,1,0.23680509814747855,2.937223604883394,0.7011335171250929,0.4276011662934688,0.8266666666666667,-1.7713811921508111,-2.9259487895455174,0.9292813899932785,0.2709551591623979,0.05793771532192459,-0.05126423907347036,nan,nan,nan,nan,nan,nan,nan,nan,nan,nan,nan,nan,nan,nan,0.2690271954831248,nan
ni_n150,150,0,threshold,37,1,0.24022780859925638,3.4679468142748155,0.8941910461289246,0.4649121455726872,0.8666666666666667,-2.2599567228303457,-2.84042782039112,0.7505593412275201,0.18979941569346107,0.3627611526975067,-0.1455835448816076,nan,nan,nan,nan,nan,nan,nan,nan,nan,nan,nan,nan,nan,nan,0.1531298103181046,nan
ni_n150,150,0,threshold,38,1,0.2319182074889156,3.5585394053495674,0.8419128285794695,0.4819571046174324,0.8866666666666667,-2.297998155307216,-3.5771495975723693,1.1838635220591305,0.1568457270288085,0.4140660717531547,0.050907746978711664,nan,nan,nan,nan,nan,nan,nan,nan,nan,nan,nan,nan,nan,nan,0.07368804738851426,nan
ni_n150,150,0,threshold,39,1,0.22434344443541562,2.7192563524621622,0.840416798287555,0.491752111579612,0.8666666666666667,-2.0367015149927084,-3.5891980572107802,1.0678957222065388,0.17789024603075818,0.21926772599953415,-0.14087783713703328,nan,nan,nan,nan,nan,nan,nan,nan,nan,nan,nan,nan,nan,nan,0.19337386895231531,nan
ni_n300,300,0,floor,0,1,0.2094556833950818,2.152641382453052,0.7842144504513316,0.5928811505106373,0.88,-2.511918645845153,-2.420583704328415,-0.20431775669529348,0.6110461950495125,0.11519406417869289,0.7067677347544725,-4.952670969278506,-0.38862893210452115,-1.981003997256364,-1.810459621374237,nan,nan,nan,nan,nan,nan,nan,nan,nan,nan,nan,nan
ni_n300,300,0,floor,1,1,0.19250820112354186,2.192986811081019,0.8222892486155982,0.608552134660161,0.8866666666666667,-2.309778740452051,-3.3957033521764095,0.11173387308141876,0.580402076124133,0.2811495135796495,0.8046995819841177,-4.648195189793806,-0.055162249341089084,-2.7626537551229178,-1.6906883341174026,nan,nan,nan,nan,nan,nan,nan,nan,nan,nan,nan,nan
ni_n300,300,0,floor,2,1,0.19340162387166232,1.9501023134371804,0.8707317936900064,0.5860839029411354,0.8466666666666667,-2.1702023619554054,-3.255709509199298,0.3489182452280999,0.4877427734101746,0.27774876022062145,0.7967301751662701,-4.42661304951102,-0.06666985318079431,-2.2799828318732884,-1.607330675346846,nan,nan,nan,nan,nan,nan,nan,nan,nan,nan,nan,nan
ni_n300,300,0,floor,3,1,0.18155914820811078,2.4199874973008173,1.03697346241635,0.6135787296489952,0.8933333333333333,-2.407858028195206,-3.016945224799253,0.17736138598476608,0.5626433811776705,0.28081002224933105,0.631019437792393,-4.447325835562259,-0.2568713799596934,-2.8954309924369865,-1.7029222937555888,nan,nan,nan,nan,nan,nan,nan,nan,nan,nan,nan,nan
ni_n300,300,0,floor,4,1,0.18613276243170773,2.1538604811862383,1.0742545447948368,0.5962182288644682,0.8633333333333333,-2.175169585171809,-3.1515554371884416,0.3754719042388288,0.5540555787944009,0.3589590306735371,0.7067264391014095,-4.558201671883591,-0.07109985469141171,-2.6796642924290097,-1.7255002074523396,nan,nan,nan,nan,nan,nan,nan,nan,nan,nan,nan,nan
ni_n300,300,0,floor,5,1,0.19915600158715446,1.923003062494634,0.8112241453847696,0.5880139962623376,0.8533333333333334,-2.305854423648921,-3.005527570895341,0.26861116434400384,0.5867364701374791,0.2854039326679912,0.7235149727899799,-4.8244131907904775,-0.6945945700448234,-2.0403298739548474,-1.7974600253120663,nan,nan,nan,nan,nan,nan,nan,nan,nan,nan,nan,nan
ni_n300,300,0,floor,6,1,0.19474627073318387,1.8561476892795707,0.8234582375981647,0.5877945091329151,0.8433333333333334,-2.4540335738218277,-2.504917552720102,0.11741888697501836,0.5688069704888489,0.2504664400715418,0.750606400265139,-4.628630269832443,0.1853265637627297,-2.4009526834369765,-1.6367426347330232,nan,nan,nan,nan,nan,nan,nan,nan,nan,nan,nan,nan
ni_n300,300,0,floor,7,1,0.18968382758418623,1.950293495635317,0.8238746089407379,0.58962688293335,0.85,-2.1761603434620755,-3.049776655050328,0.3161875510413948,0.577780941394765,0.2601705169210857,0.7433124211405044,-4.186600673373958,-0.524033060479703,-2.5157934380923197,-1.646053985846363,nan,nan,nan,nan,nan,nan,nan,nan,nan,nan,nan,nan
ni_n300,300,0,floor,8,1,0.1995039319238559,1.7733946670587164,0.8176230519140791,0.5697206441887598,0.82,-2.0826121616046644,-3.1326844108648966,0.24596100993417358,0.5761011827662759,0.2549865245957583,0.7207567410339721,-5.322771380341133,0.0699904373723435,-3.123071793153356,-1.944020920717339,nan,nan,nan,nan,nan,nan,nan,nan,nan,nan,nan,nan
ni_n300,300,0,floor,9,1,0.2004629921166654,1.9822290911432243,0.8146150816973695,0.5783370051162806,0.8566666666666667,-2.263727954688456,-2.7051765050998693,0.009805966055066638,0.5713809047309147,0.26300666704580616,0.7361077519278724,-3.937458486738982,0.01087016238179731,-2.3831384817085395,-1.4550603783272442,nan,nan,nan,nan,nan,nan,nan,nan,nan,nan,nan,nan
ni_n300,300,0,floor,10,1,0.21530121590022663,1.9787397215525417,0.6700110899802479,0.5866942942687492,0.87,-2.1644854967255784,-2.803470666529974,0.2646275638084215,0.5655881063115843,0.21295551199895824,0.724760337208215,-3.7786569152334977,0.20780834059276657,-2.8318412238733175,-1.4278364230967295,nan,nan,nan,nan,nan,nan,nan,nan,nan,nan,nan,nan
ni_n300,300,0,floor,11,1,0.19236782231013475,1.953004432291388,0.930046157568723,0.5835600488715846,0.8433333333333334,-2.485218172185067,-2.6932066974991833,0.07032140738006802,0.5529270023598244,0.2766465411065645,0.7542840072553313,-5.220395398789954,-0.28035298136011105,-2.5271992433341812,-1.8478533970605857,nan,nan,nan,nan,nan,nan,nan,nan,nan,nan,nan,nan
ni_n300,300,0,floor,12,1,0.1989882412158963,1.8565665506358735,0.8179030636511534,0.5715998251001158,0.8333333333333334,-1.9857470169814853,-3.286637844654111,0.562077252975095,0.5183277819441012,0.3473080572442492,0.7425756609780377,-4.175955281468596,-0.7669001864717228,-2.0616444758328107,-1.5562597823173983,nan,nan,nan,nan,nan,nan,nan,nan,nan,nan,nan,nan
ni_n300,300,0,floor,13,1,0.19118781316922398,1.9463556324455435,0.8429679697449354,0.5950401283278176,0.8533333333333334,-2.2164393711741877,-3.0049559619830286,0.3291246818105712,0.5520259758683295,0.29093398195315684,0.6652639761389211,-5.237323838090279,-0.45043178672713685,-2.1453553470318063,-1.9000275616988282,nan,nan,nan,nan,nan,nan,nan,nan,nan,nan,nan,nan
ni_n300,300,0,floor,14,1,0.20284080099918356,1.9951403264684056,0.7248000353161168,0.5992969848617136,0.8733333333333333,-2.317980223041039,-2.987987854948836,0.11435286925101251,0.5455610270530283,0.29725149805008305,0.6988011222124607,-3.7601743135745274,0.11474527466289236,-2.448730450272558,-1.4051383595119449,nan,nan,nan,nan,nan,nan,nan,nan,nan,nan,nan,nan
ni_n300,300,0,floor,15,1,0.2083512016237773,1.8578601443890719,0.7588148412617397,0.5723404637669318,0.8433333333333334,-2.072018832748272,-3.043621798455526,0.3438257452847159,0.540949574118304,0.06977731250668351,0.8502427414798895,-4.024055032451315,-0.3406176238730125,-2.31244996710608,-1.4773956470864438,nan,nan,nan,nan,nan,nan,nan,nan,nan,nan,nan,nan
ni_n300,300,0,floor,16,1,0.19692189307840166,1.9274851104149857,0.7111446396067274,0.6045435636454269,0.8666666666666667,-2.5545365015422963,-2.6578945091439654,0.14853048511523503,0.5293237806614582,0.19561046968833187,0.6770469077333161,-5.4958870386865115,-0.1564902132382256,-2.82550968391174,-1.9441276671678938,nan,nan,nan,nan,nan,nan,nan,nan,nan,nan,nan,nan
ni_n300,300,0,floor,17,1,0.19838691841306963,2.4783617150369626,1.2196746299175292,0.5696482510745543,0.8633333333333333,-2.171816219823149,-2.574946398624581,-0.05443401176027712,0.5959603359299704,0.4788139949414467,0.8392891273255563,-3.345532869260743,-0.4820892835427522,-2.4063712207528636,-1.3482225605514115,nan,nan,nan,nan,nan,nan,nan,nan,nan,nan,nan,nan
ni_n300,300,0,floor,18,1,0.1948215049401524,1.9676247474224846,0.820468326141937,0.5871850970180218,0.8533333333333334,-2.3910899759284794,-3.533803610011287,0.37867790047946864,0.5131103354572326,0.3143328285827014,0.7180030210327183,-3.9912715463397426,-0.5037992250330392,-2.4259482863152604,-1.4881557020211456,nan,nan,nan,nan,nan,nan,nan,nan,nan,nan,nan,nan
ni_n300,300,0,floor,19,1,0.20272394853766748,1.8242965737502153,0.8637388969190051,0.5673575057197647,0.8333333333333334,-2.2314501301572127,-2.5683476292249616,0.17436091431361372,0.5624702500599901,0.31089657754894834,0.6669788836969139,-4.471288423297887,-0.19586294907325663,-1.6866379541045662,-1.5294361931942677,nan,nan,nan,nan,nan,nan,nan,nan,nan,nan,nan,nan
ni_n300,300,0,floor,20,1,0.19880942499504217,1.7768313864670837,0.7481549279662005,0.5861558760178085,0.84,-2.2206057181686236,-2.8577844083428796,0.17512997717232548,0.530152110989463,0.2776618898778406,0.7187025221817794,-5.334012844889821,-0.49654445316235396,-2.1252138238207325,-1.9297144492222933,nan,nan,nan,nan,nan,nan,nan,nan,nan,nan,nan,nan
ni_n300,300,0,floor,21,1,0.18637027373392082,1.8971540852652955,0.9861999222638103,0.5701323751569997,0.8166666666666667,-2.2784126174318255,-2.968458772135215,0.04667756643748656,0.5630611179518689,0.2689120580343414,0.8732044819837809,-5.010928293103663,-0.20780931288801843,-2.213185015464899,-1.7597984742320563,nan,nan,nan,nan,nan,nan,nan,nan,nan,nan,nan,nan
ni_n300,300,0,floor,22,1,0.19994217476678916,2.087545019549322,0.7539838267580888,0.6021294391627813,0.88,-2.3224875129199503,-2.964753647244719,0.14565188164532203,0.569954059893051,0.32366097818960465,0.7949954207919763,-4.004046006047966,-0.8754671842626012,-2.0200838300911945,-1.5787866336974201,nan,nan,nan,nan,nan,nan,nan,nan,nan,nan,nan,nan
ni_n300,300,0,floor,23,1,0.1893775722222385,2.1836370599357005,0.9217861567987994,0.5987230247643512,0.88,-2.3578266101870855,-2.4077183048384136,-0.1442745301607817,0.5402335269375809,0.2266192395021784,0.7701525308290212,-4.553049079438764,-0.45182322160653793,-2.8691553959068865,-1.7034395191485627,nan,nan,nan,nan,nan,nan,nan,nan,nan,nan,nan,nan
ni_n300,300,0,floor,24,1,0.1930772235501448,2.3249359457123058,1.1269430317246374,0.5775259126142473,0.86,-2.2836512055812754,-2.822578715131085,-0.009955092210054665,0.5514224638275551,0.16622294044079924,0.7176292243987116,-4.420171527886354,-0.4770638300946575,-2.9863040275860753,-1.723464073571485,nan,nan,nan,nan,nan,nan,nan,nan,nan,nan,nan,nan
ni_n300,300,0,floor,25,1,0.19307447129151017,1.6634644185989513,0.8707224507292838,0.5623346175579539,0.8033333333333333,-2.022999585684467,-2.9627025198760637,0.1847553905164248,0.556328681717312,0.2996517422411248,0.7491772196343424,-6.038492376367232,-0.21343478891492537,-2.2157780793569,-2.0710523808484016,nan,nan,nan,nan,nan,nan,nan,nan,nan,nan,nan,nan
ni_n300,300,0,floor,26,1,0.20819476647872617,1.9723055285332045,0.814691638472581,0.5839553304051721,0.8633333333333333,-2.1815740162775583,-3.103878255245346,0.4665103738588733,0.5625607991785169,0.17654779431165285,0.682954223323717,-4.117823939359203,-0.4067619071234543,-2.2487172639656157,-1.5190942084075056,nan,nan,nan,nan,nan,nan,nan,nan,nan,nan,nan,nan
ni_n300,300,0,floor,27,1,0.18654928355096342,1.95404038831628,1.0300100400870296,0.5903600107384238,0.85,-2.0942560496955407,-3.2804156474639723,0.39500241555733845,0.5521907155144864,0.30344958270046546,0.7565580702736514,-4.576936305407777,-0.30505384757196286,-2.4561678300236793,-1.6676017454461753,nan,nan,nan,nan,nan,nan,nan,nan,nan,nan,nan,nan
ni_n300,300,0,floor,28,1,0.18596682455121738,1.9162770442313715,0.8902909409176997,0.6012848788400222,0.8566666666666667,-2.439711802784034,-2.6765469446446306,0.07179129180126947,0.5406685852984596,0.2802151152144567,0.7467696504185389,-4.396547511955258,-0.3993691566674133,-2.8554881771246463,-1.698564396679901,nan,nan,nan,nan,nan,nan,nan,nan,nan,nan,nan,nan
ni_n300,300,0,floor,29,1,0.1973175663101316,1.8260440571274126,0.8695958657261599,0.5791848452979442,0.8366666666666667,-2.141556809684959,-3.1792404959878953,0.23299483724457637,0.5629350549778287,0.344620522209715,0.7808280311268425,-4.359703244002682,-0.7109318617854086,-2.916436115186107,-1.6995602388457276,nan,nan,nan,nan,nan,nan,nan,nan,nan,nan,nan,nan
ni_n300,300,0,floor,30,1,0.1972571677489769,2.170039924972531,0.9363822550667471,0.5868150596896151,0.8666666666666667,-2.018005431228852,-3.0797454244401776,0.5326141467033005,0.5406690497566037,0.25010630465248196,0.7503360631134551,-3.6310311005651728,-0.3952331773302635,-2.5057230172241463,-1.4507380606357834,nan,nan,nan,nan,nan,nan,nan,nan,nan,nan,nan,nan
ni_n300,300,0,floor,31,1,0.18477347801865227,1.8407141874069548,0.8888578495057461,0.5954721393393525,0.84,-2.252527080088739,-3.475996858999149,0.20173456308041063,0.5968034228410126,0.32284785377223413,0.9375810249291042,-5.207691126119402,-0.459496815231846,-2.508293263030168,-1.9414049507723772,nan,nan,nan,nan,nan,nan,nan,nan,nan,nan,nan,nan
ni_n300,300,0,floor,32,1,0.19633855109478546,1.6062834426106127,0.725005348541559,0.5705617955519209,0.81,-1.9989429642022072,-3.253029814932523,0.2878870900810596,0.5340741839633625,0.27323293741800553,0.7183324431801213,-4.324228183429576,-0.0505082438036138,-3.224090744061005,-1.673268379621876,nan,nan,nan,nan,nan,nan,nan,nan,nan,nan,nan,nan
ni_n300,300,0,floor,33,1,0.17770334537825377,1.9972591765380723,0.9757524755392968,0.6091121192227161,0.8633333333333333,-2.2454304230232554,-3.202975299570032,0.27269763466730695,0.5359430831168387,0.4072195098348067,0.8570480810780268,-4.767778858425241,-0.4502735796294947,-1.6114702675265067,-1.6935037003119855,nan,nan,nan,nan,nan,nan,nan,nan,nan,nan,nan,nan
ni_n300,300,0,floor,34,1,0.1892153538319909,1.9661748778451742,0.833759918196352,0.6002003943332398,0.8633333333333333,-2.138191954716741,-3.3783101856804074,0.38999740203408906,0.5746322953048897,0.16179506648172817,0.648169968954646,-5.458511659027607,-0.4010970813778459,-2.411276779287735,-2.0045610927703827,nan,nan,nan,nan,nan,nan,nan,nan,nan,nan,nan,nan
ni_n300,300,0,floor,35,1,0.19267849541616522,1.8746657526303991,0.8199332359635381,0.5880492281386717,0.8466666666666667,-2.1053905906540473,-3.5992369471558354,0.5422152048546443,0.5249334238172345,0.1876043932814717,0.7999166009521931,-3.9089992257169492,-0.8785683106776685,-2.167586778896626,-1.5263613863405356,nan,nan,nan,nan,nan,nan,nan,nan,nan,nan,nan,nan
ni_n300,300,0,floor,36,1,0.18805757668845874,2.3591905534269437,1.113178499897185,0.5960182964856955,0.8733333333333333,-2.1166736544919575,-3.1600232938095005,0.22170271644487358,0.5285379921586963,0.2834398107947166,0.7826569638771469,-3.992692314001549,-0.6470300488695795,-2.589748388523659,-1.5521464420215938,nan,nan,nan,nan,nan,nan,nan,nan,nan,nan,nan,nan
ni_n300,300,0,floor,37,1,0.20389085614162034,1.9948045342234992,0.7379878107490636,0.60114872390702,0.87,-2.160728001625294,-3.4792533165276254,0.44898177359493535,0.5596391345370341,0.1550151183457683,0.7663602559285511,-4.26173130941714,-0.2247922710332518,-2.8494189545604036,-1.6906492496188579,nan,nan,nan,nan,nan,nan,nan,nan,nan,nan,nan,nan
ni_n300,300,0,floor,38,1,0.19255663466113238,1.9538787354392757,0.8463152875504351,0.5998607484467354,0.86,-2.197368229509302,-3.3597305744654,0.21474031464227755,0.5716158637869784,0.2294290486732459,0.79505505061141,-4.6176278738123795,-0.6349769840215254,-2.218751337107838,-1.752354086958138,nan,nan,nan,nan,nan,nan,nan,nan,nan,nan,nan,nan
ni_n300,300,0,floor,39,1,0.21621052810022845,1.6404730065461544,0.6051697827952301,0.5888435651885373,0.8366666666666667,-2.5080722853545834,-2.821474372001259,0.2791866815415223,0.5884639670973456,0.2137041105690904,0.6761399738635606,-4.9176391364655725,0.326241716241238,-3.064727191672658,-1.785617113855533,nan,nan,nan,nan,nan,nan,nan,nan,nan,nan,nan,nan
ni_n300,300,0,exact,0,1,0.21129771702077546,1.895435551111327,0.6434316494692763,0.5810738761238841,0.8533333333333334,-2.450610939608156,-2.5845566634569592,0.6432130897390264,0.16850817584374594,0.23265200852319576,-0.08191791326290183,-5.153009532585924,-0.2119422839830643,-2.108380548998143,-1.9501764470154106,nan,nan,nan,nan,nan,nan,nan,nan,nan,nan,nan,nan
ni_n300,300,0,exact,1,1,0.20068396273114517,2.0298164007520194,0.8532602697445265,0.5618248796946663,0.8366666666666667,-2.0368737980428735,-2.2254950273642673,0.7181168597562309,0.22189337284560498,0.10593000461909556,-0.0486591051244616,-4.950860995463666,0.15298942424344253,-3.4562033447966396,-2.039359004902659,nan,nan,nan,nan,nan,nan,nan,nan,nan,nan,nan,nan
ni_n300,300,0,exact,2,1,0.20514848937236255,1.8334505202000555,0.7012800235633007,0.5799429607611577,0.84,-2.648166582128663,-2.4751220795290885,0.6620743603469261,0.16796111567205155,0.2059482834329707,0.009632086946637307,-5.415650158583895,-0.6409337800681033,-1.7450733063146922,-2.0571446869640635,nan,nan,nan,nan,nan,nan,nan,nan,nan,nan,nan,nan
ni_n300,300,0,exact,3,1,0.2142395775738553,1.6145670859512171,0.7267483755766379,0.5378654425807995,0.7966666666666666,-2.426432148279854,-2.4636682279046997,0.6207273316333023,0.18752926993368424,0.2652187123076819,-0.08926061418510316,-4.324176057279137,-0.7324186885829673,-1.7943363616468635,-1.699357596489389,nan,nan,nan,nan,nan,nan,nan,nan,nan,nan,nan,nan
ni_n300,300,0,exact,4,1,0.19362254304289345,2.5155189159019073,0.84381139628922,0.6107148325881314,0.9066666666666666,-2.2479993093367403,-2.7329837430621073,0.8426900860939696,0.09324550709751417,-0.15344396020280987,-0.22358215542818985,-5.486268454928007,-0.41331138265554335,-2.8703963018539254,-2.1746139135728213,nan,nan,nan,nan,nan,nan,nan,nan,nan,nan,nan,nan
ni_n300,300,0,exact,5,1,0.17387504524887093,2.469268100118614,0.9338926066945255,0.61129057877929,0.89,-2.0820318524194006,-2.4924061756646805,0.8766756853647933,0.12017576968413506,0.0974272193465553,-0.1690068653472314,-5.29369753352405,0.08429769445893479,-3.0531372570158455,-2.1305807356470097,nan,nan,nan,nan,nan,nan,nan,nan,nan,nan,nan,nan
ni_n300,300,0,exact,6,1,0.2039222951278208,2.1487866928223007,0.7751607214589059,0.5884214148662754,0.8733333333333333,-2.213747532155255,-2.246897091233501,0.6524546601149664,0.18691396015565315,-0.13024137648107925,0.03237513986781555,-4.802676055524364,-0.6182405779530585,-2.750724575915254,-2.0452259310501013,nan,nan,nan,nan,nan,nan,nan,nan,nan,nan,nan,nan
ni_n300,300,0,exact,7,1,0.1901394133521148,2.1565162704916134,0.955671424213073,0.5827292361582761,0.8566666666666667,-1.9954243540446195,-2.741999602413014,0.9206646057324795,0.17347640184132543,-0.014373687321516948,-0.13063621100723707,-4.785975655699045,-1.0101182515271423,-2.270869981696344,-2.0638528090241417,nan,nan,nan,nan,nan,nan,nan,nan,nan,nan,nan,nan
ni_n300,300,0,exact,8,1,0.19166531699540215,2.5868200040744034,1.1643344472630532,0.5675941079098004,0.8666666666666667,-2.243011883693436,-1.9347749065998079,0.602604288960809,0.13319739213205695,0.06404612568541994,-0.02853739049495128,-5.50830973867814,-0.44786488859986506,-2.759600441207078,-2.142171295221121,nan,nan,nan,nan,nan,nan,nan,nan,nan,nan,nan,nan
ni_n300,300,0,exact,9,1,0.20719458892449175,1.9214065113906096,0.648608090277836,0.589969301780017,0.86,-2.5614109400113243,-2.7429477199376495,0.8021584093472978,0.19792349739048792,0.31764049798140626,-0.03626497359147515,-4.9677029287453145,-0.34744980380883256,-2.3214141601179947,-1.9413073656077884,nan,nan,nan,nan,nan,nan,nan,nan,nan,nan,nan,nan
ni_n300,300,0,exact,10,1,0.20006114765222435,2.205710618842028,0.6025027317834211,0.6148619724475838,0.8966666666666666,-2.113800555398524,-2.32257931557019,0.7563962871047639,0.20180663930568163,0.04111945305697815,-0.1114352284430404,-4.6882317175018375,-0.42192810227051636,-2.316284581296139,-1.9670075241209044,nan,nan,nan,nan,nan,nan,nan,nan,nan,nan,nan,nan
ni_n300,300,0,exact,11,1,0.2060640252730831,1.7475158191587234,0.6878305171025746,0.565879388806547,0.8266666666666667,-2.4826876087302057,-2.7503328730065033,0.7605522778222576,0.16804864959090698,0.4621755553913239,0.08685728093984792,-4.386904132460197,-0.13793635785518704,-2.557626814822623,-1.7483942789436406,nan,nan,nan,nan,nan,nan,nan,nan,nan,nan,nan,nan
ni_n300,300,0,exact,12,1,0.1877655545990144,2.3551730370797226,1.0505978454570364,0.5774814543273639,0.86,-2.4331245074508736,-2.5968379412423115,0.6172283236319714,0.20048120868748623,0.2083452000023013,0.01093361163124561,-4.910453885532419,-0.2885355738954262,-2.2914990713489822,-1.9732792231024372,nan,nan,nan,nan,nan,nan,nan,nan,nan,nan,nan,nan
ni_n300,300,0,exact,13,1,0.19893013358534398,1.8436459929345634,0.8207681247597707,0.5729252599521295,0.8366666666666667,-1.9988442283599865,-2.658536661801378,0.9722160166095305,0.20802775938948234,0.06562193879046484,0.1643858741147983,-4.3821611631734205,-0.6833892865886089,-2.610021002187731,-1.911528964633669,nan,nan,nan,nan,nan,nan,nan,nan,nan,nan,nan,nan
ni_n300,300,0,exact,14,1,0.21156500632838984,1.8777756624684132,0.6053772375024039,0.58323555997926,0.8566666666666667,-2.069163799574477,-2.7569112388598094,0.8867390357945929,0.18043995983653868,-0.028431067936794622,0.08202115147357074,-4.569415827962095,-0.9678811726628779,-1.9985420408400374,-1.888889484756528,nan,nan,nan,nan,nan,nan,nan,nan,nan,nan,nan,nan
ni_n300,300,0,exact,15,1,0.2010330362034574,1.8528439808053665,0.6963497416360109,0.5825141816567025,0.8366666666666667,-2.5004201693126094,-2.7170132161320724,0.749379908135831,0.11238576202144274,0.238158814126129,-0.19077843320368815,-5.642651643596872,-0.3487898521102053,-2.227920994814,-2.1266969405556635,nan,nan,nan,nan,nan,nan,nan,nan,nan,nan,nan,nan
ni_n300,300,0,exact,16,1,0.18138704402752187,2.1131419273547687,0.767933696753869,0.6110310993760445,0.8766666666666667,-2.4175472586720743,-2.0486385874829964,0.6325973438460197,0.17307796322176894,-0.026280992071449932,-0.03508899990065467,-5.836494191928702,0.24658498841148557,-2.8891513426306803,-2.2136524843125702,nan,nan,nan,nan,nan,nan,nan,nan,nan,nan,nan,nan
ni_n300,300,0,exact,17,1,0.1969651527888117,2.1482173755142804,0.7493042796867884,0.6034270406427215,0.8866666666666667,-2.4914616035845376,-2.820758056092825,0.832505591738128,0.1871808371389582,0.18541660739364124,-0.08553352275119427,-4.435855430113317,-0.5410992199584298,-2.4104888368447455,-1.8796495550980201,nan,nan,nan,nan,nan,nan,nan,nan,nan,nan,nan,nan
ni_n300,300,0,exact,18,1,0.19194136320281224,2.129601056250528,0.863010831150076,0.5857406183967528,0.86,-1.9918204757570621,-2.424798205918865,0.8770100693529576,0.1292418734211932,0.19000832664700093,-0.06959751514893293,-4.42394455722288,-0.2985263785558412,-2.437905071020454,-1.7970173265883755,nan,nan,nan,nan,nan,nan,nan,nan,nan,nan,nan,nan
ni_n300,300,0,exact,19,1,0.1930952821999534,1.9401361840707807,0.7806022136149582,0.5790376961673824,0.85,-2.4805918440667556,-2.8992923470676337,0.8768378946989281,0.20708718050705283,0.5137077380436492,0.2014408308876048,-3.9183223662147677,-0.4902099760453672,-1.401469586549504,-1.5315463369618796,nan,nan,nan,nan,nan,nan,nan,nan,nan,nan,nan,nan
ni_n300,300,0,exact,20,1,0.20701627984863577,1.9541599125453208,0.5994468826414047,0.5961490713313613,0.8666666666666667,-2.5071636666544648,-2.7490644161350635,0.7640444045700077,0.17996296763276837,0.29880182937041433,0.003925559951975943,-4.639170890293815,-0.2881674791388035,-1.5689442814198225,-1.7470335617019443,nan,nan,nan,nan,nan,nan,nan,nan,nan,nan,nan,nan
ni_n300,300,0,exact,21,1,0.1768953174094028,2.1948228489307913,0.8832118595493916,0.6118085714170844,0.8766666666666667,-2.7123433566122865,-2.712322276193317,0.8176194259441953,0.14637943698474393,0.3514633540687207,0.031683013638833475,-4.762321779633581,-0.6901252905809221,-2.058839101392088,-1.9443491504842045,nan,nan,nan,nan,nan,nan,nan,nan,nan,nan,nan,nan
ni_n300,300,0,exact,22,1,0.19315915049492288,2.013624217933673,0.7721544239121014,0.5920987227542194,0.8666666666666667,-1.873753653612026,-2.7320484103799383,0.9272685208620599,0.12872790717918095,0.11605786072074145,-0.32266244815247036,-5.071013982193684,-0.7722267767500245,-1.962675378914692,-2.023123220357887,nan,nan,nan,nan,nan,nan,nan,nan,nan,nan,nan,nan
ni_n300,300,0,exact,23,1,0.19662481169782564,1.6877979880867067,0.6317196750406132,0.5870840239138848,0.8266666666666667,-2.227041468049304,-2.272122915454154,0.7420849104977005,0.198759220981884,0.004258166448751437,-0.08196923330680098,-5.879066569413148,-0.4917225360026177,-2.06052158141467,-2.2316451559470507,nan,nan,nan,nan,nan,nan,nan,nan,nan,nan,nan,nan
ni_n300,300,0,exact,24,1,0.19815733664478855,2.210085035817097,0.8507051995610003,0.5828828537145249,0.8666666666666667,-2.1791199148628415,-2.3330597177210097,0.7060329184854377,0.22509210530991325,-0.020443794544811055,-0.22946571391946446,-4.929050003128937,-0.5213105431574424,-2.141120427867271,-1.986593202751207,nan,nan,nan,nan,nan,nan,nan,nan,nan,nan,nan,nan
ni_n300,300,0,exact,25,1,0.2007893156890866,1.7701092417227076,0.8209007790420342,0.5625809346160667,0.82,-2.1965193418113493,-2.183664553456696,0.8519735295727693,0.12697569049897897,0.2031347698369106,-0.0839164111364976,-4.79881439785231,-0.24793333629048084,-2.3980251963777266,-1.8292024969466252,nan,nan,nan,nan,nan,nan,nan,nan,nan,nan,nan,nan
ni_n300,300,0,exact,26,1,0.19444970477818366,2.169804322359894,0.7344816208320409,0.6002203062245178,0.88,-2.3404167764866033,-3.1888397608405934,1.0028233440381207,0.18292710230444198,0.4880824511023531,0.13690033966724152,-4.02019485663818,-0.45084717376875394,-2.228880508423073,-1.7007111538925648,nan,nan,nan,nan,nan,nan,nan,nan,nan,nan,nan,nan
ni_n300,300,0,exact,27,1,0.19873568270245337,2.1313380958330845,0.7557725125689924,0.5859724148219496,0.8666666666666667,-1.9221122340742363,-2.414430589839938,0.8656268349867703,0.2003701645507615,0.2245243293094054,-0.06634928708987599,-5.00575597176715,0.11348141936765636,-2.7736833784716923,-1.995802313879868,nan,nan,nan,nan,nan,nan,nan,nan,nan,nan,nan,nan
ni_n300,300,0,exact,28,1,0.17418341327559594,2.052007724164578,0.9271698852746066,0.585225654626178,0.8466666666666667,-1.9884619439747844,-2.4753384962373985,0.8813890029717172,0.17778656435578352,0.1977096882821473,-0.27380048797600515,-4.64075600233509,-0.6732871121177978,-1.7292450030682822,-1.865021769890204,nan,nan,nan,nan,nan,nan,nan,nan,nan,nan,nan,nan
ni_n300,300,0,exact,29,1,0.20759733273228648,2.017224479382015,0.6739670465783894,0.5784034870639317,0.86,-2.7393045032506893,-2.378732850602127,0.6100929707960424,0.14199738540744486,0.3192538586289265,-0.04710006279935847,-4.12449048540084,-0.3287806120760903,-2.5865428974799674,-1.6734078407895736,nan,nan,nan,nan,nan,nan,nan,nan,nan,nan,nan,nan
ni_n300,300,0,exact,30,1,0.1894451339835383,2.103550507013925,0.8165900771307119,0.5961463849302817,0.87,-2.4858505940334292,-2.2611013278076473,0.7099144369886713,0.16448007426301256,-0.08443837627952722,-0.029989583534252354,-4.6561452836338315,-0.4400804219610737,-2.758501284450925,-1.9653513823651896,nan,nan,nan,nan,nan,nan,nan,nan,nan,nan,nan,nan
ni_n300,300,0,exact,31,1,0.20355645853560717,1.7541892415094156,0.6266499294665213,0.5835343143227397,0.84,-2.064840517061806,-2.3532096889750354,0.7267337078470363,0.18271910933230895,0.036891843725678095,-0.19547886833009825,-4.855701817667082,-0.521387070595635,-2.505941190366771,-2.011585357112116,nan,nan,nan,nan,nan,nan,nan,nan,nan,nan,nan,nan
ni_n300,300,0,exact,32,1,0.19693918400701635,1.875083912583056,0.8941026996867175,0.5554559018233896,0.82,-2.0743396752112564,-2.3428804962012624,0.833636086736506,0.22035002083149482,0.06856849239191423,0.11314245477438345,-4.601287487292962,-0.44151849479423416,-2.655099372100919,-1.9125624589518624,nan,nan,nan,nan,nan,nan,nan,nan,nan,nan,nan,nan
ni_n300,300,0,exact,33,1,0.194260241777831,1.929099627449639,0.7725685182489312,0.5868407067463912,0.8533333333333334,-2.1827853834898057,-2.3753757327768046,0.752696281765263,0.2304548886157713,-0.025209860434658445,0.05718277281303948,-4.753590421911588,-0.248550974650256,-2.4846080430537016,-1.9466560632086254,nan,nan,nan,nan,nan,nan,nan,nan,nan,nan,nan,nan
ni_n300,300,0,exact,34,1,0.20962523037446004,1.8211999230366933,0.6798957262491176,0.574753164560878,0.8433333333333334,-2.184138163698302,-2.369278356897896,0.69069184821074,0.19559388535754885,-0.11869682981167047,-0.10765805723451392,-5.560007248221226,-0.7478940669177491,-2.414534129763114,-2.222156947312038,nan,nan,nan,nan,nan,nan,nan,nan,nan,nan,nan,nan
ni_n300,300,0,exact,35,1,0.23234521422388799,1.5775169975069194,0.5786178223657237,0.543362025719594,0.8066666666666666,-2.341342914326523,-2.7636577626055323,0.7471892983202514,0.18775803946286246,0.39574998299656383,0.033676409747757784,-4.304391402359304,-0.4599725723279178,-2.4617275505825247,-1.7434724790857743,nan,nan,nan,nan,nan,nan,nan,nan,nan,nan,nan,nan
ni_n300,300,0,exact,36,1,0.1966788478989308,2.0676908954094237,0.7012343093001719,0.5952808373605546,0.8766666666666667,-2.2178464393401924,-2.246915783073852,0.7674608762261911,0.13554479322287113,0.0784070528493419,-0.2227639975068999,-4.1529523681500295,-0.5423481982638548,-2.8404617653400797,-1.7818449626798647,nan,nan,nan,nan,nan,nan,nan,nan,nan,nan,nan,nan
ni_n300,300,0,exact,37,1,0.1834631721111146,2.101934995312938,1.1779543253401004,0.5538939329246478,0.8166666666666667,-2.1273367799881835,-2.384113231027061,0.7490779345673593,0.21168018436633218,-0.01702480979706866,0.12523639921723873,-5.220153682114568,-0.4164342346086451,-2.6420389579096284,-2.1163818958923275,nan,nan,nan,nan,nan,nan,nan,nan,nan,nan,nan,nan
ni_n300,300,0,exact,38,1,0.20636148662124412,2.106748919556051,0.7697051392633028,0.5824081037282421,0.8666666666666667,-2.433435676040292,-2.9642055346049796,0.8530955017558037,0.1636084198289288,0.22498890813609132,-0.08471023216686549,-4.248981287576681,-0.3954151216335783,-2.042372732382268,-1.710061631258261,nan,nan,nan,nan,nan,nan,nan,nan,nan,nan,nan,nan
ni_n300,300,0,exact,39,1,0.20737516854439292,2.0105432008893085,0.6802458631329358,0.5836980831436737,0.87,-2.2059536497545738,-2.270077019275802,0.6757026056238317,0.20661527156062262,-0.09255541177454628,-0.05709709135960719,-4.353751045284678,-0.4549363929777211,-3.2207051299959257,-1.907418026203343,nan,nan,nan,nan,nan,nan,nan,nan,nan,nan,nan,nan
ni_n300,300,0,threshold,0,1,0.2596966688805221,2.480142369130796,0.47386969385981226,0.4400734362894171,0.8466666666666667,-2.290840404466564,-3.639530159029573,1.2215489870705982,0.19198045326218552,0.42008071156165366,0.08968388360056627,nan,nan,nan,nan,nan,nan,nan,nan,nan,nan,nan,nan,nan,nan,0.13685244488742276,nan
ni_n300,300,0,threshold,1,1,0.24241952009711534,3.2845924626099015,1.1263274095391702,0.44702380104900563,0.8533333333333334,-1.9732978409220128,-3.1454193019393655,1.0496454039463858,0.171416393075906,-0.15581848148705307,-0.2967082345980775,nan,nan,nan,nan,nan,nan,nan,nan,nan,nan,nan,nan,nan,nan,0.10555584945968273,nan
ni_n300,300,0,threshold,2,1,0.2479241213919982,2.9568240636833414,0.8686388946760136,0.4418915683331081,0.85,-1.9567269170364758,-3.027598419089727,1.0513116148805253,0.19185350084473848,-0.012267687085479952,-0.2956094853676804,nan,nan,nan,nan,nan,nan,nan,nan,nan,nan,nan,nan,nan,nan,0.13970001962413528,nan
ni_n300,300,0,threshold,3,1,0.2441237908026442,3.3296154400572684,1.1986700732130977,0.4487618887950871,0.8566666666666667,-1.8770230857449401,-2.6441252660432477,0.764952035405225,0.253653186372151,0.08132327658438063,-0.44172392267259825,nan,nan,nan,nan,nan,nan,nan,nan,nan,nan,nan,nan,nan,nan,0.22066195542437483,nan
ni_n300,300,0,threshold,4,1,0.25706557346906095,2.9158244412650305,0.5025795743312506,0.44644816716198626,0.87,-1.8514944018995472,-3.1055008724192077,1.1865607743540019,0.13437159581903485,0.1269375113769303,-0.11600711615483847,nan,nan,nan,nan,nan,nan,nan,nan,nan,nan,nan,nan,nan,nan,0.12656876042192902,nan
ni_n300,300,0,threshold,5,1,0.24614460958495002,2.9622549768182593,0.6710755613368412,0.4233253927865847,0.8266666666666667,-1.7337780084638517,-3.0364142282332693,1.1723785577603454,0.20652930723744678,0.24739035044281166,-0.04630037871586829,nan,nan,nan,nan,nan,nan,nan,nan,nan,nan,nan,nan,nan,nan,0.05459699734363762,nan
ni_n300,300,0,threshold,6,1,0.25263671092629025,3.006171355513748,0.8338710083430666,0.4092770605640005,0.8233333333333334,-1.7114305230919544,-3.268325004456198,1.241912552455956,0.1777894305930666,0.0912735446081703,-0.11828065299076893,nan,nan,nan,nan,nan,nan,nan,nan,nan,nan,nan,nan,nan,nan,0.1366813603478198,nan
ni_n300,300,0,threshold,7,1,0.2601149908849903,2.956909455560832,0.7271803081952506,0.44238105240381875,0.87,-1.9511571620888462,-2.9361409973447916,0.991539118135964,0.2078347152986305,-0.004693408665294094,-0.2886980096215773,nan,nan,nan,nan,nan,nan,nan,nan,nan,nan,nan,nan,nan,nan,0.2151661086809597,nan
ni_n300,300,0,threshold,8,1,0.3019099685235233,2.7816974077727483,0.4968560976697105,0.3973531138060385,0.86,-1.7799073582769025,-2.9961561599931117,1.095279906091737,0.2327338928115073,0.12305862206507352,-0.06940697116450364,nan,nan,nan,nan,nan,nan,nan,nan,nan,nan,nan,nan,nan,nan,0.20775202505081308,nan
ni_n300,300,0,threshold,9,1,0.24371396546426893,3.2305659782706755,0.8836453796123217,0.43279792938788453,0.8333333333333334,-2.4703993412351526,-3.2906214952247406,1.0943112275344924,0.1780481539143432,0.3259491630003872,-0.035596727767911195,nan,nan,nan,nan,nan,nan,nan,nan,nan,nan,nan,nan,nan,nan,0.02686359125563828,nan
ni_n300,300,0,threshold,10,1,0.24896571508486579,3.6627205276682666,1.0273342039285156,0.4519176064229729,0.8666666666666667,-1.9529590859006347,-2.7855218186898285,0.8797805278182714,0.193694120412987,-0.040651539132699935,-0.19290546573010375,nan,nan,nan,nan,nan,nan,nan,nan,nan,nan,nan,nan,nan,nan,0.09244203841307767,nan
ni_n300,300,0,threshold,11,1,0.26222663568947574,3.0136454863469804,0.5308625995292748,0.45300806107226993,0.8833333333333333,-1.7727999190971178,-3.1341434698673245,1.0639275287366698,0.22813199632814626,0.02381428418734772,-0.06962323532222092,nan,nan,nan,nan,nan,nan,nan,nan,nan,nan,nan,nan,nan,nan,0.1454788615982211,nan
ni_n300,300,0,threshold,12,1,0.24440678613423633,2.985590464249596,0.6206577242346238,0.4559737453621248,0.8666666666666667,-2.333260842192712,-3.420451781976299,1.1041060111322183,0.19184949262892434,0.3564614867470532,0.002320082495309817,nan,nan,nan,nan,nan,nan,nan,nan,nan,nan,nan,nan,nan,nan,0.11623511445775253,nan
ni_n300,300,0,threshold,13,1,0.26938428685698795,3.368258551577497,0.6042412063050678,0.4552839631801814,0.8966666666666666,-2.263319647879603,-3.44743980337869,1.0881812057074838,0.17965376197031435,0.3833640993320494,0.03164508965777191,nan,nan,nan,nan,nan,nan,nan,nan,nan,nan,nan,nan,nan,nan,0.13121594990709934,nan
ni_n300,300,0,threshold,14,1,0.24508448545543446,2.8492459450300114,0.7879917307592393,0.42576876410576453,0.8133333333333334,-1.7072464082818462,-2.9543992124207477,1.1011658878576733,0.16736160008108739,0.23847791392241835,-0.04769487807139179,nan,nan,nan,nan,nan,nan,nan,nan,nan,nan,nan,nan,nan,nan,0.08610696815274184,nan
ni_n300,300,0,threshold,15,1,0.26773743506128106,2.897509885061247,0.6644853544229647,0.431090378098127,0.8633333333333333,-1.7508957140480874,-3.1135627759714626,1.0783542655744354,0.21576772548241774,0.08330126503448343,-0.13022272867939955,nan,nan,nan,nan,nan,nan,nan,nan,nan,nan,nan,nan,nan,nan,0.16538673712690075,nan
ni_n300,300,0,threshold,16,1,0.21009249969893104,3.090090594980878,0.8973120985885374,0.496600173104011,0.8733333333333333,-2.348202969159646,-3.272654776678765,1.0216140349608887,0.14048937364464922,0.26669781175523766,-0.15269299779929535,nan,nan,nan,nan,nan,nan,nan,nan,nan,nan,nan,nan,nan,nan,0.04087346214402336,nan
ni_n300,300,0,threshold,17,1,0.23917422577822872,2.828623284311605,0.700065284797721,0.44925292623345836,0.8466666666666667,-2.4328359880769557,-3.2719918119566667,1.0513988333970157,0.1850230687858019,0.29175981792403766,-0.11127532907447941,nan,nan,nan,nan,nan,nan,nan,nan,nan,nan,nan,nan,nan,nan,0.10330055600903104,nan
ni_n300,300,0,threshold,18,1,0.2522036206352745,2.7913811237638817,0.616491715253928,0.44546878528305117,0.8533333333333334,-2.1095033479585963,-3.7311659522611653,1.2251985117110038,0.16490541247629573,0.44373030916563827,0.017761646501870003,nan,nan,nan,nan,nan,nan,nan,nan,nan,nan,nan,nan,nan,nan,0.12769001011437642,nan
ni_n300,300,0,threshold,19,1,0.2542144390643002,2.695329727761398,0.62411272577909,0.4553422718095569,0.8766666666666667,-2.0234219075375153,-2.930290183633825,0.9684935551572251,0.20080800368503476,-0.07476752575762102,-0.47643854431274524,nan,nan,nan,nan,nan,nan,nan,nan,nan,nan,nan,nan,nan,nan,0.21632123117404564,nan
ni_n300,300,0,threshold,20,1,0.25309214397704327,2.6291465971355374,0.5076781012301029,0.4254636658327469,0.8333333333333334,-1.7950944580369064,-2.852556387177437,0.9914695548818135,0.21955498482022573,0.09678966422083561,0.12336460035023998,nan,nan,nan,nan,nan,nan,nan,nan,nan,nan,nan,nan,nan,nan,0.20350990786680734,nan
ni_n300,300,0,threshold,21,1,0.2479843330674629,3.3064925067983606,0.6838833125114022,0.4515229884995232,0.8766666666666667,-1.8650101683386529,-3.1903277976127082,1.120404928213641,0.18178755273478128,-0.03766616625306123,-0.12373698975605994,nan,nan,nan,nan,nan,nan,nan,nan,nan,nan,nan,nan,nan,nan,0.1736805999459852,nan
ni_n300,300,0,threshold,22,1,0.262922118925016,3.077191386264588,0.6462163936793412,0.4523904759126604,0.8866666666666667,-1.7114593725638279,-3.106897702739232,0.9917023430575869,0.22271976527256873,-0.0012335235883275588,-0.11352821614981665,nan,nan,nan,nan,nan,nan,nan,nan,nan,nan,nan,nan,nan,nan,0.24472322763337875,nan
ni_n300,300,0,threshold,23,1,0.2521264268853792,2.983473334332352,0.6041623406130344,0.4398481324050461,0.8533333333333334,-1.6323775916989207,-3.005767763446585,1.123613436147246,0.15771577536040504,0.2709171717432537,-0.061718052510928344,nan,nan,nan,nan,nan,nan,nan,nan,nan,nan,nan,nan,nan,nan,0.08871654318295373,nan
ni_n300,300,0,threshold,24,1,0.2305758556159116,3.0773629442731067,0.8750151231062709,0.464212676612705,0.85,-2.4322692474273198,-3.029336018499265,0.9017665460332545,0.14701957383207503,0.36023244016155087,-0.024601199803847024,nan,nan,nan,nan,nan,nan,nan,nan,nan,nan,nan,nan,nan,nan,0.06944047118494631,nan
ni_n300,300,0,threshold,25,1,0.2524255769913246,3.121589268987761,0.8194412703296894,0.4643845035692095,0.89,-2.211639255083789,-3.2483160818466272,0.9882280564773945,0.21236944060402044,0.0812336211219148,-0.29184107565145023,nan,nan,nan,nan,nan,nan,nan,nan,nan,nan,nan,nan,nan,nan,0.2307639344710731,nan
ni_n300,300,0,threshold,26,1,0.23372810554475681,3.4586643637307533,0.8710476613587217,0.4577469772086287,0.85,-1.7144767652724509,-2.9317381918493783,1.0030143631236785,0.14544707053410638,0.14795243070324282,-0.10061157411573009,nan,nan,nan,nan,nan,nan,nan,nan,nan,nan,nan,nan,nan,nan,0.07402966333114433,nan
ni_n300,300,0,threshold,27,1,0.2552641418250642,2.6017800760753165,0.469834934879291,0.4620248437842281,0.87,-2.243827384611842,-3.6134641717687828,1.181015772561496,0.2111147554712927,0.2233334407351178,-0.11202486174971496,nan,nan,nan,nan,nan,nan,nan,nan,nan,nan,nan,nan,nan,nan,0.17333375811674684,nan
ni_n300,300,0,threshold,28,1,0.27236484936448163,3.6681360163521917,0.9186726425886619,0.43500160806762106,0.8766666666666667,-1.8448459357016602,-3.0463551228576478,1.0824020217670287,0.17537598374776545,0.035498189797847315,-0.221087819066217,nan,nan,nan,nan,nan,nan,nan,nan,nan,nan,nan,nan,nan,nan,0.14323059114679218,nan
ni_n300,300,0,threshold,29,1,0.22372601768907163,3.231232712976401,0.8352688085693953,0.4893302143699318,0.8733333333333333,-2.2454366092725095,-2.9184003442202116,0.6928326098610517,0.21615647209975958,0.2882378897138635,-0.02704701356009266,nan,nan,nan,nan,nan,nan,nan,nan,nan,nan,nan,nan,nan,nan,0.1604297040293257,nan
ni_n300,300,0,threshold,30,1,0.223709758390453,2.9858176829918115,0.8559518539933296,0.4544778698452342,0.8366666666666667,-1.9060637180250024,-2.8799894492923124,0.9713967778604142,0.1541619932848749,0.05527179966233777,-0.1297144208164623,nan,nan,nan,nan,nan,nan,nan,nan,nan,nan,nan,nan,nan,nan,0.11888819471366534,nan
ni_n300,300,0,threshold,31,1,0.2700452136587151,4.362799600208335,1.1696898318076723,0.4613132579522452,0.9166666666666666,-2.087550835784529,-2.715826470413125,0.8619368095920824,0.17518119047478756,-0.06766589544696532,-0.3258108715365452,nan,nan,nan,nan,nan,nan,nan,nan,nan,nan,nan,nan,nan,nan,0.11753992860594178,nan
ni_n300,300,0,threshold,32,1,0.2661818631423411,2.692355588962252,0.7429475656892187,0.43903600680675053,0.8633333333333333,-1.9359608221941256,-3.047233790701821,1.0822307603257801,0.15822269259061478,-0.08358026919886102,-0.2548968130825912,nan,nan,nan,nan,nan,nan,nan,nan,nan,nan,nan,nan,nan,nan,0.1722400943538782,nan
ni_n300,300,0,threshold,33,1,0.2477871193331464,2.566429677223814,0.5279607079847135,0.4529285886680887,0.85,-2.3628565877651093,-3.1881279927405677,0.9797576066407983,0.19697553549505836,0.28414435663387944,-0.10385780678772169,nan,nan,nan,nan,nan,nan,nan,nan,nan,nan,nan,nan,nan,nan,0.1003062966340634,nan
ni_n300,300,0,threshold,34,1,0.2346554543367061,2.9709612002414136,0.7757575051909614,0.4712200651665792,0.87,-2.289334995846145,-3.2702347116755783,1.0023608615222455,0.15651712244763286,0.30058007842841145,-0.11800692684180625,nan,nan,nan,nan,nan,nan,nan,nan,nan,nan,nan,nan,nan,nan,0.08780873132610303,nan
ni_n300,300,0,threshold,35,1,0.25277312402931196,2.902268490353346,0.6407345933952402,0.4730168456227716,0.89,-2.231345541955372,-3.2478269732780096,0.9655876531380659,0.18499728664591825,0.09890654862638733,-0.30215232651334845,nan,nan,nan,nan,nan,nan,nan,nan,nan,nan,nan,nan,nan,nan,0.12959061398788846,nan
ni_n300,300,0,threshold,36,1,0.2538863800443834,3.1460552098573387,0.5191999390758382,0.4613613540792598,0.89,-1.9512563388776947,-2.919747737122272,1.0418923315742987,0.15914837179637806,0.07524732044633396,-0.24722880867252126,nan,nan,nan,nan,nan,nan,nan,nan,nan,nan,nan,nan,nan,nan,0.09097003826619143,nan
ni_n300,300,0,threshold,37,1,0.27623574727701505,3.008669728919824,0.6490736684938347,0.4104057882801456,0.8433333333333334,-1.9309060197286056,-3.1875022644117976,1.2620174873795371,0.163944847933265,0.09701074382710691,-0.02416270662743889,nan,nan,nan,nan,nan,nan,nan,nan,nan,nan,nan,nan,nan,nan,0.07979314391658032,nan
ni_n300,300,0,threshold,38,1,0.2363761044771282,3.2035807958898244,0.6802550647759887,0.4501906306047579,0.8533333333333334,-2.3533426324024767,-3.3182288894022056,1.0452934435421908,0.17541428314673377,0.3424547061972386,0.019829448940771863,nan,nan,nan,nan,nan,nan,nan,nan,nan,nan,nan,nan,nan,nan,0.05919849690179592,nan
ni_n300,300,0,threshold,39,1,0.2789369561873057,2.905445230788801,0.5894278936633018,0.4123155144338369,0.8533333333333334,-1.567810925396103,-3.23796336364847,1.1938267341521427,0.2699630473754355,0.18491430307584467,-0.08231545949295103,nan,nan,nan,nan,nan,nan,nan,nan,nan,nan,nan,nan,nan,nan,0.20265225045192883,nan
inf_n150,150,1,floor,0,1,0.16245360392436292,0.8769420761246822,0.9852727092667486,0.4492607907366668,0.5733333333333334,-2.061287179188759,-2.0800585645306815,-0.08352652714695248,0.5398626512669498,0.10868594171365331,0.6525795515743114,-4.192637899950104,-0.40692279959747496,-1.5767342260748514,-1.6177346256386642,nan,nan,nan,nan,nan,nan,nan,nan,nan,nan,nan,nan
inf_n150,150,1,floor,1,1,0.15360073405429223,0.8801311017661718,1.2462392240357871,0.42306079945383496,0.5333333333333333,-2.2226849539941935,-2.386504702058949,0.4027257477485111,0.5450654998665599,0.3201777499810432,0.5240624304368173,-4.614773687060338,-0.018358511728025384,-2.3735449415219527,-1.6840096677777856,nan,nan,nan,nan,nan,nan,nan,nan,nan,nan,nan,nan
inf_n150,150,1,floor,2,1,0.1653941703365488,0.8659142531028317,1.2286342224940772,0.4240569757076427,0.54,-2.3044336591406673,-2.176587370448762,-0.049764868912523505,0.5787001698046674,0.0400957640034349,0.7179024443829208,-3.6712031662673357,-0.06353378556533297,-2.747268750353648,-1.6019851674658552,nan,nan,nan,nan,nan,nan,nan,nan,nan,nan,nan,nan
inf_n150,150,1,floor,3,1,0.14823655115253095,1.261448237884311,1.3792699320166149,0.4440555112625081,0.5866666666666667,-2.279301393073059,-1.7287749593569244,0.3132102197779289,0.5404769759182442,0.2814422230380296,0.7287795360920986,-5.543773423319933,0.0653084758905034,-2.1130261595937387,-1.9153911029893804,nan,nan,nan,nan,nan,nan,nan,nan,nan,nan,nan,nan
inf_n150,150,1,floor,4,1,0.1600528546503308,0.7524383203906375,1.021924235635576,0.5106407419563944,0.62,-2.0892053251345013,-2.71758784251771,0.9246831931834657,0.5664157622141766,0.22251483425450988,0.5872680771867046,-4.335662436655841,0.12398186500843214,-2.230521170501472,-1.7985417626014413,nan,nan,nan,nan,nan,nan,nan,nan,nan,nan,nan,nan
inf_n150,150,1,floor,5,1,0.15520914801404004,0.8894211489704243,1.110325430986579,0.4604858638054093,0.58,-2.248804801859868,-2.781694489228995,0.07221646973851926,0.5545547498158252,0.16248886656996,0.680876296348386,-4.656961541306865,0.25320285944977083,-2.1498258415120235,-1.6596922353862233,nan,nan,nan,nan,nan,nan,nan,nan,nan,nan,nan,nan
inf_n150,150,1,floor,6,1,0.14268018552557718,1.1172126571998708,1.4736016075882417,0.5145570569066863,0.6533333333333333,-2.136421500119839,-2.4526993470892204,0.2676632523922989,0.5654346961265142,0.34090736012792155,0.7350312713704217,-5.599443547145549,-0.09525230183234441,-2.216582114097855,-2.135236787907137,nan,nan,nan,nan,nan,nan,nan,nan,nan,nan,nan,nan
inf_n150,150,1,floor,7,1,0.16277440276995786,0.5964945653643278,0.9511904388957101,0.45791132852749,0.5466666666666666,-2.240096800030292,-2.7065947490804154,0.5112088833769707,0.5303567411384028,0.1990193346937816,0.8011802290481046,-4.920291365656107,-0.20074247710490414,-1.8491576751050205,-1.8300574005098404,nan,nan,nan,nan,nan,nan,nan,nan,nan,nan,nan,nan
inf_n150,150,1,floor,8,1,0.13497059409914366,1.1109608671042046,1.466976526783435,0.4156330089306641,0.5333333333333333,-2.1381070899304455,-2.1452232911426545,-0.14841722120180786,0.5372400726259654,0.48987241963674083,0.7407563958638314,-5.94457968432392,0.7755492373541137,-2.8554347121249406,-2.0043928465509597,nan,nan,nan,nan,nan,nan,nan,nan,nan,nan,nan,nan
inf_n150,150,1,floor,9,1,0.15588300926921392,0.9255896323001684,1.2320381235092794,0.4387130883167985,0.56,-2.3143278617443674,-2.824337301222313,0.1768770931035383,0.6034570275144566,0.3131585790131337,0.7569487682818475,-5.436455772991011,0.17399756329401392,-2.3949271438887707,-1.8611560159549514,nan,nan,nan,nan,nan,nan,nan,nan,nan,nan,nan,nan
inf_n150,150,1,floor,10,1,0.14372854672042604,0.6686076512929672,1.105983918000716,0.41812782273265536,0.5,-2.2314834689896146,-2.1970712315207135,0.15500617503781822,0.5386875889606489,0.19387740044763965,0.7049449630212011,-4.976658896564372,-0.37895965442612367,-1.4407988563889174,-1.8084675862382438,nan,nan,nan,nan,nan,nan,nan,nan,nan,nan,nan,nan
inf_n150,150,1,floor,11,1,0.1607321614241441,1.0657108936415405,1.1084184101090735,0.5078346740153082,0.6533333333333333,-2.216936470993067,-2.147339995299525,-0.35308538602436823,0.5582055730608244,0.30158979130175617,0.8273791632905029,-3.9346035729005506,0.2224793478255186,-2.405122935028755,-1.5736997615897095,nan,nan,nan,nan,nan,nan,nan,nan,nan,nan,nan,nan
inf_n150,150,1,floor,12,1,0.15597469116929005,1.2315003496618973,1.1068024050161902,0.5181950204808456,0.6666666666666666,-2.3989237957904117,-2.4744312176879983,0.04256776265112304,0.5215012893765109,0.32846101700225433,0.8589445103850967,-4.340941343036083,0.3280474468408576,-1.908248521365138,-1.547058006602706,nan,nan,nan,nan,nan,nan,nan,nan,nan,nan,nan,nan
inf_n150,150,1,floor,13,1,0.1408431184831448,0.8599887620147871,1.360497171711045,0.44964072835644875,0.5533333333333333,-2.0297228690636557,-2.0412799048521206,0.013493168859055547,0.5660153143090095,0.4918419371678864,0.6155761908181613,-5.458245142853885,0.5966789215756275,-2.419298436077742,-2.0057366726623536,nan,nan,nan,nan,nan,nan,nan,nan,nan,nan,nan,nan
inf_n150,150,1,floor,14,1,0.14297677439748882,0.9865697070835463,1.3530784619461338,0.43720321430046594,0.5466666666666666,-2.2390228621368595,-2.4129298505271817,0.4431325934464483,0.5103826973738681,0.347883275696412,0.5322796721347554,-4.9736262840735455,-0.49138805315870626,-1.867655188607522,-1.7992031023878985,nan,nan,nan,nan,nan,nan,nan,nan,nan,nan,nan,nan
inf_n150,150,1,floor,15,1,0.14786883441201207,1.1664477844507375,1.2451143297611056,0.5425090779431465,0.6866666666666666,-1.966948114660687,-2.879368895397793,0.08684668942917755,0.5571511786145638,0.24617085622066712,0.9154011307712044,-4.7117696647058915,-0.053059104684642026,-2.222778215047309,-1.881431685348456,nan,nan,nan,nan,nan,nan,nan,nan,nan,nan,nan,nan
inf_n150,150,1,floor,16,1,0.15361910306347132,0.7599682888911379,1.0909969625122062,0.44519009406641125,0.5466666666666666,-2.0873072394165457,-2.1965298845078403,0.017057712649727014,0.565001321886484,0.21990139729676195,0.7060713005956585,-4.206893673074913,-0.5469931224712733,-1.5197872473952143,-1.6844931098718656,nan,nan,nan,nan,nan,nan,nan,nan,nan,nan,nan,nan
inf_n150,150,1,floor,17,1,0.15479819004213238,1.1173961231286431,1.1887638991652851,0.517869670756034,0.6733333333333333,-2.4463759285082007,-2.37804391839959,0.07307873635321166,0.6060869038784666,0.474163076641346,0.6589631992215415,-4.356683547758475,0.14955132688699824,-1.9270897739555788,-1.638099223766098,nan,nan,nan,nan,nan,nan,nan,nan,nan,nan,nan,nan
inf_n150,150,1,floor,18,1,0.17431348155156032,0.9929766136528849,0.8323725255415101,0.524715120915674,0.68,-2.1626224480202207,-2.527084637766837,0.4796306028180737,0.5982750639084531,0.1864425840511375,0.5888136537284727,-4.291240059041684,-0.30457935994617663,-1.7721770072844918,-1.674151184921339,nan,nan,nan,nan,nan,nan,nan,nan,nan,nan,nan,nan
inf_n150,150,1,floor,19,1,0.17992948013860646,0.7584359815527566,0.9977142854546994,0.42292131747962314,0.54,-2.1649765805435046,-2.2872423865896367,0.4032095910529934,0.5655982214857149,0.24066850704791976,0.5132234370961314,-3.885655722486241,0.28008692806156565,-2.2622568389829265,-1.4448061308487372,nan,nan,nan,nan,nan,nan,nan,nan,nan,nan,nan,nan
inf_n150,150,1,floor,20,1,0.1711692459247349,1.1349534051081003,1.0146295542924182,0.519543682629574,0.68,-2.242057687321245,-3.0413868987404746,0.22389777512456108,0.5918918258367576,0.3099163033205329,0.942910698829766,-3.2197488056445267,-0.08765143698329844,-2.4658288565910325,-1.402066465246374,nan,nan,nan,nan,nan,nan,nan,nan,nan,nan,nan,nan
inf_n150,150,1,floor,21,1,0.15176582226521257,0.8495402598637842,1.006077613678582,0.45880685057480736,0.5733333333333334,-2.1971512574491348,-2.414047004041772,0.2980464907678975,0.5354422826684436,0.08879733834309321,0.5536405149057075,-4.1524770641817295,0.2068400800540812,-1.9642924978457472,-1.619120524700263,nan,nan,nan,nan,nan,nan,nan,nan,nan,nan,nan,nan
inf_n150,150,1,floor,22,1,0.13403619805465983,1.1121792057063464,1.5657856353511976,0.44238715808723794,0.5533333333333333,-2.1759093387178283,-2.5049917802695356,0.494127563787557,0.5672815205087476,0.35540339685186306,0.7794526634635749,-5.231131695384063,0.052595235363290124,-2.3827039784007904,-1.9122495898481444,nan,nan,nan,nan,nan,nan,nan,nan,nan,nan,nan,nan
inf_n150,150,1,floor,23,1,0.1533666112226516,0.9136529015539556,1.1914845664634115,0.46039442907939704,0.58,-2.6163598638712298,-1.9516955904367241,0.0487523984638188,0.48772363868537677,0.2997607543535903,0.9149576843124916,-5.7634236324134305,0.5204962397025031,-2.0497421479075646,-1.915119533392389,nan,nan,nan,nan,nan,nan,nan,nan,nan,nan,nan,nan
inf_n150,150,1,floor,24,1,0.14633552202838498,1.0794120839547916,1.4037424796688611,0.42958218788527563,0.54,-2.2021822824907775,-2.0254698011442533,0.26212660556011913,0.5850056559308504,0.46989595273717805,0.6501291714013278,-5.241967949757883,0.09286959512828812,-1.615750914848783,-1.825209496197452,nan,nan,nan,nan,nan,nan,nan,nan,nan,nan,nan,nan
inf_n150,150,1,floor,25,1,0.17293371084000966,0.8530298090748846,1.0013502702554082,0.4676941070027374,0.6,-2.0715542940315204,-2.5325522790652486,0.3788794322894138,0.5143915481016489,-0.004988710385373356,0.6109709384614687,-3.9926354277219707,0.008365915548050716,-2.3181096880754466,-1.5900524981975301,nan,nan,nan,nan,nan,nan,nan,nan,nan,nan,nan,nan
inf_n150,150,1,floor,26,1,0.14160092017054532,0.792156094292239,1.1784913743320409,0.4820358902792996,0.5866666666666667,-2.371518445022612,-2.3852684141192926,0.23095409719433263,0.4650688554369975,0.3626934313636808,0.5920295481122245,-5.034557301301318,-0.010637063397861114,-2.1751914139499577,-1.7744839114708206,nan,nan,nan,nan,nan,nan,nan,nan,nan,nan,nan,nan
inf_n150,150,1,floor,27,1,0.1767854334570337,0.8663384674678045,0.9484569955066421,0.5207513630046805,0.66,-2.4009191176065277,-2.3681461807228543,0.04355144372633595,0.5526833002168424,0.22008092484075004,0.7190715088483131,-4.344969044113354,-0.155092027738483,-2.2225146693360043,-1.7430852447250573,nan,nan,nan,nan,nan,nan,nan,nan,nan,nan,nan,nan
inf_n150,150,1,floor,28,1,0.18371509864918703,0.682122919109548,0.8302280047222743,0.43081934938199046,0.5466666666666666,-1.9334772074840023,-2.6614669480182505,0.46244537521383255,0.572321582494203,0.44665925291539904,0.30487601870077435,-3.996823012965492,-0.20106116295976964,-1.4031936011414017,-1.482384854483799,nan,nan,nan,nan,nan,nan,nan,nan,nan,nan,nan,nan
inf_n150,150,1,floor,29,1,0.1548100312494006,1.042830046827123,0.9966674755494941,0.49868875965386034,0.64,-2.1712855373449287,-3.223024538459446,0.4046514788772954,0.5352767039554093,0.43140414492429274,0.6360766518672316,-4.295351304427306,-0.046572018142162816,-2.370410048652873,-1.6744389909540178,nan,nan,nan,nan,nan,nan,nan,nan,nan,nan,nan,nan
inf_n150,150,1,floor,30,1,0.16330634879369052,0.9608298471467367,1.1136150136929972,0.48090060805220297,0.62,-2.3044181397522525,-2.103148388450973,-0.40210918821837144,0.5765186794788085,0.4033701136995027,0.7622308852067183,-4.504576758631341,0.10098825190565248,-2.6339459514481094,-1.7709466221694083,nan,nan,nan,nan,nan,nan,nan,nan,nan,nan,nan,nan
inf_n150,150,1,floor,31,1,0.1521826126370378,0.89345257015614,1.1437429775780312,0.47509334338907705,0.5933333333333334,-2.055383382123783,-3.013121377803576,0.4902997331731005,0.6041317973482394,0.317949100267181,0.93311418300269,-4.56744582781646,0.5722650216714544,-2.6722344187130407,-1.7376379409767015,nan,nan,nan,nan,nan,nan,nan,nan,nan,nan,nan,nan
inf_n150,150,1,floor,32,1,0.17583268683958247,0.8848838979945614,0.9224290167256332,0.5017926879774567,0.64,-2.530327110300468,-2.786368705386352,0.4213802144258839,0.532087840578238,0.27833882123315495,0.8821917331174431,-4.794986196835715,-0.2735373362509839,-2.065467112106208,-1.8180834711764255,nan,nan,nan,nan,nan,nan,nan,nan,nan,nan,nan,nan
inf_n150,150,1,floor,33,1,0.16652194727703998,1.3594932194718687,1.5491062693510083,0.4584341798799128,0.62,-2.3054837764393543,-1.901785532299056,-0.023885197019200454,0.5423561790785175,0.3327459719892049,0.6576805151302546,-4.126833519911214,0.20100833515207697,-2.4720599747540994,-1.5823392772043954,nan,nan,nan,nan,nan,nan,nan,nan,nan,nan,nan,nan
inf_n150,150,1,floor,34,1,0.14552133959077404,0.864306044548012,1.2196314537782673,0.50397625338146,0.62,-2.5135740782016174,-2.579585624593035,0.254484219559349,0.5576000745097948,0.44106687438713177,0.6467808871356112,-5.64635887554693,0.14642190796661325,-1.8793649201473845,-1.9689674846633907,nan,nan,nan,nan,nan,nan,nan,nan,nan,nan,nan,nan
inf_n150,150,1,floor,35,1,0.14702469031489904,1.2067697712698768,1.36269457107925,0.4794742460691026,0.62,-2.111105764353879,-2.978684625640965,0.6504692613108397,0.47210204277427176,0.18700826647881583,0.5965131745499901,-4.739152040212582,-0.4697638198880499,-2.324743872945006,-1.8588651068223907,nan,nan,nan,nan,nan,nan,nan,nan,nan,nan,nan,nan
inf_n150,150,1,floor,36,1,0.15485289556116746,0.7135314865427007,1.055759388596945,0.43836824629646115,0.54,-2.4562179185449593,-2.4971611040633492,0.32554258260885277,0.5130447107438517,0.19516359409109882,0.8206538884255064,-5.224417273894967,-0.18812971085645538,-2.4997989930385924,-1.9749272321928621,nan,nan,nan,nan,nan,nan,nan,nan,nan,nan,nan,nan
inf_n150,150,1,floor,37,1,0.148174712249427,1.1375230270494425,1.3433850993831207,0.44169476881027103,0.58,-2.1475272664304406,-1.7064005147565144,0.03290465504240901,0.566873867957218,0.4950726073857522,0.48671429203467936,-3.9771542586475004,0.11096156271315712,-2.2796660624977605,-1.535588621387067,nan,nan,nan,nan,nan,nan,nan,nan,nan,nan,nan,nan
inf_n150,150,1,floor,38,1,0.16095462708765174,0.8110480308596517,1.0176771170288548,0.4563171198712981,0.5733333333333334,-2.1848618762233687,-2.6765845005403133,0.33551586444351383,0.5161608725102698,0.22402226457971605,0.6818071041795262,-5.870858768452353,0.12073550840011407,-2.343904527309209,-2.171101853294371,nan,nan,nan,nan,nan,nan,nan,nan,nan,nan,nan,nan
inf_n150,150,1,floor,39,1,0.17542731614067075,0.8434972760863669,1.078778802221785,0.41900129373831146,0.5533333333333333,-2.2180556381112546,-1.5535087898340676,0.1435780958761289,0.5975179578591032,0.2984964084678502,0.43397283472491266,-4.984255361084544,-0.3882333869929723,-2.265102743645172,-1.9354117375074784,nan,nan,nan,nan,nan,nan,nan,nan,nan,nan,nan,nan
