"variable","mean","median","sd","mad","q5","q95","rhat","ess_bulk","ess_tail"
"lp__",-502.63817852375,-502.54843,14.9668483581447,15.1423646009999,-527.559509,-478.3177355,1.00197513478762,1467.27561841145,2901.70482751728
"beta0",-1.98734627361625,-1.9896467,0.525785931494833,0.52028236869,-2.86405102,-1.128415475,1.00227939291594,9922.07767826939,5812.79812099369
"beta_time",-3.200012144775,-3.20328415,0.289387551699911,0.28652594166,-3.674436645,-2.72686321,1.00099515436226,9591.82107249906,6153.96765358471
"beta_time2",1.03409969180875,1.0333981,0.139582364552355,0.13802761371,0.8027806145,1.26786818,1.00036400850807,9149.38503523703,5984.18870567711
"beta_bm",0.579012128584164,0.57882582,0.504644807769322,0.500157934353,-0.25263198,1.415253255,1.00139380693549,10096.2697161622,5992.96804143871
"sigma_y",1.1402340307375,1.13888625,0.0441034634350883,0.0442209171600001,1.0684895,1.21445098,1.00122012063463,5596.96373732038,5349.17102819419
"gamma0",-4.444425058075,-4.4085385,1.02276780473472,1.02137692818,-6.21015445,-2.850305425,0.999939070897266,8570.16234884224,5953.70701342965
"gamma_time",-0.357872931993734,-0.34795824,0.407084392505204,0.403830699195,-1.037056165,0.306979296,0.999806898801187,11676.0859326967,5354.51682505958
"gamma_gap",-1.87069321428125,-1.87372335,0.467265168319028,0.46717660038,-2.640670105,-1.1026387,1.00066226543826,13599.3218150942,6138.72293210552
"alpha_mrd",-1.54680002128875,-1.53137005,0.268140752713032,0.26372511039,-2.018930575,-1.13913963,1.00012539292602,7479.76553516502,5736.60720967139
"tau_b[1]",0.85524392420625,0.8519421,0.114376974578808,0.114492280161,0.674849863,1.04988109,1.0004291870977,3826.58017737196,5905.70244944432
"tau_b[2]",0.86597751234625,0.860649375,0.162115635334685,0.159304473027,0.6078836725,1.140745545,1.00105606460395,2202.53222690484,4050.24750632111
"z_b[1,1]",-0.440702582403111,-0.442611045,0.825969964153419,0.8039588984448,-1.79417804,0.917426231499999,1.00121833687097,11335.902687408,5949.99807158334
"z_b[2,1]",-0.626702281887354,-0.628862755,0.47774915785132,0.461685754215,-1.4112714,0.1636312435,1.00083194711286,10435.7940614297,5639.27278063448
"z_b[1,2]",-1.61479965690596,-1.6229762,0.632634125433167,0.61660318419,-2.65923349,-0.556050883000001,0.999727034038209,13025.9440257132,5641.67586849703
"z_b[2,2]",0.11531765732685,0.11241456,0.495807999733947,0.472800687807,-0.6934824165,0.923921821,1.00087032088184,11203.8942356953,5763.83223386932
"z_b[1,3]",0.355288051775418,0.334648335,0.687680137720405,0.681454813935,-0.7562502545,1.50672245,1.00001894174451,11772.8715784593,5606.26933689703
"z_b[2,3]",-0.599091771310012,-0.59164692,0.541793017974595,0.52014344907,-1.50827158,0.2964451255,0.999967330763048,10606.1017877844,6225.47807007803
"z_b[1,4]",-0.0553547295613695,-0.065859033,0.615209248418841,0.599230507344,-1.042383085,0.978022646499999,1.00008949923795,11527.3081375391,5978.67013792542
"z_b[2,4]",-0.694164368676585,-0.69191747,0.787741976750246,0.775796002611,-1.97596561,0.5888945905,1.00035810196699,12743.8833028341,6573.48551299848
"z_b[1,5]",-0.377356262858203,-0.376371355,0.808690964427553,0.815388776307,-1.693961485,0.9345655045,1.00067157643139,11673.5805014835,5964.99674995091
"z_b[2,5]",-0.516053188812184,-0.51620107,0.531168112453209,0.520878307173,-1.38681305,0.345443249499999,1.00027228012372,10869.1276569188,5849.26342697232
"z_b[1,6]",0.18746430417557,0.1768758,0.555993886334068,0.55394198475,-0.7116685505,1.1028182,1.00012554442244,12507.5728531033,6580.37699464582
"z_b[2,6]",-0.0820910438118254,-0.0788116395,0.865174286015783,0.868780160094,-1.515484335,1.32071319,0.99999415207641,12608.5555516651,6128.6233997289
"z_b[1,7]",-0.145093821652054,-0.15603932,0.622469676388273,0.612131506917,-1.14389964,0.886593385,1.00095036004169,11446.427181718,5015.20928732158
"z_b[2,7]",-0.726602536789224,-0.713685415,0.496547154082061,0.478556689569,-1.555977325,0.0593841988499998,0.999848975395039,10776.5840572044,6048.96883083812
"z_b[1,8]",-1.44151362665418,-1.45192085,0.612456752631216,0.61230586809,-2.43142052,-0.442668192000001,1.00026664374814,11267.1592483168,5597.44260369575
"z_b[2,8]",-0.0509631968817424,-0.0548389605,0.503219582092309,0.4844146059963,-0.85914367,0.782467804999999,0.999875025095404,10593.4373750894,5969.7858662058
"z_b[1,9]",-1.43018763129838,-1.4249664,0.502637385380007,0.49604222934,-2.26041326,-0.618768824000001,1.00032520138481,10829.9844036751,6407.82069881675
"z_b[2,9]",-0.121022011441345,-0.12021483,0.448739882498125,0.442497470583,-0.850575105,0.609514847,1.00001279124293,10959.904104088,5850.99689891409
"z_b[1,10]",0.730019989783411,0.725807475,0.755863484790642,0.761113525704,-0.518464775,1.98001566,1.0005483543283,11749.341524114,6314.85218896155
"z_b[2,10]",0.0535630167217525,0.0503001705,0.545191144747584,0.542150829885,-0.8260331335,0.954796511999999,1.00067119688814,10440.0083501731,6039.95688618238
"z_b[1,11]",0.960321049763855,0.969321835,0.823001871568949,0.819501834879,-0.4055544065,2.28910698,0.999979093745738,10886.30900983,6646.27548876398
"z_b[2,11]",0.991726319321711,0.990289705,0.571051753465785,0.559843310964,0.04564111205,1.939348305,1.00005680208391,9456.11432991202,5550.11434703301
"z_b[1,12]",-0.256376035738181,-0.253007,0.870515437029906,0.859233661629,-1.676379645,1.186849015,1.00127630118163,12697.0696961613,5852.61385614881
"z_b[2,12]",-0.676582143147427,-0.67802959,0.465421291695621,0.454871754267,-1.440455095,0.0845661633999995,1.00182715482588,11912.4378757443,5920.22265011589
"z_b[1,13]",-0.302919749038509,-0.31907859,0.630406195128072,0.629171503149,-1.31049803,0.7541210195,1.00036072488877,11628.3424374601,6552.84109411888
"z_b[2,13]",-0.662809557621966,-0.66366017,0.517574931444647,0.501583031712,-1.525900955,0.169453063,0.999923588094608,11357.297113795,6296.87575968144
"z_b[1,14]",-0.471706492992154,-0.463829235,0.767664688215175,0.7609230938883,-1.756868625,0.760962951999999,1.00196044999385,13068.4304078502,5761.20504771681
"z_b[2,14]",-0.541838152456439,-0.542017395,0.484494052502047,0.478783112241,-1.341359645,0.261358529499999,1.00204437371716,11748.3987146094,5757.00494964125
"z_b[1,15]",-0.497287999425999,-0.495209175,0.830494878037637,0.808559298015,-1.888680865,0.853921865999998,0.999911764702951,12685.7635241965,6087.72515043842
"z_b[2,15]",-0.542623074683091,-0.54262076,0.529526287070508,0.512514767835,-1.40293037,0.3185027385,1.00008184090704,11305.3448187101,6327.5245448077
"z_b[1,16]",-0.762823554346704,-0.75835811,0.689086773684367,0.696971861208,-1.886991965,0.35272413,1.00061068177637,13097.3133261856,5838.71673373327
"z_b[2,16]",0.552545004621904,0.55731004,0.60364771354159,0.595192201464,-0.438950152,1.554916705,1.00052323560272,11673.0158191629,6350.15266278421
"z_b[1,17]",0.443902962846155,0.434249155,0.608457088890509,0.6068797418628,-0.5391875295,1.460443645,1.00089998488721,12006.7554939576,6180.82870014812
"z_b[2,17]",0.00907732338477725,0.00169657025,0.540509093214836,0.51379414748235,-0.884902254,0.906935291,1.00099348889006,11539.7998815,5276.10725527191
"z_b[1,18]",0.105029474368057,0.0981711285,0.693429429518537,0.6841409241219,-1.02784603,1.27757498,1.00047933631959,10569.368695026,5783.42516082498
"z_b[2,18]",-0.479304318035114,-0.478183055,0.511807106696306,0.504887191137,-1.32315244,0.347995392,1.00038792121104,11638.766545497,5953.35586878879
"z_b[1,19]",-0.407203936303073,-0.414560815,0.606482610313554,0.5916228805116,-1.396653015,0.608186232499999,1.0003940197195,12491.8718164675,6360.66143162542
"z_b[2,19]",-0.607861850808951,-0.597774715,0.488210999267403,0.479478429402,-1.423472965,0.172923965499999,1.00013840966791,11841.8955574639,6387.70147859799
"z_b[1,20]",0.339725967752919,0.321881135,0.645866950645277,0.626770565883,-0.7036351655,1.42752292,1.00030840158696,11512.1420465636,5368.71468499644
"z_b[2,20]",-0.680655267760744,-0.67704536,0.577130266532854,0.567945423444,-1.633282435,0.247124926499999,1.00080347911085,11638.7858136239,6230.36876300796
"z_b[1,21]",0.484728657044698,0.478372405,0.717880166517764,0.71261906007873,-0.669108783,1.679126595,0.99981190511017,10885.7900441262,5902.32405035772
"z_b[2,21]",-0.722953192948272,-0.716770095,0.574148914732301,0.563473627563,-1.675202015,0.206596718999999,1.00005546082533,10914.5380572213,5948.71184876194
"z_b[1,22]",-0.978632719300749,-0.9693282,0.732624842983926,0.71429836989,-2.1929886,0.208191137999999,1.00046358809871,11584.9234340913,5677.59751044103
"z_b[2,22]",-0.314321864460309,-0.31489339,0.596353855207613,0.5805017207409,-1.294769335,0.667118519499999,1.00000737114472,10288.5621264334,6099.4490094502
"z_b[1,23]",-0.526343877075516,-0.531233945,0.871955873546794,0.8764988114274,-1.979088385,0.9058994785,1.00063317640351,10551.1917498588,5691.64784841429
"z_b[2,23]",0.923157235906519,0.889951615,0.479709327174743,0.477055883241,0.164609679,1.75652298,1.00005102548548,9288.26109862483,5869.34723788187
"z_b[1,24]",0.495276358375651,0.487655165,0.590104919526388,0.5920690022646,-0.455734339,1.48723399,1.00063835929772,11545.148684295,6309.08108121702
"z_b[2,24]",-0.644261781663649,-0.637702685,0.563970486977703,0.564383499183,-1.587408465,0.260240706,1.00108122725126,11262.0431106777,6588.12010579549
"z_b[1,25]",-0.552035832043199,-0.563991215,0.561485720294714,0.550078736865,-1.45970967,0.382404330999999,0.999743609797823,10900.5161324264,6398.13012992325
"z_b[2,25]",-0.800439984604763,-0.80049906,0.811138229414405,0.819180488742,-2.122451965,0.5524089865,1.00005775567213,12485.9411584953,6716.30982694474
"z_b[1,26]",1.05870575149463,1.05330255,0.837235058092347,0.84420407841,-0.3138469135,2.44024269,1.0000143196924,11457.1272673794,6031.70021557858
"z_b[2,26]",0.481338670525459,0.478691695,0.529165552196928,0.514173812061,-0.3818812005,1.352957415,1.00043066721895,9567.88887598976,6235.27209576542
"z_b[1,27]",0.779820827120161,0.778442965,0.789143507715399,0.781064866491,-0.49280071,2.092618065,1.00048692028633,11769.5044746916,6178.08072505871
"z_b[2,27]",0.973393053989967,0.95946219,0.531566492682737,0.528543541911,0.119400709,1.869080655,1.00048422319929,9292.61657677977,5582.19593519625
"z_b[1,28]",0.697348747863793,0.68778867,0.581721930270096,0.571823274939,-0.2466015945,1.662844665,1.00031635764888,11987.5051032393,6541.51684578473
"z_b[2,28]",-0.720761191264602,-0.715874435,0.579458420340233,0.562975118139,-1.69346164,0.211027798,1.00134229820019,11585.3910372465,6255.20762132977
"z_b[1,29]",-0.359253590122719,-0.36141272,0.593557640465713,0.591226454028,-1.3335638,0.6125076425,0.999841343026819,12984.322760262,6726.12274860253
"z_b[2,29]",-0.72285551284728,-0.71737651,0.609633382780836,0.607278163926,-1.73288169,0.2639766095,0.999922927669555,12355.5814822486,6267.29647700558
"z_b[1,30]",0.635980035529524,0.632240215,0.708779818270049,0.698248461351,-0.5259940975,1.82190506,1.00116672499843,8631.39695277883,4954.91952566061
"z_b[2,30]",-0.757858607602725,-0.742050105,0.56935783615269,0.550957021692,-1.721634985,0.159373657999999,1.00104377986943,11317.4565005969,5653.64317202724
"z_b[1,31]",-0.340865050366037,-0.3504619,0.700215779322067,0.701126869947,-1.47417188,0.818554787499999,1.00086009643876,13099.4500671183,6450.66969424527
"z_b[2,31]",-0.574360398900129,-0.58262712,0.672121361978385,0.662492018937,-1.684031775,0.546499153499999,1.0008337576994,13472.5341132505,6482.59943083455
"z_b[1,32]",-0.49868201225613,-0.510435965,0.576286031679375,0.57208404204,-1.43118953,0.4537543755,0.999912124682779,11497.9593086569,6235.5370390996
"z_b[2,32]",-0.0159817178313425,-0.018378395,0.548782337325393,0.533744925252,-0.904590639,0.8844172745,0.999884713948027,11937.3032524488,6186.65414670474
"z_b[1,33]",-1.07230736605918,-1.06991865,0.609381840228866,0.60333643461,-2.07721179,-0.0650267080000003,1.00037689933355,12899.8960084101,6609.48079555091
"z_b[2,33]",-0.448153973683339,-0.45258357,0.644177358886706,0.634925221707,-1.50911561,0.617853406,1.00068150884709,11807.8122663005,6871.05268244226
"z_b[1,34]",0.0879669253956549,0.079712112,0.528592986105449,0.528892886949,-0.7632334945,0.98123924,1.00022839592541,11204.0528187441,6502.90652252834
"z_b[2,34]",-0.271084962260174,-0.27287204,0.638001238177461,0.629704594218,-1.300460585,0.7672256585,1.00008446183339,12060.5877977203,6067.32859678555
"z_b[1,35]",0.711918389766683,0.695111725,0.563851302609376,0.558802058745,-0.193816997,1.651263335,1.00044551296059,9854.98779161777,5227.8839611049
"z_b[2,35]",-0.583351473297549,-0.583233155,0.579433490977921,0.574327897836,-1.536291755,0.365928341,1.00116923088086,11105.2897020256,5906.11537922774
"z_b[1,36]",0.808949407658464,0.799555095,0.626262333114152,0.619590163584,-0.2178626795,1.85561082,1.000668598796,9485.45125081655,6065.05906300865
"z_b[2,36]",1.90654604530825,1.897817,0.62106015474598,0.61190942085,0.91197232,2.938860385,1.00064532169553,11920.7758714458,5879.8080425794
"z_b[1,37]",0.90174454367931,0.88477734,0.5900835501099,0.584210857545,-0.05616389005,1.875160365,0.999930025177317,10268.2726731179,5692.86962990789
"z_b[2,37]",-0.444462184287544,-0.44071845,0.614051262297426,0.6106919920143,-1.433924215,0.556433133999999,1.00000231654102,9876.09542333083,5629.45012909441
"z_b[1,38]",0.577149911117487,0.57950743,0.707869235510075,0.7125877000494,-0.5848442455,1.746606715,1.00097441700385,12605.8289321253,6109.44222975546
"z_b[2,38]",0.352886747551811,0.35453009,0.771781127580264,0.76158055953,-0.9173718815,1.63036924,1.00065425766904,12346.7229067468,5748.37368697444
"z_b[1,39]",0.0949238162621138,0.0915842875,0.584175892353434,0.5774387225145,-0.8605514325,1.062255935,1.00082956576775,11627.1485776745,5697.51572344038
"z_b[2,39]",-0.692297733298624,-0.69440169,0.807289566278382,0.803751270693,-1.998774545,0.667193068,1.00079647245203,12539.4578948671,5383.86307331237
"z_b[1,40]",-0.854999235059101,-0.866352775,0.621861903471629,0.623130367755,-1.87030132,0.179213898999999,1.00148959293101,10868.5068958624,6216.85167233592
"z_b[2,40]",0.829101080566522,0.826786705,0.584591636878767,0.576936139647,-0.126790657,1.790799145,1.00055004885505,11070.1366345848,5964.54744578112
"z_b[1,41]",0.849049333508272,0.842496325,0.557441757763766,0.556349230479,-0.04808172545,1.76462006,0.999997722649684,12182.9314382891,6616.71320478289
"z_b[2,41]",0.647607054607714,0.652559635,0.894276881137873,0.9023301023016,-0.8517415415,2.112780695,1.000585683601,12338.6597144654,6527.54829311937
"z_b[1,42]",-0.670127145544386,-0.68146197,0.550268657617258,0.551132783922,-1.55772791,0.245042049999999,1.00031027202343,10957.8495660483,6520.08171842574
"z_b[2,42]",-0.864486756704559,-0.88247161,0.842788969467416,0.843122343798,-2.233674025,0.527814936999998,1.00035888668262,12042.4174676366,6784.30787413583
"z_b[1,43]",1.27668432660082,1.2687714,0.586586901571294,0.581185337964,0.330706334,2.24235293,1.00128715476061,12429.2360633899,6258.07299023245
"z_b[2,43]",0.246651682577258,0.248001535,0.550562290535681,0.534058554456,-0.6684679915,1.159301285,1.00038165971686,11495.6550083767,6059.7323910973
"z_b[1,44]",0.471048949685023,0.47264815,0.671899334640081,0.6713945419377,-0.6305602775,1.589612345,1.00033506251106,12501.0690940256,5309.99828027311
"z_b[2,44]",-0.624376128385473,-0.62462996,0.636766936206616,0.625778098617,-1.661061495,0.408795042499999,1.0001513385418,11567.9725864644,5448.98614851111
"z_b[1,45]",0.0592689921546763,0.0537932415,0.56543159267791,0.57071471268,-0.858765704,0.993007025,1.0006045749443,11683.2626560751,6750.60935025227
"z_b[2,45]",-0.665424732335149,-0.670729375,0.714485035463831,0.698987426256,-1.814394075,0.513489727999998,1.00069520650928,11024.1469107596,6192.16094516772
"z_b[1,46]",-0.189325696357237,-0.19972638,0.600609184365519,0.585064857384,-1.17671709,0.802774716,1.00009692035065,11722.3701698453,6810.93857745432
"z_b[2,46]",0.62575190400195,0.61655147,0.635507544497914,0.631330561638,-0.3988209245,1.679733115,0.999976184934435,12083.4561876225,6569.12867404549
"z_b[1,47]",0.334709316050212,0.338939915,0.571241345901441,0.5766492817512,-0.6120730065,1.27369104,1.00041747629757,11493.9287464494,6468.42051661089
"z_b[2,47]",0.277492636016525,0.276555305,0.604531104423608,0.602389231122,-0.696135305,1.276820455,1.00015802391594,12810.0133132141,6626.27166046267
"z_b[1,48]",-0.19649288978219,-0.198330575,0.579599969360792,0.565780486446,-1.15515516,0.7765044975,1.00051472337148,10043.6249863695,6798.39569315309
"z_b[2,48]",1.1519469801308,1.1541618,0.651872724431634,0.637651641564,0.06738673285,2.23160685,1.00074400379807,11924.5251325631,6004.56514468564
"z_b[1,49]",-0.424112564891949,-0.420703845,0.547841369706883,0.546928056192,-1.328653135,0.472104754499999,1.00012400161859,10769.8919939342,6874.68286310536
"z_b[2,49]",0.834027457256369,0.827305745,0.643558636978355,0.625477738683,-0.219817792,1.893592735,1.00064334809421,12253.3879928348,6009.70326214177
"z_b[1,50]",-1.11993088919656,-1.1210259,0.608511606140106,0.599409464577,-2.131672615,-0.1229481475,1.00031363995555,12343.4724093737,6301.3541299942
"z_b[2,50]",0.492112327214786,0.491653305,0.7019646590695,0.6968238154437,-0.6502311855,1.654755065,1.00042469400371,11414.2207218259,6412.464677377
"z_b[1,51]",-0.750156943746747,-0.75644086,0.664147785644556,0.664663116138,-1.82656394,0.340585532499999,1.00028103688015,11170.2909252013,6243.99516064612
"z_b[2,51]",0.854986721479744,0.8539574,0.604341179529193,0.605618422878,-0.1233841245,1.876364045,1.00006444755456,10451.808912058,6403.49838543578
"z_b[1,52]",0.527263554431909,0.52049287,0.572750248547109,0.55994399433,-0.4026786515,1.47890689,1.00031470970473,11223.6596171751,6196.88185691528
"z_b[2,52]",0.0726926440834712,0.0813992485,0.702876028466186,0.70890237306,-1.082832745,1.221502945,1.00001896739093,12934.1509725981,6692.55077253284
"z_b[1,53]",-0.0271323366028688,-0.0381807535,0.62933654542094,0.6310673356449,-1.021247615,1.01986024,1.00069439829107,12677.9855190068,5938.22765518884
"z_b[2,53]",-0.310312045934759,-0.30964539,0.649260164186164,0.648488135463,-1.371335595,0.746298253,1.00149227824594,13465.8187388315,6368.84966545143
"z_b[1,54]",0.32153665797135,0.31422576,0.539315481372088,0.5228006122332,-0.558808237,1.234221925,1.00004577864782,11437.8355894178,5612.75129391986
"z_b[2,54]",-0.777518210081465,-0.768556895,0.637722436580004,0.626645553051,-1.832656545,0.249381809999999,1.00031702272982,12343.5483833592,6453.260930122
"z_b[1,55]",-0.772076486798995,-0.786940115,0.541501332438478,0.532227076437,-1.645874165,0.1362243085,1.00011782015509,10861.2358638443,6541.99442118883
"z_b[2,55]",-0.800610863370829,-0.79514474,0.795263743900833,0.791102550336,-2.102720385,0.488532584499999,1.00025821101987,11619.5768347963,6072.49929311564
"z_b[1,56]",-0.257831494285832,-0.26496149,0.611120361303751,0.606590800914,-1.275267165,0.735525331999999,0.999891802809579,11501.3617958554,6699.8764683528
"z_b[2,56]",1.22289296375518,1.2190104,0.700494400400145,0.680542058658,0.07495871095,2.37086642,0.999833234034196,12375.7391268519,6499.84173199239
"z_b[1,57]",0.317941214162015,0.31288677,0.647016316540474,0.63434701512,-0.7301698455,1.386275005,1.00005808277159,10899.5845283021,6589.22001413613
"z_b[2,57]",1.39131125770195,1.39940095,0.816411427843622,0.809071565967,0.0227610710000001,2.731262275,1.00001560631091,11986.0585852415,6066.62849794292
"z_b[1,58]",-0.435901958234565,-0.434215035,0.836652990509056,0.838496327865,-1.801233665,0.946188898,1.00066546048658,11565.4444686364,6067.88829542341
"z_b[2,58]",-0.486172095247641,-0.48685402,0.653563825684089,0.646163618814,-1.58120969,0.577213980499998,1.00066106884572,11390.4553000362,5707.72523323675
"z_b[1,59]",0.27893563923313,0.276072725,0.58358132368115,0.56441529354,-0.6663191645,1.25238711,1.00067430726358,12264.4816380708,6060.31888273977
"z_b[2,59]",-0.0364445319840425,-0.0425105605,0.637387398368646,0.628682941971,-1.076186485,1.02175833,1.00056879618929,11980.6518980161,5969.09056231685
"z_b[1,60]",-0.88503993229161,-0.88608682,0.65346857220771,0.654795004668,-1.96613155,0.205099206,1.00053685849176,12505.8560139514,6161.50098137916
"z_b[2,60]",-0.606458439549254,-0.600774835,0.947472486017833,0.9494401487382,-2.143950355,0.940276607499999,1.0001043901811,11670.4957735649,6028.31998873666
"z_b[1,61]",1.03894500199759,1.04380685,0.666568125851311,0.66483742542,-0.0776572749,2.13141443,1.00013824921226,10097.0547778409,5623.33395049939
"z_b[2,61]",1.59531433728432,1.61123005,0.771278167852375,0.77027786178,0.3419930595,2.8485006,1.00005681871344,11362.5099964965,5740.65522117644
"z_b[1,62]",0.872128549548652,0.87302894,0.652882258350507,0.643928406576,-0.18623773,1.955941895,1.00079307870367,11486.7064371221,6436.96262328508
"z_b[2,62]",1.40242517762839,1.4148143,0.804349736251671,0.800900319849,0.06618594315,2.69799167,0.999929326409794,12710.1751223519,5733.8215629213
"z_b[1,63]",-0.625198019034339,-0.631505745,0.566019120699629,0.563216048052,-1.556862175,0.314705192,0.999909497304117,11886.8845649113,6118.73417004338
"z_b[2,63]",-0.0903302343651314,-0.097942632,0.812974577669045,0.814857004752,-1.4274634,1.24013525,0.999982859317219,11925.9755422213,5798.25476204326
"z_b[1,64]",-0.970634059786724,-0.980912025,0.626007193473697,0.631299493755,-1.985631455,0.0660393682499997,1.0002137020701,12284.5477748511,5835.93645542815
"z_b[2,64]",-0.432196092973964,-0.44527774,0.723682287433676,0.7106945199249,-1.622360995,0.770530773,0.999964514911169,12383.0692647183,5846.73005262997
"z_b[1,65]",0.835391298650353,0.83660414,0.719986455495068,0.722405664057,-0.3537963015,2.013652295,1.00042575074816,9756.76731215426,6182.48135452455
"z_b[2,65]",1.23229154758485,1.22761265,0.795575824783158,0.77644696038,-0.0686223835,2.546560905,1.00035076832086,11547.158564464,6720.53875880564
"z_b[1,66]",1.03414185207574,1.0169115,0.642213824296273,0.624593315892,-0.00866288136999999,2.11366016,1.00019317680625,11792.2128921983,6278.83986462103
"z_b[2,66]",0.87465290842145,0.87963704,0.929496285013483,0.932966836326,-0.636925532,2.386176285,0.9999275936114,12429.4005124282,6561.07999714909
"z_b[1,67]",0.0735480662829698,0.0586414695,0.612720230163618,0.6068783133777,-0.915037072,1.095841865,1.00000675074582,11248.0805588277,6014.98044974846
"z_b[2,67]",0.13497288930972,0.13886089,0.810258497772291,0.80960901588,-1.196009125,1.474810265,1.00050131628259,12311.9078317926,6662.95675907761
"z_b[1,68]",-1.38131069784452,-1.38823485,0.600556264224068,0.59004655647,-2.35530829,-0.3833724695,1.00049795164216,12482.3769912121,5701.62406318686
"z_b[2,68]",-0.62043353827669,-0.629270055,0.937723689249398,0.93456095238303,-2.1655817,0.9204327905,1.00057424267543,12696.0690849679,6402.39779107902
"z_b[1,69]",-0.799268291244527,-0.800627085,0.544180916899668,0.533805585831,-1.69458368,0.105729703,1.00084837894641,10850.0707140062,6221.17507633153
"z_b[2,69]",-0.968970351228554,-0.96851829,0.862587953287295,0.855543314556,-2.384419095,0.4321505985,1.00061653063933,10592.6619527936,5887.77586902451
"z_b[1,70]",0.485973561433092,0.482721335,0.680670329360682,0.684922318815,-0.620281734,1.626790755,0.999816614344277,12818.1383210647,6231.84743819161
"z_b[2,70]",0.705862574698575,0.706147185,0.871764532818244,0.894724058886,-0.7236126955,2.128470275,1.00059208910634,12287.1817147371,6152.17304550375
"z_b[1,71]",-0.309517318198202,-0.32007129,0.581863835800724,0.575809660167,-1.257683415,0.659683994,1.00039378651856,11637.0996745917,6213.74804362744
"z_b[2,71]",-0.00802189440239,-0.007586824,0.85945941604432,0.850071497562,-1.4494456,1.392912285,1.00193182218556,12607.0527031525,6182.94523061663
"z_b[1,72]",-0.308548057824696,-0.315805645,0.562400727915462,0.561207703266,-1.222863385,0.6195917525,1.00047632821514,12785.2789401467,6756.57761087589
"z_b[2,72]",-0.599661739999784,-0.606221745,0.824758419026855,0.8153298488874,-1.955178665,0.7506771335,1.00014403171123,13410.9514117457,6481.30314696833
"z_b[1,73]",0.985489354708075,0.981083395,0.598783906742865,0.586689838875,0.0141052970500001,1.9800106,1.00044617868808,12595.5539766405,6143.84793078806
"z_b[2,73]",0.615026974876326,0.621809585,0.896331577316206,0.894856833129,-0.8681014015,2.08476879,1.00123252372856,12475.8055966084,6238.85782016344
"z_b[1,74]",0.28054387809732,0.25924071,0.675630964710841,0.673141742301,-0.793888437,1.41963415,1.00019187156165,12794.1603315908,5692.72474396196
"z_b[2,74]",0.169839931865358,0.17551235,0.932813989809388,0.920028645732,-1.382022655,1.68933732,1.00033410857188,11510.297622376,5864.10363991411
"z_b[1,75]",-0.0048331103511825,-0.020130822,0.55910662765862,0.5442950297568,-0.912074084,0.9220453755,0.999782653149641,11793.2335393511,6180.05997196872
"z_b[2,75]",-0.570671856653862,-0.582516985,0.873428692172864,0.87582206642595,-1.994495045,0.884534659,1.0003402532784,11815.8188459391,6009.68353422025
"z_b[1,76]",-0.514079481493664,-0.522450995,0.555997665118009,0.542583400674,-1.414254745,0.422303046,1.00002661770643,11267.9990552135,6143.20842572505
"z_b[2,76]",-0.10623596571298,-0.11504736,0.857600091381543,0.836645197983,-1.52552849,1.301101085,1.0005053036245,11741.1152242288,6103.89198409701
"z_b[1,77]",-0.70449794985539,-0.708434625,0.727397792381107,0.711702908091,-1.87813591,0.480931957499999,1.00006935379097,12676.4699750708,6472.246626378
"z_b[2,77]",0.35762887384798,0.350928125,0.801714667825306,0.770373600675,-0.9795598605,1.67828684,1.00079014196113,12019.5037142223,6182.29584155572
"z_b[1,78]",-1.66820482971284,-1.6682686,0.668437880075741,0.65322496092,-2.76924032,-0.55697551,1.00088790008341,14615.4268414175,6796.20431214369
"z_b[2,78]",-0.492554174139334,-0.48066459,0.941972009928967,0.933736898766,-2.056447075,1.064236665,1.00029831475236,12280.62551478,6225.95010290491
"z_b[1,79]",-0.681821227620421,-0.682124435,0.558550565828105,0.549561042597,-1.601367375,0.2478194655,0.999920698948585,13088.7542502117,6728.56278455748
"z_b[2,79]",-0.837937531121916,-0.843091955,0.920025543454224,0.933196513305,-2.339892255,0.684571069999996,1.00009949277863,12278.6686037746,5989.87233820363
"z_b[1,80]",0.769508063060661,0.761660175,0.62809125027786,0.633081000741,-0.2605387405,1.81646536,1.00075811125106,12661.3232016127,5999.29483938932
"z_b[2,80]",0.357532250384272,0.35843346,0.958477250708642,0.955560377877,-1.22282566,1.92824296,1.00010634313387,12785.6516270037,6054.73206810733
"z_b[1,81]",1.63493323782774,1.6277536,0.607400653551484,0.60286415238,0.651590292,2.64181392,1.0005927594019,13143.6793729318,7204.9130396643
"z_b[2,81]",0.412503181407906,0.420264855,0.895675117076926,0.902451199587,-1.06161771,1.886529775,1.00000582860645,14176.5323018802,6334.47037195467
"z_b[1,82]",1.71743470911851,1.7185748,0.617699339514803,0.61318905291,0.692066521,2.73528475,1.00011668337692,10026.7314339743,6749.72414282551
"z_b[2,82]",1.02912541930505,1.0276721,0.908472705342046,0.91658720496,-0.473904412,2.51882285,1.00055678916648,11646.3133507455,6313.15771203389
"z_b[1,83]",1.1236246318157,1.1163891,0.637227242566169,0.647635825788,0.0943355767,2.17425566,1.00066606886233,13659.0726023732,6630.14284820405
"z_b[2,83]",0.1863244575527,0.18569768,0.942911896165644,0.925168071219,-1.352206865,1.71440386,1.00005155791007,12747.2473758327,6276.0460330832
"z_b[1,84]",1.51110332044412,1.51028335,0.616535595970281,0.61592556186,0.501843388,2.520298245,1.00033776911766,11493.5558238888,6109.15500358646
"z_b[2,84]",0.849231886354041,0.848869085,0.912945381074439,0.917543052006,-0.6371469715,2.337170845,1.0006049775339,11650.3257224748,6067.75040562896
"z_b[1,85]",-0.56979190292132,-0.570222375,0.633002637184139,0.622728212505,-1.604931385,0.472507774999999,1.00022177933004,11570.6910655071,6039.6557049069
"z_b[2,85]",-0.623781282207794,-0.6237792,0.915542249216243,0.90823668285,-2.140411695,0.865353442,1.00091454366392,12470.5492359884,6620.7177042093
"z_b[1,86]",-0.0847028262593345,-0.0915961155,0.589433134668661,0.5929893981207,-1.0518275,0.913592579999999,1.000184738919,11885.8489822624,6773.66609989731
"z_b[2,86]",-0.733227551513068,-0.728663235,0.95628749298172,0.9475016225514,-2.30439454,0.847654632,1.00025630700158,11380.1764128393,6499.07669311653
"z_b[1,87]",0.453023412312412,0.44679292,0.666886309980608,0.657517569765,-0.6252929,1.548783845,1.00042531479989,10543.0295578589,5959.80718840907
"z_b[2,87]",-0.172750538605402,-0.158102265,0.867077270219653,0.858080517588,-1.623335035,1.234724085,1.0004180698596,11588.9684080028,5856.98780462906
"b[1,1]",-0.379233822255919,-0.37385065,0.704288028141443,0.6849327059106,-1.552326015,0.767038051999999,1.00161429283576,10840.7391867255,5789.88256348601
"b[2,1]",-1.3763334910824,-1.3842177,0.551602070767968,0.54816710949,-2.271592585,-0.456243108,1.0000386380975,10623.2717559861,5594.67735372409
"b[3,1]",0.302397566736229,0.28471291,0.583664161688651,0.576668300544,-0.6400135565,1.28652802,1.0000441613077,11433.63558475,5453.83567983084
"b[4,1]",-0.047700401809016,-0.056297237,0.518652588681385,0.507419864826,-0.8809463295,0.828299238,0.999956928328685,11548.0500025242,5709.75371344571
"b[5,1]",-0.3253171684801,-0.319305515,0.690194759743982,0.687816991533,-1.46024188,0.793100944499999,1.00094093111973,11165.6481587958,5731.23486653673
"b[6,1]",0.159101781335878,0.14980132,0.470219041900564,0.472755661245,-0.6068844055,0.9338088475,1.00008862419111,12652.4829757684,6786.17188943869
"b[7,1]",-0.125490422815451,-0.130543635,0.526028410750906,0.516401062737,-0.982959227,0.757002634499999,1.00121486671936,11283.569624401,5387.2926987256
"b[8,1]",-1.22672326320662,-1.22245485,0.529456914643518,0.52698898392,-2.09847816,-0.363056161,1.00009860195842,9630.61931523051,5408.69003620712
"b[9,1]",-1.21320514799298,-1.2117417,0.424886244900895,0.423258674769,-1.9155554,-0.512545836000001,1.00025568673593,11440.5961727651,6346.5370195951
"b[10,1]",0.629972334436285,0.616017305,0.653141948928146,0.656304906747,-0.427562922,1.74407409,1.00058305805401,10172.2242771029,6132.36006464643
"b[11,1]",0.828532146944026,0.81912181,0.716602439740667,0.711348870624,-0.325481862,2.027761995,1.00007136369557,9991.38520721638,6396.85810305308
"b[12,1]",-0.219747327456601,-0.21411823,0.745280921199285,0.723259582353,-1.44926092,1.0025838,1.00120248775468,12180.1447976714,5899.72200433954
"b[13,1]",-0.26008870419038,-0.26990116,0.534539442202439,0.5404296676842,-1.12186344,0.6359531415,1.00047471652181,11446.8524552253,6324.27921205908
"b[14,1]",-0.407058994949108,-0.39076224,0.659808033806722,0.649498771992,-1.514840945,0.640571109,1.00135078444313,12643.8987855884,5776.08607583552
"b[15,1]",-0.42894123882849,-0.418975855,0.710523321349364,0.6957070521828,-1.612943375,0.696306997499999,0.999890872350664,12238.0755107157,5911.80392286855
"b[16,1]",-0.651088055841344,-0.645952725,0.588475933706823,0.594793634106,-1.613122375,0.2894266875,1.0008541466762,11350.088631112,6143.38627785946
"b[17,1]",0.37875338677444,0.363110155,0.516637269542571,0.5183396237649,-0.451409095,1.250719185,1.00086776408068,11491.9645350728,5665.46541042483
"b[18,1]",0.0878651854502313,0.083192113,0.587313861049291,0.57970149258,-0.873918032,1.06894692,1.00026925215966,11065.9443727477,5606.81337449929
"b[19,1]",-0.34597500948388,-0.350044755,0.509354878328894,0.5002546851225,-1.17805614,0.514759351,1.00008191836487,12153.096701298,5567.74959784776
"b[20,1]",0.288693079190122,0.2713751,0.546081004340316,0.5295810223956,-0.596520531,1.210780225,1.00069261072888,11108.564274033,5552.43862435041
"b[21,1]",0.413366253537495,0.399466865,0.610691669265149,0.610205891211,-0.5618643385,1.435479605,0.999889250097483,10144.2206736652,5991.03255774356
"b[22,1]",-0.838263238056296,-0.81831807,0.633685577974534,0.622224135918,-1.89267465,0.1738921245,1.00064796236327,10481.065084481,5669.29810124514
"b[23,1]",-0.453649784489821,-0.44994602,0.749223222914747,0.7436142377832,-1.70743203,0.764572935,1.00052571976105,9449.24382732004,5803.71038389692
"b[24,1]",0.41990476982753,0.41704059,0.498391990973139,0.4980080398146,-0.3815860755,1.250720805,1.00058338848937,10989.6903248301,6322.73262550377
"b[25,1]",-0.469940739361303,-0.48070086,0.474360411981682,0.475424726721,-1.245372575,0.3295772145,0.99974126487179,10819.7921659024,6462.34815297828
"b[26,1]",0.91180113466827,0.89507741,0.731986165488642,0.732944570484,-0.252400217,2.152556235,1.00013532797152,10363.0881569277,5958.74827582977
"b[27,1]",0.670207063481166,0.65800069,0.67962744669781,0.678808017111,-0.4178716795,1.79647931,1.00026994312695,11645.2304114532,6290.43481486232
"b[28,1]",0.592764679633637,0.582435285,0.491908640380955,0.484355975838,-0.205037185,1.40513889,1.00006436589982,11167.5295526307,6306.30545341268
"b[29,1]",-0.306804251835006,-0.30716607,0.50037020228293,0.504021849408,-1.133437915,0.521035862999999,0.999980427366946,12973.6295748356,6898.62388324599
"b[30,1]",0.543942647581909,0.53448378,0.603874723590847,0.595912085307,-0.44735515,1.541525575,1.00138369140501,7812.01035214956,5091.97053882217
"b[31,1]",-0.290843064902456,-0.298625925,0.597005925320862,0.596732882319,-1.25083519,0.6860342715,1.00085290368506,12972.0172939327,6504.02964838745
"b[32,1]",-0.424866233876977,-0.42975735,0.48759338335354,0.4893755375628,-1.21994811,0.37955358,1.00002717385865,11022.2250060849,5895.15645205865
"b[33,1]",-0.912887947313056,-0.909274795,0.52171301441489,0.515939692443,-1.7724621,-0.0550226238500019,0.999946357003256,12164.0474952527,6802.12314689532
"b[34,1]",0.0737557643476669,0.066548147,0.444360870763906,0.4502621551638,-0.6416031975,0.816204208,1.00042014649833,10956.4943337224,6321.47926467018
"b[35,1]",0.604371939634702,0.58952953,0.477117023795821,0.476501138799,-0.166874498,1.391941085,1.00115552489954,9693.94444033446,5023.14899834134
"b[36,1]",0.690057598046084,0.68154017,0.535786401071449,0.527908388658,-0.177482531,1.576474705,1.00062924041426,9997.76273965683,6116.65672551121
"b[37,1]",0.765145924417365,0.755370165,0.498502616985233,0.494603343801,-0.04268979385,1.604382485,0.999947502409758,9653.80971260095,5930.40326707027
"b[38,1]",0.494042366835968,0.48933616,0.603365746056168,0.6024286349235,-0.485236717,1.49227703,1.00058613752776,12451.7484351619,5949.77738318631
"b[39,1]",0.080139924321425,0.0767404695,0.493235070587646,0.4920707820483,-0.7206510575,0.890280698,1.00084080170344,11354.2828860659,5678.58429718454
"b[40,1]",-0.728458803317067,-0.73839206,0.530459667458758,0.534886482774,-1.597599035,0.154323092999999,1.00101637967887,10046.8904416225,6275.31698781246
"b[41,1]",0.723179709497548,0.717592235,0.473541452591242,0.475127220792,-0.0405514956,1.51051945,0.999997649349693,12092.224210013,6646.65330544838
"b[42,1]",-0.569324171118741,-0.574831275,0.466328945084757,0.46852658181,-1.332576105,0.206505586,1.000046952122,11142.8077330981,6944.29009857853
"b[43,1]",1.08574656556069,1.080875,0.503076127312471,0.506452416435,0.2690166555,1.91487624,1.0011953082754,10757.3912911332,6325.33653744609
"b[44,1]",0.401632328841228,0.399850455,0.570009956868521,0.566834059071,-0.5226512045,1.3564349,1.00006799334982,11622.600840461,5643.67603723355
"b[45,1]",0.0503966533115038,0.0463809815,0.476260802285459,0.4866235628709,-0.727703943,0.827836790999999,1.00080981888317,11712.5332042699,6380.49525921058
"b[46,1]",-0.160539484593469,-0.170772465,0.507297034590579,0.501280092054,-0.997727349,0.67616041,1.00014307822841,11513.9053440324,6873.40253279079
"b[47,1]",0.285626239596747,0.28830708,0.482699897968116,0.4872086405676,-0.499631751,1.0800639,1.00044592660938,11369.7563473884,6551.98171534063
"b[48,1]",-0.166200814724356,-0.1677863,0.488813709643382,0.481573787982,-0.9818987445,0.647825263499999,1.00070516867929,9687.3503702161,6538.88393371044
"b[49,1]",-0.361163934843807,-0.359403025,0.462514106212602,0.4656408358266,-1.128378985,0.402495762499999,0.999957375369227,10373.9118340332,6993.5331304959
"b[50,1]",-0.952622297477989,-0.95091803,0.519030362147441,0.514643551632,-1.817253455,-0.103461379,1.00030849132733,11613.41696204,6359.43246867068
"b[51,1]",-0.63892551591071,-0.642778685,0.567916315270864,0.566368626453,-1.56926634,0.2792548905,1.0000450455279,10010.3671811184,6050.62281268474
"b[52,1]",0.44737905041648,0.44046379,0.481696395162626,0.480628022616,-0.3380183585,1.24856833,1.00023022758732,11024.5274105684,6074.84249312309
"b[53,1]",-0.0238757482939853,-0.0324083065,0.530766986564061,0.529999951782,-0.872140221,0.8601895355,1.00048840100812,12668.4763247477,5568.84802050875
"b[54,1]",0.272199603049376,0.26652032,0.452652178898287,0.4475018957031,-0.471238216,1.02911126,1.0002097480943,11302.3176400877,6404.00595417929
"b[55,1]",-0.656831376801982,-0.669220315,0.459253601792771,0.458010729813,-1.396326065,0.1088943205,1.00012585671039,11241.4647869475,6570.39814667798
"b[56,1]",-0.217812931685399,-0.22593021,0.515125968521644,0.517123074111,-1.059740595,0.628179004499999,0.999935210923996,11272.0804613313,6728.08532882473
"b[57,1]",0.272171437735936,0.265712945,0.547654882889438,0.5396388873918,-0.622157156,1.170867185,1.00014900998327,11012.6289833696,6910.18276316026
"b[58,1]",-0.374969100851676,-0.366418355,0.719082269150031,0.711015396819,-1.561079815,0.801701306,1.00032251613096,11120.4431819356,5742.63275819275
"b[59,1]",0.236389341498048,0.237331345,0.492637054603922,0.47828920629,-0.562815305,1.05972041,1.00094770334111,12099.3265104043,6451.10188683837
"b[60,1]",-0.755446550781041,-0.75062706,0.558626654324047,0.556278325134,-1.67531503,0.169137509499998,1.00059857593681,11553.8540189065,6312.69621212002
"b[61,1]",0.886521818342365,0.88611686,0.570600070403977,0.568141423164,-0.0602900221,1.818417835,1.00022725203085,10523.6137153657,5500.39902554644
"b[62,1]",0.745650926904127,0.73894424,0.561343067009733,0.555105833163,-0.153708009,1.676742585,1.00075088134561,11425.8188499022,6385.18938499285
"b[63,1]",-0.531428311890239,-0.534342925,0.479054602934692,0.483305538912,-1.32367494,0.2667633435,0.999985076113363,11869.5034334635,6591.54359847696
"b[64,1]",-0.827358089009402,-0.82899632,0.537038733123478,0.546565842186,-1.6981681,0.0547158499499977,1.00021029893257,11984.0844309879,6229.30010150266
"b[65,1]",0.715763450709934,0.704800765,0.620078111889058,0.618034389861,-0.2899943305,1.73672523,1.00008412884586,9883.54589311325,6467.16747084242
"b[66,1]",0.882625302098673,0.86720691,0.551200164850313,0.544432277004,-0.00637313772499994,1.81460169,1.00025913337567,11235.6941197472,6279.08846507738
"b[67,1]",0.0626185056424144,0.049095961,0.51720826524508,0.516885783981,-0.785177543,0.9169163455,0.999915183811415,11184.8643798149,6336.83240875478
"b[68,1]",-1.17650748925039,-1.178444,0.517035628346142,0.516050464902,-2.01584516,-0.3187194135,1.00029821380654,11000.8409106671,5362.92189732944
"b[69,1]",-0.679076991088826,-0.68139587,0.459708421540847,0.452553627624,-1.438206045,0.0883926557499991,1.00054306538292,11118.3834434614,6854.45738004437
"b[70,1]",0.414029489798192,0.40679573,0.578779301348664,0.5854574113164,-0.5231130945,1.36862957,0.999945676006147,12511.6892437411,5959.4621051356
"b[71,1]",-0.262736370412991,-0.27205453,0.491632110814819,0.4894596499086,-1.04961494,0.552303847,1.00042321230076,11233.6447204481,6228.43926915646
"b[72,1]",-0.262214607175541,-0.270552085,0.473668512549192,0.4771936649655,-1.03069405,0.524869490499999,1.00049859757841,13035.2661565131,6811.08867855283
"b[73,1]",0.840311872839563,0.835435235,0.513813646704258,0.513971704029,0.0114760762,1.70143291,1.00042852183907,12087.9857140868,6493.50144888894
"b[74,1]",0.23849909022826,0.220095005,0.571045992957713,0.569057862702,-0.6666023835,1.20884142,1.0000331283025,13028.3153299092,5861.02636828588
"b[75,1]",-0.00475571124480375,-0.016912255,0.470567920809164,0.460329093672,-0.7636551535,0.77209704,0.999891908005897,11490.381476041,6632.75547410114
"b[76,1]",-0.4379946169557,-0.44589368,0.468622021235573,0.46463698071,-1.195147065,0.3554125105,1.00001952582108,11345.6122820244,6301.05916910766
"b[77,1]",-0.604869832010256,-0.605693715,0.62333164714388,0.618103123197,-1.612296495,0.4085114155,1.00003274000051,11489.0807384572,6540.5794960497
"b[78,1]",-1.42530593816856,-1.41998505,0.591297068843372,0.58796884083,-2.41565522,-0.4583309215,1.00036891487374,11897.205274123,6651.79817878371
"b[79,1]",-0.579106046937248,-0.580184315,0.472315542958685,0.468605804541,-1.35776578,0.203012731,0.999826670472662,13202.5504870795,6869.65824754287
"b[80,1]",0.656322035696919,0.64902071,0.534976852307887,0.542957460654,-0.220892951,1.54137444,1.00103150036102,12435.0931875862,5884.80467852554
"b[81,1]",1.39181811359976,1.3785793,0.526953926867448,0.52414535712,0.5403454505,2.26758518,1.00036843745406,11370.7031706514,7038.28685132823
"b[82,1]",1.46348031291124,1.46557345,0.541671754202308,0.5351251962,0.569445184,2.35159636,0.999962537588078,9352.63843778105,6677.42338945676
"b[83,1]",0.95639863336616,0.94433287,0.546452943400333,0.543817420545,0.0776801053,1.881402685,1.00020842033501,12337.5286576559,6696.59362055381
"b[84,1]",1.28695012467642,1.28932775,0.533672221934896,0.539706044724,0.414503838,2.17492942,1.00038746259435,10569.3762950547,6505.72172912879
"b[85,1]",-0.485025602164351,-0.489025925,0.534659271852111,0.532970785662,-1.36983765,0.3923020795,1.00015517433271,11514.117972177,6426.67794932286
"b[86,1]",-0.0737574323540759,-0.07727012,0.497225939837948,0.507838929129,-0.8950361285,0.757355909999998,1.00043441874321,11539.9754285745,6680.62490278612
"b[87,1]",0.385888050221224,0.38255054,0.565374063913751,0.556993427592,-0.5238699115,1.318526315,1.0006064678069,10255.5348293321,6094.61197511567
"b[1,2]",-0.538372489634406,-0.540451455,0.405671553655761,0.400834883505,-1.21054908,0.13535381,1.00079216396153,9568.76255593223,5742.79467866858
"b[2,2]",0.0931996850011759,0.0952762185,0.410085222200024,0.407937886671,-0.5841475225,0.760205830499999,1.00095147258015,11272.7686322295,5672.51761078486
"b[3,2]",-0.513141429230674,-0.502515605,0.45632978259101,0.457571109261,-1.25998583,0.23680955,0.999769166543668,9942.91431815822,6132.90485953671
"b[4,2]",-0.608473756848346,-0.587694385,0.692980356755634,0.674614023405,-1.78075346,0.491028902999996,1.00026493013558,10766.350399657,6090.34597191037
"b[5,2]",-0.443659673855861,-0.442918465,0.447526677324355,0.450876110202,-1.1736801,0.2833332475,1.00069038191217,10230.6129566783,5973.2509992815
"b[6,2]",-0.070264978348257,-0.068847418,0.746189594547946,0.737669357229,-1.308074605,1.136400815,1.00002524684689,12394.4212558645,6476.89607534368
"b[7,2]",-0.621666691770527,-0.613063555,0.416969745750161,0.41884272843,-1.314516845,0.0520911936499998,1.00002384383212,10231.569952235,6230.75659066274
"b[8,2]",-0.0457476637201154,-0.0470659315,0.42289164673243,0.4128281738301,-0.735937668,0.6569416385,0.999920686016185,10580.1098290738,6340.28531280005
"b[9,2]",-0.105780166431232,-0.104915405,0.372829191086162,0.377067545295,-0.722937958,0.4969766325,1.00027714495617,10689.214989302,6502.11427231967
"b[10,2]",0.0419700874091238,0.0432693325,0.456002000479432,0.453337018638,-0.6994343935,0.787253428499998,1.00092885516605,10915.9189497554,6201.05519873108
"b[11,2]",0.844662525098951,0.84192321,0.484757227107691,0.474729357669,0.0390992056000001,1.64210417,1.00061243637588,10419.9796833505,6178.77793655621
"b[12,2]",-0.578561437026775,-0.58093202,0.392861627497198,0.388659876087,-1.22940025,0.0676047423,1.00197113816508,11259.4282622724,5785.43954463261
"b[13,2]",-0.567496649618474,-0.567023165,0.437673862519547,0.439642168308,-1.2923384,0.138241872999999,0.999837974678695,10303.182691324,6203.75874859643
"b[14,2]",-0.466258550727419,-0.465305295,0.412497320108336,0.412043628612,-1.14372919,0.2064639015,1.00125172060054,11079.8647613432,6182.98613437333
"b[15,2]",-0.466176177736471,-0.467623165,0.445509392654285,0.444640101864,-1.201351745,0.2581141105,1.00032070388589,10625.8000209341,6078.7098722043
"b[16,2]",0.472921025842679,0.470596925,0.511981103066612,0.508282826982,-0.370813584,1.325898965,1.00022192198448,9401.00583493641,6474.88115934284
"b[17,2]",0.00603095763444075,0.00121366285,0.451554048769806,0.443125989201,-0.735950661,0.751925676499999,1.0011995893188,11690.2096861031,5542.05787746882
"b[18,2]",-0.412385889838031,-0.408334575,0.431795127441876,0.433592530203,-1.11965246,0.287334488499999,1.00037773874209,9965.12578332811,6223.75775198878
"b[19,2]",-0.520327714244888,-0.509992405,0.412034493328979,0.41422591203,-1.20965952,0.1432422975,1.00009136236883,10917.6527236936,6397.37080979192
"b[20,2]",-0.585138999146598,-0.58263,0.490366338006359,0.489012103377,-1.40468883,0.203269815499999,1.00121946335048,10304.9082287683,5962.17427464085
"b[21,2]",-0.621293987263238,-0.615803525,0.488302287110388,0.480952689777,-1.441817295,0.1690224775,0.999952231411934,9448.35947505031,5442.98812825916
"b[22,2]",-0.272322913120569,-0.267125495,0.503252467817916,0.5066334278103,-1.107472655,0.554568080499999,0.999969082325078,10217.5053777656,5983.08099763244
"b[23,2]",0.778846284854197,0.77339368,0.389428913038019,0.383141831625,0.1466714795,1.43404583,1.00011644993219,9916.42164432069,6288.45206318538
"b[24,2]",-0.554566768214946,-0.54522909,0.480808479056577,0.489907727211,-1.373688995,0.216613807499999,1.00101922647772,10318.9616912852,6825.26154637239
"b[25,2]",-0.702683688395546,-0.674888005,0.721038750046282,0.713296287963,-1.93314984,0.450314687499998,0.999900710030037,10293.8878034778,6658.20343566187
"b[26,2]",0.40613049933665,0.409003775,0.438339431609963,0.434321213277,-0.329636119,1.11766201,1.00023733644448,10725.5084811695,6223.15841360929
"b[27,2]",0.82447043949643,0.826180825,0.438074064015787,0.440249937939,0.102196806,1.54011778,1.00063957392085,11690.9352141443,6355.84204693638
"b[28,2]",-0.617585793952576,-0.61573279,0.48900090741374,0.496423309431,-1.425133315,0.175085331,1.00116725867774,10516.2656892017,6483.94050471348
"b[29,2]",-0.623495624826879,-0.610600055,0.521987584403358,0.524866983018,-1.499416275,0.223684145499999,0.999851991057935,10930.7112409689,6985.77810907577
"b[30,2]",-0.650290309300518,-0.63905693,0.484461148238671,0.482702476536,-1.45366993,0.134704707499999,1.00084256225115,8508.9105125856,5153.42852011101
"b[31,2]",-0.497544614604314,-0.498927745,0.574896321106238,0.569357162577,-1.444234685,0.4579479485,1.00062016094146,12592.9274015051,6726.44738951291
"b[32,2]",-0.0153404226079062,-0.01551559,0.45943001999447,0.453686986368,-0.7831063955,0.740138595999999,1.00020739707641,12318.3696366328,6269.89067597274
"b[33,2]",-0.386913426493556,-0.38143919,0.549309084191281,0.5480345339154,-1.30164324,0.5115008535,1.00019399967232,11949.650321086,7102.72708237451
"b[34,2]",-0.23480388105692,-0.238283175,0.536909812812035,0.532660047528,-1.11210553,0.643701623499999,1.00012483845607,11642.4948628502,6279.11492205814
"b[35,2]",-0.498654901781494,-0.49392523,0.490475133970268,0.491788620288,-1.307133575,0.300556769,1.00140960668021,9680.63165929702,5885.44458154256
"b[36,2]",1.63610023016186,1.62949425,0.560610436972357,0.56675602242,0.7335626075,2.58508523,1.00033783598443,7934.78643304792,6453.60397603605
"b[37,2]",-0.382507687680343,-0.38083194,0.518119501237837,0.524897769207,-1.230162675,0.464924500999999,1.00023091246647,9475.2212745824,5978.92679541389
"b[38,2]",0.306754805144119,0.304541395,0.664261141759887,0.646628109981,-0.780284851,1.413315785,1.00058294720391,12186.175573903,6113.73473856971
"b[39,2]",-0.607247203932429,-0.596499925,0.70439378461899,0.688109560404,-1.78325418,0.5387181105,1.00111779091514,10011.2528905244,5618.69673297289
"b[40,2]",0.709093915107147,0.709461415,0.492728140205683,0.497210977746,-0.107282435,1.51880905,1.0013123196302,10149.7979139497,5704.86904618851
"b[41,2]",0.574067538692178,0.55454116,0.791293285487718,0.782846284521,-0.692940234,1.911627205,1.00069981971755,10999.7036068877,6738.58421316069
"b[42,2]",-0.761890583147404,-0.743655005,0.754012733580299,0.742083798729,-2.03264241,0.4312140805,1.0003758509151,9375.59055427482,7191.61598013411
"b[43,2]",0.21068883256375,0.21233096,0.464063128730334,0.459070425576,-0.5559064055,0.9747270885,1.00095544038989,11933.2987214487,6250.80187064534
"b[44,2]",-0.538221717403029,-0.529415715,0.543905151375816,0.542103119817,-1.44936621,0.346857011,1.00033144195273,10020.3287178553,6128.86907753135
"b[45,2]",-0.581021354315826,-0.57542077,0.618985310892154,0.618663019674,-1.595668565,0.420963439,1.00099462202275,9694.70416188905,6098.12216645297
"b[46,2]",0.538165661020239,0.528859035,0.541616401007894,0.545246854509,-0.3352608845,1.438674205,1.00012029262076,11282.5561055655,6715.52874086701
"b[47,2]",0.237647196544973,0.235447535,0.509823111358342,0.510140984388,-0.587993472,1.089367485,1.0001794036278,12378.375823896,7057.01248480302
"b[48,2]",0.993167138679445,0.98738264,0.572045973707574,0.580371123696,0.0557168903000001,1.95430697,1.00040798443517,8329.38130554982,6414.58756378447
"b[49,2]",0.719124033204568,0.708955275,0.553948671704382,0.54746495013,-0.1926266775,1.63485519,1.00021440548375,10695.6816174521,6044.80825693739
"b[50,2]",0.426335765340685,0.421886615,0.6059397944553,0.5990504885694,-0.5534990685,1.43540783,1.00022767127021,10568.8193643918,6417.41089173128
"b[51,2]",0.732309423623565,0.722727625,0.51437055683127,0.518661501414,-0.105121966,1.580990315,0.999889311613492,9945.07864139789,6542.376412313
"b[52,2]",0.0663847438355925,0.067496048,0.59993692971025,0.605351606769,-0.910647862,1.04575987,0.99999284016387,12577.0871546933,6523.09922715283
"b[53,2]",-0.269902168087329,-0.258344765,0.55492623566376,0.560482785996,-1.186056895,0.6289506655,1.0019870743745,12796.7018019199,6109.6661610822
"b[54,2]",-0.668699258962422,-0.66141185,0.546899621961333,0.548888223891,-1.57520144,0.2074191285,1.00035558826802,10701.162516192,6615.63646566072
"b[55,2]",-0.700283333379832,-0.67514684,0.697695563516278,0.688207812306,-1.86127806,0.4055009425,0.999987042126569,9775.60174901187,5813.5277292216
"b[56,2]",1.05597669752633,1.04454995,0.617510967902749,0.608641666668,0.06230082085,2.08551419,0.999941997220258,8338.86282030116,6430.83034541547
"b[57,2]",1.21779842020563,1.1890652,0.755144488235333,0.746923805733,0.018601534,2.490959905,0.999987947311582,7379.05345274034,6584.33800045272
"b[58,2]",-0.422004402801659,-0.411260965,0.558542447846433,0.550396094808,-1.358996895,0.479541112,1.00049820448285,10583.597107147,5409.22188814643
"b[59,2]",-0.0316963206028488,-0.036759641,0.538273412834219,0.5384054175654,-0.9226861025,0.853230539499999,1.00052082000557,11964.2402142624,6218.14668064618
"b[60,2]",-0.541411678195811,-0.51113257,0.842872075163613,0.821642138478,-1.94768657,0.772856533999999,1.00005721704865,9620.12051563567,6223.05488579397
"b[61,2]",1.3896044487913,1.37169915,0.722910407325041,0.722739226818,0.26361828,2.624467115,1.00020448685701,6658.76417763465,5733.50175052098
"b[62,2]",1.23266426840453,1.2016179,0.759532727057168,0.75118353051,0.0499083645000001,2.52190622,1.00009391505123,7292.4337129219,5823.75547939261
"b[63,2]",-0.0812106301002923,-0.0813748255,0.699282876085346,0.683294157147,-1.236402075,1.06112847,1.00013837777319,11786.0505077511,6092.54072606355
"b[64,2]",-0.378852926366526,-0.37346286,0.623498949247899,0.610236766356,-1.406358255,0.63276658,0.999931648586598,11790.4088667823,6170.22006948878
"b[65,2]",1.08156262695144,1.04566255,0.732281051270304,0.71157965214,-0.0568638362,2.3409239,1.00020392445386,7781.19610607294,6507.07720861356
"b[66,2]",0.779141035407166,0.742257575,0.841988714457058,0.830491622205,-0.5230871055,2.203597645,1.00003040484315,10087.8631861806,6637.62451846976
"b[67,2]",0.121442272675736,0.117225775,0.697697979839463,0.688511263461,-1.01945853,1.285015395,1.00029350152101,12081.9428581836,6426.57323339887
"b[68,2]",-0.553183894242144,-0.52210066,0.833122892724203,0.8063855047059,-1.97534422,0.7703437445,1.00017186883022,10131.4444597693,6444.01792832556
"b[69,2]",-0.857544556298976,-0.815461415,0.782161146594538,0.753777613491,-2.208522125,0.347423758,1.0007488588765,8327.7633046677,5601.19978168281
"b[70,2]",0.625300153241398,0.591711315,0.776328963344638,0.7862200401552,-0.60003847,1.935227625,1.00042832257074,9908.70415403086,6037.59364881094
"b[71,2]",-0.00617916975585875,-0.0062095892,0.743127468068075,0.717685302873,-1.24537062,1.2081479,1.00212664506527,12417.0141387773,6600.09949980816
"b[72,2]",-0.523986126183259,-0.509364315,0.723069887900247,0.6981346814379,-1.744168115,0.647795818499999,1.00051345562933,11395.7353577734,6711.96114943335
"b[73,2]",0.545556217857137,0.518276575,0.788499882828909,0.77385529322157,-0.7044566215,1.886279975,1.00052154182482,10945.0066264138,5940.88078297696
"b[74,2]",0.15106192371224,0.144135065,0.815785419072503,0.77234186337,-1.17808348,1.504725565,1.00040613496186,11176.3074900078,5759.65056361438
"b[75,2]",-0.507205630878825,-0.490169195,0.77666784851927,0.7626048708201,-1.81342639,0.737301052,1.00033841889912,10553.4895335194,5861.04481338513
"b[76,2]",-0.09376428714981,-0.101763745,0.740856667435295,0.710414788146,-1.334443155,1.11172166,1.00043044602966,11637.3683771121,6139.6129460393
"b[77,2]",0.311483816447064,0.294331935,0.691052139091149,0.662033591604,-0.810803907,1.46756873,1.00068829626662,11427.4250577483,6299.86154921779
"b[78,2]",-0.437928740305187,-0.40125341,0.83577364146332,0.795232399353,-1.865024665,0.887389403499999,1.00023238368646,10883.4289739221,6521.5910537459
"b[79,2]",-0.744682633358261,-0.71460417,0.826331429856961,0.818213989215,-2.158947915,0.536334958,0.999964996429736,10015.4842668743,6125.96140066994
"b[80,2]",0.320561227146803,0.30164701,0.847607227998487,0.811653573171,-1.013508085,1.747798815,1.00011738818085,11691.8170873307,6490.43501962936
"b[81,2]",0.366894107877143,0.35313024,0.782316627555102,0.765363406017,-0.9052869935,1.693844795,0.999886622171096,13365.6053389314,6457.66719559486
"b[82,2]",0.911553785986351,0.873054115,0.831063210733001,0.814026904425,-0.374135003,2.35483507,1.00031681826402,8787.21151073282,6375.12456827741
"b[83,2]",0.164763148439086,0.157484965,0.821816607882381,0.778622698119,-1.164032945,1.53169979,1.00001179784499,12350.2329394289,6305.14548628855
"b[84,2]",0.753717876849513,0.71138982,0.820583801795957,0.806887340343,-0.517572936,2.16773675,1.0011166389246,9257.46951017538,6032.37941202092
"b[85,2]",-0.554797328137315,-0.526775045,0.81111146576565,0.79008219365901,-1.929311045,0.723181106999998,1.00072055759026,11013.4920384283,6623.85199303366
"b[86,2]",-0.653030094270893,-0.608558285,0.857390818022962,0.8162399503104,-2.155086515,0.6891315335,1.00046532847291,9394.34294858642,6444.40296095243
"b[87,2]",-0.152424089092478,-0.1334601,0.751897526995226,0.72819285231,-1.412509955,1.07362985,1.0003010644506,10820.5208302531,5846.40541426922
"log_lik_y[1]",-1.11669026239875,-1.0921309,0.102876749362189,0.0655435221,-1.31817277,-1.007414015,0.999742015097493,5515.91806533546,6454.10139936203
"log_lik_y[2]",-1.10937572674,-1.08958625,0.0926312431223408,0.06310434858,-1.28729259,-1.006318815,1.00041064858913,5342.66542679903,5569.05147245308
"log_lik_y[3]",-1.11217589741,-1.0905506,0.0965595439626014,0.06529659507,-1.29876853,-1.00606416,1.00072768682903,5136.10775113302,5129.7769121497
"log_lik_y[4]",-1.11243024229125,-1.0897162,0.0980523595462977,0.06498280278,-1.2994429,-1.00540718,1.00072155303941,4977.32034001267,5168.50987369881
"log_lik_y[5]",-1.11552617712125,-1.09120095,0.102856977519381,0.06742338477,-1.31294051,-1.00530293,1.00026087866778,4918.46623480619,5113.3631583456
"log_lik_y[6]",-1.12373085798375,-1.0950873,0.114264234122982,0.0715684378500002,-1.35073028,-1.005731235,1.00029285377226,5029.64650659644,5440.85809149917
"log_lik_y[7]",-1.142980828615,-1.1039586,0.139646864815027,0.0808486984200001,-1.4204452,-1.009331025,1.00033118936489,5421.18119354841,5724.68315905778
"log_lik_y[8]",-1.17031817060375,-1.11621525,0.173169142918868,0.0953977487400001,-1.52231146,-1.01300999,1.00024302286694,5905.64318089664,6488.61901796047
"log_lik_y[9]",-2.111513968455,-2.01820785,0.614931144549633,0.57340911579,-3.26055488,-1.289469075,0.999808419999622,10472.0685820559,6045.35248086062
"log_lik_y[10]",-1.67252045853,-1.5966614,0.425809004885715,0.39034293102,-2.48250325,-1.130942905,0.999736569990575,9966.14802883477,6211.77368507363
"log_lik_y[11]",-2.660598044875,-2.6133902,0.572894880920804,0.56309933778,-3.67798562,-1.82274395,1.00029705301344,8707.02909960189,6498.44633255219
"log_lik_y[12]",-1.09823635660375,-1.0833472,0.0796818711172377,0.05636526441,-1.245121985,-1.00493007,1.00035039627263,4614.74729085205,5514.87587722084
"log_lik_y[13]",-1.113539114645,-1.08999995,0.0981679650912158,0.06398990556,-1.3051733,-1.009241185,1.00008740187549,4720.42379418844,5601.75580810477
"log_lik_y[14]",-1.12248003914875,-1.0939441,0.110971179069463,0.06782198178,-1.336844965,-1.01057184,1.00014780743608,4542.00073119245,5609.56021555772
"log_lik_y[15]",-1.12828013984,-1.09691975,0.118746027257492,0.0723018800700001,-1.35396502,-1.01089912,1.00013535433206,4596.49394388893,5568.42931397894
"log_lik_y[16]",-1.15343749741875,-1.10965395,0.151602876814082,0.0858614431499999,-1.447464095,-1.012651985,1.00008003693128,5330.45774814991,6173.79907512338
"log_lik_y[17]",-1.173140613625,-1.1186653,0.176535372919453,0.0957979024799999,-1.513193225,-1.01325813,1.0000785050355,5983.40961486662,6261.38024099937
"log_lik_y[18]",-2.6427648683375,-2.5906611,0.623314136053048,0.61156197354,-3.760355685,-1.710297385,1.00004709910685,10167.12473836,6724.00979403615
"log_lik_y[19]",-1.76914246154,-1.70842675,0.392424803255357,0.36381654834,-2.505198525,-1.247293435,1.00024433530349,9119.25905831859,6436.95056247754
"log_lik_y[20]",-2.6946689829,-2.6367135,0.659752797184998,0.6512335326,-3.87599615,-1.729062545,1.00043947714128,8058.91961366905,5697.137850844
"log_lik_y[21]",-1.26197676501375,-1.1779942,0.251711339852777,0.16426273962,-1.757687415,-1.025327885,1.0001951167542,6249.61691310751,5831.59937989292
"log_lik_y[22]",-1.28078599372375,-1.18347515,0.281417422059564,0.17488163973,-1.83557416,-1.02570991,1.0000254131711,6393.54826759034,6029.24527025859
"log_lik_y[23]",-1.3329498863225,-1.20912735,0.344443519266012,0.20799906897,-2.01612441,-1.028637155,0.999950798425323,6817.66556188291,6253.75319438096
"log_lik_y[24]",-1.12405548943,-1.09863855,0.104906150003955,0.07037027466,-1.33594953,-1.00988525,1.00060100992624,6208.39471471436,6104.03161423205
"log_lik_y[25]",-1.17666082782875,-1.13388375,0.14729495007383,0.10375879731,-1.46563963,-1.021681945,1.00026115792599,7875.13829277807,5933.91403642882
"log_lik_y[26]",-1.56183892321,-1.4886153,0.38439609503119,0.34740461112,-2.3001575,-1.09356026,1.00050933314698,9498.87051352817,5316.68470568644
"log_lik_y[27]",-1.345808030825,-1.2497621,0.326761192928486,0.23575904898,-1.997516585,-1.031101455,1.00078459633271,8183.93931136852,5582.11876166892
"log_lik_y[28]",-1.12168040198375,-1.0963558,0.10362432127388,0.0703071159,-1.32243134,-1.009194055,1.00035104477457,5463.32969709473,5032.07087775497
"log_lik_y[29]",-1.11023167435625,-1.0901916,0.0922907399721937,0.0639598829099999,-1.28235869,-1.006436805,1.00048179840222,4726.27807909279,5082.93528376039
"log_lik_y[30]",-1.3509553836725,-1.3002309,0.242356899006795,0.21807296532,-1.81695003,-1.06499542,1.00075506569826,8276.8768988534,6043.77354877625
"log_lik_y[31]",-1.10724080420875,-1.08827175,0.0896458834451065,0.0627612008100003,-1.277860035,-1.00656888,1.00079799839609,4231.85257649753,5075.29405820301
"log_lik_y[32]",-1.11141136880125,-1.089952,0.09483570972225,0.0650689418400001,-1.294606005,-1.006305745,1.00073438517433,4314.2609496898,4672.11530324838
"log_lik_y[33]",-1.11741559286375,-1.09281005,0.102425132637908,0.0688863403200001,-1.31548558,-1.007353715,1.00056655484208,4477.51119916711,4848.96997564399
"log_lik_y[34]",-1.12670015382375,-1.09690175,0.114392187344384,0.07317424191,-1.34460685,-1.00877171,1.00036752468073,4734.90482976528,5832.13159009106
"log_lik_y[35]",-1.1847923196225,-1.12388595,0.1893807188016,0.10410706005,-1.557123235,-1.016038385,1.00016302356883,5841.80933481864,6830.97938683388
"log_lik_y[36]",-1.14268934120875,-1.10373885,0.135377640702112,0.0777394638300001,-1.40500527,-1.01237167,1.00005114940905,5442.42302664579,5976.81903481992
"log_lik_y[37]",-1.11449654720375,-1.09213655,0.100091585476308,0.0646914718799999,-1.298803835,-1.00825593,1.00033675706421,5526.08139032643,6098.35042211982
"log_lik_y[38]",-1.126439667195,-1.09656545,0.118494947030294,0.0717359716499999,-1.354411255,-1.007996535,1.00151548704012,4533.81640004483,5473.90601305804
"log_lik_y[39]",-1.65576454613875,-1.54604595,0.482200436592816,0.42304560291,-2.60843583,-1.0921646,1.00055172485232,9663.90593734945,6059.46344335888
"log_lik_y[40]",-2.1823424448625,-2.1395804,0.460292032094063,0.44269672461,-3.006845315,-1.515040325,1.00121906477061,10032.9479947561,6650.01312067432
"log_lik_y[41]",-1.51936638856375,-1.4764133,0.26795394619216,0.24584161854,-2.021539885,-1.162131735,1.00073096432162,9365.23599518462,6888.2973759115
"log_lik_y[42]",-1.23022923707,-1.1971764,0.154187410378465,0.1354162362,-1.526032135,-1.04523155,1.00058098095289,8303.17484042277,6709.58032576059
"log_lik_y[43]",-1.13674448311625,-1.1119897,0.106032108412609,0.0822376722299999,-1.34664956,-1.015398365,1.00060929152561,6203.09560817197,6358.15519873817
"log_lik_y[44]",-1.10209782170125,-1.08557065,0.0813923725453875,0.06086325042,-1.259545185,-1.005122245,1.00064527272617,4863.22625757035,6110.31506277549
"log_lik_y[45]",-1.09484987141625,-1.0816909,0.0743297617273845,0.0569274663300001,-1.235225645,-1.0032898,1.00036383694044,4540.45192344879,5603.10961657686
"log_lik_y[46]",-1.09974592161,-1.0844507,0.0786545777284148,0.0588966556500002,-1.24608233,-1.00414619,1.00021191415878,4624.58181603807,5582.02030651142
"log_lik_y[47]",-1.10724839444,-1.0882835,0.087460240849696,0.0624139017599999,-1.272719825,-1.005278155,0.999898819124387,4880.66457782436,6129.47251332244
"log_lik_y[48]",-1.119102005545,-1.0943699,0.102458380287951,0.0678053025300001,-1.31497423,-1.006984505,0.999900888949164,5168.87261649565,6281.2827952598
"log_lik_y[49]",-1.13091013628125,-1.0991889,0.118230850623274,0.0738413377799997,-1.362393245,-1.00825209,0.999851832675812,5313.65202618615,6545.5576708997
"log_lik_y[50]",-1.1419841822925,-1.10412955,0.133453946787269,0.07919789745,-1.40709113,-1.00970861,0.999771262873003,5371.23782887244,6244.77243168334
"log_lik_y[51]",-1.6327094441575,-1.5754846,0.362199656369814,0.34589272977,-2.31078153,-1.155873925,1.00023637835766,9060.70474774724,6563.96999877853
"log_lik_y[52]",-1.1450062583275,-1.11163455,0.123582163441247,0.08159022081,-1.384213525,-1.016355985,1.00029084430779,6893.86085699137,6650.60675947604
"log_lik_y[53]",-1.233964390685,-1.1974661,0.167041752419367,0.14663114151,-1.5602514,-1.03930671,1.00022363129011,8078.47850257132,6758.79866376101
"log_lik_y[54]",-1.1478444019075,-1.1210823,0.113303390135504,0.0906239249999996,-1.368990775,-1.01684829,1.0003202472408,7103.35323236809,6458.36896435178
"log_lik_y[55]",-1.10668208766,-1.09014385,0.0823452508799307,0.0640625529600001,-1.264622675,-1.00669679,1.00070520837976,5932.24547940963,5758.31408876843
"log_lik_y[56]",-1.08460086180625,-1.076636,0.0621520053873918,0.0522016047000003,-1.197666795,-1.00150709,1.0002301272771,4796.18510405451,5510.0098662675
"log_lik_y[57]",-1.0836094206825,-1.0758245,0.0607563864032413,0.05097608754,-1.190624835,-1.001990565,1.00030449292367,4589.77121268538,5743.23212259597
"log_lik_y[58]",-1.0929491596375,-1.08144835,0.0706750127046726,0.0551156550000001,-1.22514163,-1.00416012,1.00018492657163,4975.64840342695,5852.78098744132
"log_lik_y[59]",-1.10260586074875,-1.0865065,0.0816879113415546,0.0598654606200001,-1.26030572,-1.005723195,0.99997575340782,5257.22747984607,6360.97718816162
"log_lik_y[60]",-1.109378633295,-1.0898658,0.0903030919640426,0.0633300744300001,-1.284897115,-1.005849345,1.00000364811949,5348.11664814685,6133.25309040506
"log_lik_y[61]",-1.1144825034175,-1.0919256,0.0974875821084461,0.0664250760599998,-1.30589979,-1.00727451,1.00006473426954,5321.67024588021,6583.69413117502
"log_lik_y[62]",-1.1185123014375,-1.09371925,0.103335281398412,0.06868693062,-1.322278575,-1.00780617,1.00016971041059,5272.0335020296,6696.94814266035
"log_lik_y[63]",-1.12710281868875,-1.09744265,0.115018048862161,0.0721805292600001,-1.357837965,-1.009327205,1.00039980086707,5245.23046949997,6193.4820088631
"log_lik_y[64]",-1.129110627125,-1.09859215,0.117688218830082,0.0732233900999999,-1.361707945,-1.009236185,1.00044723114487,5252.16207301016,6328.74284803806
"log_lik_y[65]",-1.24862100928125,-1.1829149,0.220188836050392,0.16036891311,-1.683549585,-1.02510747,1.00014651964896,9263.44882928995,6024.62473606531
"log_lik_y[66]",-1.141312439985,-1.1102604,0.117826074695285,0.07933711359,-1.3784474,-1.01534917,0.999678795002825,8102.44371323763,6576.30744077894
"log_lik_y[67]",-1.646286066525,-1.60596365,0.307189550741014,0.29868778359,-2.205897235,-1.22284258,1.00016586714101,10484.1683069723,7038.12291630673
"log_lik_y[68]",-1.382266251165,-1.3466217,0.214337582023788,0.2040643227,-1.78174929,-1.10079058,1.00016854729124,9666.40978838578,6952.5331885499
"log_lik_y[69]",-1.19102989332375,-1.16082745,0.133392667752877,0.11616378564,-1.44972752,-1.03109563,1.00014281834207,7583.03483545984,6689.01471391969
"log_lik_y[70]",-1.1100311911425,-1.09278415,0.0860653457376263,0.06674457636,-1.27790685,-1.006944535,1.00018429243636,5526.77268745126,6490.07145411165
"log_lik_y[71]",-1.085711965845,-1.0765583,0.0651879915886285,0.0528535780499999,-1.20255809,-1.000804985,1.00055788513819,4663.5978085112,5822.45089000834
"log_lik_y[72]",-1.08857857634625,-1.07939525,0.0667136186438502,0.0533521023000002,-1.212066795,-1.002422535,1.00067672703421,4975.9957445012,5745.26291270119
"log_lik_y[73]",-1.1181136670025,-1.09474175,0.0986579516273855,0.0676143436500002,-1.30870568,-1.008957245,1.0002396568959,6489.21929942188,6107.57169086515
"log_lik_y[74]",-1.1389497251525,-1.10446125,0.127354309445718,0.0786878089199999,-1.38825103,-1.010630125,1.00012997722131,6496.35123825888,5791.51950956358
"log_lik_y[75]",-1.14244742385375,-1.10464785,0.134706636217376,0.0805785686999999,-1.4029586,-1.01040617,1.00013632060855,6000.39715810609,5747.14467703529
"log_lik_y[76]",-1.144452356815,-1.1049613,0.138497273536773,0.0815608653300001,-1.412393405,-1.010750975,1.00016771627361,5625.5750097136,5541.85811068197
"log_lik_y[77]",-1.153185273955,-1.1084164,0.150347021721166,0.08489575164,-1.446399135,-1.012124515,1.00023158548841,5134.33973069247,5760.92166930589
"log_lik_y[78]",-1.2875647720175,-1.23969715,0.207879691647858,0.1802092887,-1.68049558,-1.046378615,1.00060242618147,8102.90408037462,6390.4972351694
"log_lik_y[79]",-1.11992143862375,-1.09559035,0.103613390081981,0.0723361281299999,-1.31396851,-1.00809365,1.0009614762489,5968.27366764424,6377.74972350858
"log_lik_y[80]",-1.23213387597375,-1.1824319,0.180438128537647,0.14329455021,-1.584792545,-1.03395584,1.00011014416831,7243.94616377784,6991.87087835995
"log_lik_y[81]",-1.3142257738975,-1.25442715,0.240408062910208,0.20513987487,-1.788099175,-1.04559036,1.00012096134148,7969.84525660071,7225.57668442349
"log_lik_y[82]",-2.7404110552875,-2.6445652,0.761613931353203,0.73051890345,-4.15464179,-1.673974705,1.00081074749635,9441.80399703283,6604.33827492758
"log_lik_y[83]",-1.32929841966125,-1.2569393,0.272840608650287,0.22618538187,-1.8771296,-1.040827045,1.00025533487493,8496.47371454316,6985.73495845901
"log_lik_y[84]",-1.2079938620025,-1.1436972,0.195676623418653,0.12523277571,-1.61053424,-1.020612735,1.00034666432357,6624.61893410054,6390.58797991581
"log_lik_y[85]",-1.18873231920625,-1.1246456,0.197927539365775,0.10542998403,-1.58505437,-1.014291035,1.00047143152473,4604.90960560161,5097.36876041401
"log_lik_y[86]",-1.258469725515,-1.1535872,0.295862280316912,0.14002304505,-1.842644925,-1.022677765,1.00028839720897,6783.57268315061,6935.33030780743
"log_lik_y[87]",-1.08810092222625,-1.07804445,0.0659853668219915,0.0524822608799999,-1.207015945,-1.001937915,1.00102275927069,5964.02237823117,6687.71744836691
"log_lik_y[88]",-1.08621411677625,-1.07723895,0.0640963510953303,0.0518639425499999,-1.20196039,-1.00121186,1.00105391798301,5726.43635241125,6645.07575217886
"log_lik_y[89]",-1.0849626033675,-1.0765614,0.0630036199613151,0.05175652818,-1.200158945,-0.9999139165,1.0012950148016,5318.70713405947,6450.2847769165
"log_lik_y[90]",-1.08480893846375,-1.0763729,0.0628865319958827,0.0517115312699999,-1.199172195,-0.999832615,1.00135197178033,5250.22064103638,6349.47313160813
"log_lik_y[91]",-1.0846116552075,-1.076648,0.0629345645197306,0.0524741065799999,-1.196538935,-0.999241345,1.00127464779211,4969.44543310042,6057.46735208611
"log_lik_y[92]",-1.4723787178625,-1.4376914,0.240056586185736,0.23151977667,-1.914342385,-1.150032165,1.00024171888211,8091.9695895255,6845.31080616303
"log_lik_y[93]",-1.08616860448125,-1.0770767,0.0647997822233933,0.0527160669000001,-1.19949327,-0.9997079575,1.00125175650892,4991.59971965181,6255.07896973931
"log_lik_y[94]",-1.09067060424375,-1.0794024,0.0697853883420137,0.05441379216,-1.21920386,-1.000288645,1.0006015239538,5190.21505017335,5988.22729589893
"log_lik_y[95]",-1.09763100939625,-1.08369845,0.0772958614111152,0.0577116876,-1.243572215,-1.003087155,1.00014509246301,5515.86274278195,6396.12600586086
"log_lik_y[96]",-1.10781403718625,-1.0892683,0.0879768929004301,0.0632345949900001,-1.277277195,-1.00625296,0.999956395140666,5935.77656755906,6089.20766386119
"log_lik_y[97]",-1.12205696157625,-1.09680245,0.102355004811393,0.0714860052900001,-1.324429315,-1.00988416,0.999706677518195,6329.29443978592,6485.57761599386
"log_lik_y[98]",-1.14300777239875,-1.10905865,0.122497036675761,0.0841352519700001,-1.391795055,-1.013092495,0.999673344518156,6844.98163361724,7598.33573446925
"log_lik_y[99]",-1.16772591566375,-1.12366955,0.145046611487475,0.0993505085999999,-1.461980935,-1.01800465,0.99977546818764,7295.47937246684,7252.38835668443
"log_lik_y[100]",-1.24437548259,-1.19644105,0.191134994986888,0.16030523544,-1.615439165,-1.035121975,0.999863219246244,9134.27895665549,7187.70770861365
"log_lik_y[101]",-1.40589460371875,-1.36317705,0.244587035260324,0.22629264798,-1.85915393,-1.092327445,1.0002873179134,10241.4082447469,6365.65840729304
"log_lik_y[102]",-1.21253060370625,-1.1744052,0.159801934201706,0.13138082139,-1.52838124,-1.031342645,1.00025522036854,8794.35607315636,5734.74557192496
"log_lik_y[103]",-1.1131501810775,-1.09167555,0.0965114025132111,0.06589200723,-1.303432135,-1.005431915,1.00092031540098,4877.62867245486,5942.2101254115
"log_lik_y[104]",-1.1070725851375,-1.08777125,0.0905015207157969,0.06311116854,-1.28250226,-1.0050524,1.001185624802,4043.26802312279,4544.88912123626
"log_lik_y[105]",-1.12809478886125,-1.0978008,0.11730650946127,0.0747089553,-1.34947674,-1.00922011,1.00105763679518,4465.81989169935,5382.29458719997
"log_lik_y[106]",-1.14861721373125,-1.1069122,0.145537158217001,0.0847277730599999,-1.424912555,-1.011365415,1.00085425164036,4659.94143894637,5785.98136172931
"log_lik_y[107]",-1.17338174816,-1.1174425,0.180798329932479,0.09689346975,-1.534177695,-1.013503065,1.00064450269917,4803.39562894567,5791.60758811974
"log_lik_y[108]",-1.188303535355,-1.1243822,0.199965646856722,0.10245625908,-1.575377585,-1.017427135,1.00087931757782,4774.3729751845,5756.88672562293
"log_lik_y[109]",-1.0932931579575,-1.08004115,0.0714764045651918,0.0552044627399999,-1.224962795,-1.00485467,1.00034985155345,5313.65998229966,6251.62767955117
"log_lik_y[110]",-1.087744037945,-1.07708145,0.0653075590971743,0.0529636611,-1.20573736,-1.00357537,1.00007804304289,5132.80371526977,5638.29703223307
"log_lik_y[111]",-1.089301421575,-1.07852095,0.0669832904348184,0.0538660455900002,-1.21071243,-1.00411645,0.99997903779077,5167.75473694939,5742.64364316957
"log_lik_y[112]",-1.091645155175,-1.0798345,0.06956535754015,0.0553885275299999,-1.21862109,-1.00485427,0.999900816950343,5216.7483104689,5919.39879288485
"log_lik_y[113]",-1.09366416539625,-1.08081,0.0718236767237307,0.0563024021699999,-1.22794085,-1.00516705,0.999858872794405,5247.98430608082,5673.44480836574
"log_lik_y[114]",-1.1000557790325,-1.08425095,0.079014781628679,0.05855654721,-1.25466273,-1.005285105,0.999815343989711,5332.63286753159,5972.88653650324
"log_lik_y[115]",-1.10494251332875,-1.0869499,0.0847075292359709,0.0603084615,-1.271799745,-1.005594905,0.999806856046825,5428.36054188601,6195.42817594998
"log_lik_y[116]",-1.11073413525625,-1.089829,0.0917152634727165,0.0640923532199999,-1.29393217,-1.006668425,0.999803667208437,5563.72135240692,6366.99719202157
"log_lik_y[117]",-1.11913356285375,-1.0941066,0.10214527685564,0.0690952386600001,-1.324811415,-1.00832525,0.999804124437055,5776.62958336235,6392.01711766204
"log_lik_y[118]",-1.12967023250375,-1.09972295,0.115322718880617,0.0739346674500001,-1.35832021,-1.009758025,0.999806025350214,6019.10671940804,6795.12043949158
"log_lik_y[119]",-1.138599402155,-1.1037323,0.129218380975015,0.0785247970499999,-1.382876335,-1.010110935,1.00027390488179,4890.10703779225,5366.80752394122
"log_lik_y[120]",-1.13686765334625,-1.10106235,0.131591131205349,0.07625419515,-1.39865001,-1.010194265,1.00067179313373,3833.35184093634,4262.98692835569
"log_lik_y[121]",-1.14873336853,-1.10648565,0.147072750750709,0.0821524968599999,-1.442034295,-1.011839575,1.00088735705968,3837.21178727392,4295.31292419334
"log_lik_y[122]",-1.164324636135,-1.1134421,0.166978654744249,0.08927023707,-1.494531625,-1.013530765,1.0005366992023,4024.67747085159,4661.2443758149
"log_lik_y[123]",-1.1863799357275,-1.12160845,0.195535130752741,0.10126980843,-1.58002722,-1.015355475,1.0009556612241,4460.57573827394,5545.78582710495
"log_lik_y[124]",-3.647037430375,-3.5412441,1.06268672712761,1.05721233387,-5.54103043,-2.10113365,1.00067897725549,11735.2707184174,6125.74970617345
"log_lik_y[125]",-3.124184125525,-3.053799,0.72707715821355,0.70870140663,-4.452313065,-2.063231725,1.00035059189235,9257.60099445055,6129.8757616786
"log_lik_y[126]",-3.4652152351125,-3.3939465,0.802209297465931,0.794695097699999,-4.918085535,-2.29534207,1.00019213452482,8878.70835573615,5373.84591562737
"log_lik_y[127]",-1.4826255751475,-1.40203255,0.358467959264366,0.32409176394,-2.16986482,-1.06700892,0.99995706630605,8805.25923004087,6087.94710025895
"log_lik_y[128]",-1.72619998202125,-1.6061175,0.533924250215799,0.48602897133,-2.742285985,-1.09887231,0.99983988077248,8158.08371851018,6289.18653898041
"log_lik_y[129]",-1.8924197112725,-1.74029195,0.678448688560312,0.60752285223,-3.205545885,-1.104399965,0.999802226824688,7771.81705158824,6557.94067306651
"log_lik_y[130]",-1.46248238793125,-1.37154545,0.366082273007128,0.30962944572,-2.175412185,-1.059398765,1.00031115849071,10751.4343277426,6134.49495565517
"log_lik_y[131]",-1.2407460756625,-1.19279385,0.187823880732796,0.1521503424,-1.604534965,-1.03334605,0.999850991398225,9154.91071412056,7015.33047260063
"log_lik_y[132]",-1.10448198791,-1.08548635,0.0865249327319527,0.0616547364300001,-1.27110154,-1.005466705,1.00052495647269,5740.55996254727,6138.80421153332
"log_lik_y[133]",-1.1150784342525,-1.09429685,0.0937150434405926,0.0661374516599999,-1.29732258,-1.008715235,1.0004935687454,5378.1080705845,6275.80795213815
"log_lik_y[134]",-1.16006944874625,-1.12125875,0.136552313435786,0.0932344129499999,-1.43461904,-1.017591665,1.00061589705494,6676.07434906687,6698.17201965147
"log_lik_y[135]",-2.16771088643625,-2.05956385,0.682753536824398,0.64368650556,-3.41685528,-1.279990805,1.0009340199353,9086.23643519489,6552.99892785396
"log_lik_y[136]",-1.5822950554875,-1.54735165,0.285399411657569,0.2781038841,-2.106076955,-1.18570155,1.00059627008711,9418.7828345575,7123.45044992234
"log_lik_y[137]",-1.389699590615,-1.3500395,0.224189048137267,0.20556893931,-1.806574765,-1.09950327,1.00073360097955,9073.98011787322,6743.02158927879
"log_lik_y[138]",-1.2498629808825,-1.20983495,0.172940068697732,0.14975898273,-1.582786865,-1.04432722,1.00019598223835,8459.14928464956,6113.22105487276
"log_lik_y[139]",-1.22308721628125,-1.1816187,0.165153048274191,0.13599104022,-1.545136765,-1.034892415,1.00011348111654,8267.65497618665,5918.90972284286
"log_lik_y[140]",-1.20857463096,-1.163196,0.166531350395069,0.12935521914,-1.535801,-1.02818828,1.00020119260472,8130.73668009504,6116.8623813221
"log_lik_y[141]",-1.2095926413375,-1.16084425,0.172916480981935,0.13111617729,-1.54711974,-1.027204195,1.00020839107413,8120.93258082628,6135.37453232594
"log_lik_y[142]",-1.21985592870625,-1.16467375,0.188343510450527,0.13661892132,-1.58766052,-1.026457455,1.00018686011037,8201.84012105976,6386.30237901719
"log_lik_y[143]",-1.26970076119125,-1.1954156,0.242928960789101,0.17256782004,-1.74630872,-1.02952753,1.00033421854808,8578.64256613364,7006.01596049937
"log_lik_y[144]",-2.7248303011,-2.61880265,0.799999253591352,0.77027452593,-4.194956745,-1.610844925,1.00020505251594,9695.6895913351,6554.985835351
"log_lik_y[145]",-1.13409187518125,-1.1028317,0.11697457293449,0.07872709782,-1.37013286,-1.011011785,0.999964077689069,7225.2568643541,6773.75009564471
"log_lik_y[146]",-1.45438312474625,-1.41025365,0.26143701645767,0.24514791,-1.95127878,-1.11752982,1.00039928398655,10228.043048376,7409.91177596865
"log_lik_y[147]",-1.12142613885,-1.09688045,0.103364161745191,0.07176243606,-1.322514585,-1.008791755,1.00033751594901,5218.34215950261,5394.88974979352
"log_lik_y[148]",-1.1000216301325,-1.08370015,0.0825799748542193,0.0586000615200001,-1.25580715,-1.002971305,1.00095703280405,3468.23223690374,4348.69708185304
"log_lik_y[149]",-1.1099468585425,-1.08953835,0.0930770275201134,0.0616736395800001,-1.2875157,-1.005380445,1.00062785366588,3738.54054854421,4499.19211452747
"log_lik_y[150]",-1.13252026575375,-1.10043325,0.121712902952671,0.07460554395,-1.37075369,-1.00906144,1.00078114283846,4598.03415325463,4576.39667259078
"log_lik_y[151]",-1.15504191283125,-1.11056235,0.151888519237406,0.08682943269,-1.45947162,-1.010690985,1.00032655170976,4840.04649251694,5152.80107078302
"log_lik_y[152]",-1.16592075979125,-1.1147771,0.166442258620242,0.0920621952599999,-1.50109865,-1.01213591,1.000043422729,4951.2783903246,4833.51350478363
"log_lik_y[153]",-1.31762990311625,-1.26803135,0.22679555217039,0.19889279151,-1.75851739,-1.053857965,1.00026853272762,9683.69608284665,7294.53089997208
"log_lik_y[154]",-1.10304076355625,-1.08639745,0.0842055612131882,0.06115636044,-1.261987555,-1.005272825,1.00063348442639,5385.11348254881,6127.54308898084
"log_lik_y[155]",-1.25029795558,-1.1860785,0.218332628360652,0.16215314808,-1.684539245,-1.027739095,1.00036691497693,7775.60465475943,6095.56101545486
"log_lik_y[156]",-1.2233126548975,-1.14791375,0.222477012368006,0.13297899006,-1.662187235,-1.020702155,0.999921075791362,7240.44756961139,6325.26153081948
"log_lik_y[157]",-1.246511177025,-1.1524434,0.266080405562931,0.14169008049,-1.77328112,-1.02048819,1.00001716711842,7026.98130615498,6105.10900432609
"log_lik_y[158]",-3.4236716829375,-3.3734254,0.724190131269663,0.7333784682,-4.70149349,-2.3275875,1.00022151400502,7939.78650544966,6362.45610208063
"log_lik_y[159]",-1.428255841435,-1.3721806,0.282710775238385,0.2580450474,-1.96423881,-1.080121045,1.00018028820919,7789.62711201538,5862.18315494811
"log_lik_y[160]",-1.31134147551125,-1.2504828,0.241384181262985,0.20607435765,-1.78946506,-1.042704145,1.00016189624061,7416.08181980076,5406.86955120875
"log_lik_y[161]",-1.23422837974,-1.15894995,0.22482476605236,0.14360122602,-1.69729533,-1.0216436,1.00047791304985,6323.14082697348,6135.81165296431
"log_lik_y[162]",-1.34856666066875,-1.21812555,0.371214029544392,0.21616396956,-2.115442685,-1.027869465,1.00012209066834,7009.20946672015,6142.61887305294
"log_lik_y[163]",-1.39388392032125,-1.32351205,0.301179109961746,0.26928953058,-1.978345,-1.05322821,1.00015118890023,9654.54165873322,6836.46413441541
"log_lik_y[164]",-1.1285729641025,-1.0975563,0.117794278878967,0.0730540030499999,-1.354000295,-1.00915206,1.00015253153583,4489.18563912489,4824.06123922087
"log_lik_y[165]",-1.13724095682875,-1.10260915,0.128361203176249,0.0768871912200003,-1.385797135,-1.011275085,0.999912893995945,4001.7278260544,4592.94483867761
"log_lik_y[166]",-1.16909985771125,-1.1170441,0.17145997476462,0.09393879621,-1.49989971,-1.01507927,0.999810500983265,4571.17416338651,4967.04049198404
"log_lik_y[167]",-1.206103543955,-1.1326128,0.224378775416172,0.11490935778,-1.634914865,-1.017061805,0.999779189953948,4743.69944455882,4861.63904552705
"log_lik_y[168]",-2.8329737383875,-2.7811849,0.581527644193248,0.56298606714,-3.88090081,-1.96881802,0.999964457296196,8901.09833057923,7242.26353098038
"log_lik_y[169]",-1.2142225615575,-1.17094265,0.163789695493922,0.13034248248,-1.537291665,-1.03202935,0.999899085236149,8399.28857456527,7418.3508191986
"log_lik_y[170]",-1.9476697582375,-1.89899125,0.409341218258016,0.39460866774,-2.696012475,-1.36668112,1.00037457054371,8374.30118001927,7441.21595877542
"log_lik_y[171]",-1.1793734637275,-1.13672495,0.14864922146302,0.10514213724,-1.469480395,-1.022325565,1.0003483044221,7572.34753774895,7096.51192487581
"log_lik_y[172]",-1.33790714057625,-1.28323845,0.241667365416033,0.21682839675,-1.80608063,-1.053491685,0.999813983287082,7925.87250400234,7444.30493975814
"log_lik_y[173]",-1.19193163706875,-1.1422528,0.166812922814363,0.11862883053,-1.525565805,-1.019173705,0.99988591226438,6872.13841299165,6819.53422596773
"log_lik_y[174]",-1.244599562135,-1.183499,0.206359375106775,0.15188710677,-1.66023738,-1.03263767,1.00032718202181,7959.45660891938,7788.94730299951
"log_lik_y[175]",-1.97073127315,-1.8977567,0.496888128650632,0.48149718204,-2.88680485,-1.28208538,0.999868198824338,8270.79102922249,7236.03662105323
"log_lik_y[176]",-2.652038398575,-2.5780893,0.676280717055982,0.66610386234,-3.87335657,-1.66792215,0.99987631719276,8384.86831435731,7377.62428294977
"log_lik_y[177]",-1.16540192815875,-1.1144652,0.166388453256751,0.0895319159699999,-1.492078945,-1.014847415,1.0004772828339,5155.25631370691,5964.5306855273
"log_lik_y[178]",-1.10463779035875,-1.08657845,0.0846761587061712,0.0594262403700001,-1.26813794,-1.007123655,1.00116104125013,5654.48895307761,6580.49218577386
"log_lik_y[179]",-1.65883241276625,-1.61058325,0.329040047905566,0.31173866661,-2.26706878,-1.210380295,1.00066326228538,8257.70266876395,5530.99171161623
"log_lik_y[180]",-1.4460969918825,-1.3899974,0.294645845272408,0.27405253134,-2.008351755,-1.078208935,1.00064459087556,7893.80417484408,5061.8982994709
"log_lik_y[181]",-1.3240390120725,-1.24574545,0.277664887051099,0.22266717207,-1.87794436,-1.03349092,1.0005153779142,7459.34556794419,4944.58957472972
"log_lik_y[182]",-1.32698526947125,-1.21123105,0.332898175348837,0.20931976905,-2.012947775,-1.02672651,1.00052570228129,7325.27761020948,6231.06900640721
"log_lik_y[183]",-1.530293257075,-1.46992395,0.347281514903522,0.32705073702,-2.188181515,-1.08577404,0.999818671326309,10006.0140151511,7099.66337787384
"log_lik_y[184]",-1.50474630217,-1.43926105,0.327335507825093,0.28907631018,-2.14139957,-1.102247065,0.999751369980858,9276.94270155019,6494.41115217537
"log_lik_y[185]",-1.59916523560875,-1.5206672,0.391319932442655,0.3507520254,-2.350174,-1.11099292,0.999757783948638,8877.77162241461,5639.13991447997
"log_lik_y[186]",-1.21452377294625,-1.13303425,0.232889549175473,0.11818456944,-1.69407043,-1.01651179,0.999793863840855,4903.1351698929,5404.0066192504
"log_lik_y[187]",-1.839632152725,-1.79723205,0.392779210841891,0.38272644417,-2.55866386,-1.28357488,1.00023232311719,8612.57170437145,7165.42670307023
"log_lik_y[188]",-1.25683195693375,-1.2145618,0.187651091409361,0.16234944432,-1.62552592,-1.03948472,1.00013711866127,8104.56706851283,6800.48907197221
"log_lik_y[189]",-1.51075734117875,-1.46535945,0.304155739304112,0.29505763749,-2.0937582,-1.11384041,1.00010575524352,8358.615779069,6759.97197545609
"log_lik_y[190]",-1.6637101966775,-1.6144798,0.372025336885294,0.36706685232,-2.36359994,-1.165032645,1.00012432853113,8473.42875753453,6624.6675268057
"log_lik_y[191]",-1.576814171665,-1.5195322,0.357657370172186,0.34555825521,-2.253843545,-1.116547595,1.00014809921253,8498.11342487485,6792.62694066428
"log_lik_y[192]",-5.0469399646875,-4.9453417,1.11071024787094,1.09695854184,-7.00083373,-3.386377555,1.00000807290664,8303.47827405332,7105.12755612684
"log_lik_y[193]",-1.1368649192,-1.1017954,0.128996056018435,0.0775953551100002,-1.38122606,-1.011133035,1.00107312146627,5388.4808653693,6544.35842924482
"log_lik_y[194]",-1.10964740248,-1.08834485,0.0954124387198912,0.0638857529099999,-1.29236754,-1.006324925,1.00017566371055,5574.57488858012,6722.65371474971
"log_lik_y[195]",-1.1004921121475,-1.08544375,0.0785084060425738,0.05904654651,-1.25228204,-1.00643431,1.00003319482232,5548.21084710514,6662.34049215415
"log_lik_y[196]",-1.17765236884125,-1.14099935,0.137994293186144,0.10656031827,-1.44964809,-1.024072075,0.999923446934459,7646.94048786612,6924.931943834
"log_lik_y[197]",-1.10412061762875,-1.08522855,0.0878822188289551,0.06137830566,-1.267137355,-1.005615055,1.00017989942169,5025.7092497739,6397.42505297912
"log_lik_y[198]",-1.11602456441375,-1.09360175,0.0980152821301346,0.06747038319,-1.30977447,-1.00772355,0.999764498718856,5156.90918005323,6211.22276253354
"log_lik_y[199]",-2.3184352489975,-2.2310518,0.608097645193732,0.580786311,-3.45299168,-1.48565618,0.999917546801255,7858.60700499794,6915.88955670799
"log_lik_y[200]",-1.133718106455,-1.1001903,0.123500728068579,0.07555789206,-1.37409632,-1.01026747,0.999949486407525,5258.02611971189,6364.2979651918
"log_lik_y[201]",-1.52685456841875,-1.4447373,0.39590783765841,0.36275463609,-2.2971115,-1.064933455,1.00015239432788,7990.74441327345,7222.24835196156
"log_lik_y[202]",-1.31507775792625,-1.23766855,0.272867850922384,0.20634856452,-1.84850482,-1.041247655,0.999940450635235,10785.7721007508,6375.55945378125
"log_lik_y[203]",-1.1037187462475,-1.0867007,0.0837647904997941,0.06077911287,-1.262984355,-1.006043015,1.00087778989557,4791.85354195601,5959.73947850132
"log_lik_y[204]",-1.4817421060075,-1.4466231,0.246815709551108,0.23542457442,-1.94306228,-1.14137488,1.00015453624955,9153.84778252882,6871.47814633628
"log_lik_y[205]",-3.633198065075,-3.5825612,0.643061387317645,0.63588877086,-4.761368675,-2.6519199,1.00119305308099,8276.4957155543,5704.97329584508
"log_lik_y[206]",-1.65735598730875,-1.6149857,0.320222448614117,0.30611731458,-2.252434975,-1.21442912,1.00124142448821,8310.31864220111,5303.1586240329
"log_lik_y[207]",-1.417276445,-1.35529995,0.291838097995577,0.26452408353,-1.98193892,-1.06385991,1.00082979131859,8298.13587974229,5504.17148121692
"log_lik_y[208]",-1.34078228854375,-1.2535979,0.298392542005211,0.2356266528,-1.958846965,-1.03481147,1.00024382771369,8153.13816167945,5596.6486819439
"log_lik_y[209]",-1.3381192543725,-1.22837375,0.327916704726049,0.22375970001,-2.02174324,-1.02957396,1.00035915191265,7995.79833537732,5662.03302774928
"log_lik_y[210]",-1.4023588220525,-1.3105676,0.341258466023502,0.28650985545,-2.092423255,-1.042039825,1.00002617984163,10773.1085820351,7394.12868828706
"log_lik_y[211]",-1.12292547973125,-1.09706405,0.107577472933719,0.07098088347,-1.330101685,-1.009487575,1.00035629139763,5369.60572603014,6141.80734889623
"log_lik_y[212]",-1.31014766532875,-1.2481995,0.242154054445377,0.2043645492,-1.801879125,-1.042939625,0.999802011935225,8566.32886910379,5841.06103531177
"log_lik_y[213]",-1.18285476094625,-1.12734965,0.173375282955751,0.10599604071,-1.538798845,-1.017033845,0.999864344818727,5781.96432790287,5701.16278201507
"log_lik_y[214]",-1.1626530603975,-1.1118978,0.16594719629428,0.0910025069099999,-1.493432695,-1.012570145,1.00070852239521,3917.88594880465,4218.7640838936
"log_lik_y[215]",-1.21645450625625,-1.13294585,0.244041763551896,0.11648840091,-1.695863425,-1.016421365,1.00019756196548,4765.22015102767,5515.98680953351
"log_lik_y[216]",-1.092951648555,-1.0795457,0.0736425083010987,0.05585940129,-1.226485165,-1.003415395,0.999959374683186,5179.0895785536,6078.96492862855
"log_lik_y[217]",-1.12882428125125,-1.10294655,0.107513960292522,0.0765536803500001,-1.3346467,-1.009664595,1.00009043664489,6836.30962633948,5728.10204460838
"log_lik_y[218]",-1.31521110412375,-1.27108805,0.220718759365691,0.19891999722,-1.743404155,-1.05083731,1.00021652513919,8255.41120362494,5836.22285479498
"log_lik_y[219]",-1.24772267903125,-1.18050325,0.220892143343494,0.15998410428,-1.694108055,-1.0246764,1.00014808411948,7999.88992345465,6169.25261839994
"log_lik_y[220]",-1.25156863032375,-1.17477345,0.236215420338734,0.15946615797,-1.72784144,-1.023753145,1.0001530398097,7918.89187186697,6568.39412493669
"log_lik_y[221]",-1.2789639562875,-1.1848366,0.277589394992745,0.17444434686,-1.84897465,-1.024023645,1.00013410885403,7890.5978982825,6724.86892611978
"log_lik_y[222]",-1.2530341478025,-1.1543519,0.2815676484427,0.14298846744,-1.811004915,-1.02054375,1.00046434120299,6783.4892436718,6554.66916089128
"log_lik_y[223]",-1.22479837685,-1.1419235,0.242482687688622,0.12703635861,-1.701315065,-1.01770261,1.00092186875607,4389.12769756771,4665.58968716452
"log_lik_y[224]",-1.25204627113625,-1.14909005,0.291712270765852,0.13617955281,-1.82957406,-1.019142775,1.0016850885546,3919.74969817529,4000.77330007755
"log_lik_y[225]",-1.35236812112625,-1.26758465,0.305771086450234,0.2478002814,-1.950725985,-1.03665746,1.0002593732348,10706.5320461246,6662.8123953405
"log_lik_y[226]",-1.40066275495875,-1.3517544,0.259606433693349,0.24373906935,-1.901877815,-1.07579052,1.00013217498721,10388.7677817237,7183.27381127851
"log_lik_y[227]",-1.9119012593375,-1.8630443,0.380654920916687,0.3662563149,-2.614357155,-1.370547265,1.00027271211815,9535.99667103755,6554.38188551704
"log_lik_y[228]",-1.4877499980075,-1.44653725,0.270830065320249,0.25617734205,-1.99518355,-1.129174575,1.00044133089709,9507.94939156703,5196.13290935019
"log_lik_y[229]",-1.385407126855,-1.3382305,0.247994946910205,0.23127040335,-1.85610284,-1.079239575,1.00048075025117,9464.50424796661,4904.63074807312
"log_lik_y[230]",-1.3200562987975,-1.26393065,0.240188936197392,0.21168229215,-1.78701676,-1.049202955,1.00049159980451,9109.9308608152,5648.37570553521
"log_lik_y[231]",-1.30233092103,-1.2293992,0.258901690556199,0.20337291219,-1.81347761,-1.03653188,1.00046341098851,9413.21398445449,6115.34471169824
"log_lik_y[232]",-1.30698646797875,-1.22800455,0.27014263339416,0.20644419222,-1.84366361,-1.035350675,1.00044655802125,9418.33725651619,6231.62012922116
"log_lik_y[233]",-5.8868399901375,-5.75256015,1.49061838421854,1.45535314785,-8.509074055,-3.65324575,1.0002167789089,10547.1438158227,6614.13859445751
"log_lik_y[234]",-1.26234678648875,-1.1692413,0.263160671057213,0.15799586355,-1.79666745,-1.025373875,0.999940031079788,8383.78411614237,7031.30764031512
"log_lik_y[235]",-1.492212605985,-1.4325475,0.309586139121418,0.2898675738,-2.080761345,-1.09808278,1.00003567140985,9454.71282316853,6476.79336925601
"log_lik_y[236]",-1.187302155705,-1.13543965,0.166135780467534,0.11473663488,-1.517166995,-1.018226995,1.00180098682334,6041.64099200403,5846.98320375382
"log_lik_y[237]",-1.13168869761625,-1.09938035,0.120361981210836,0.0742634339999999,-1.370902335,-1.00939896,1.00186788302678,4139.07055596415,5415.21575891559
"log_lik_y[238]",-1.13066324168,-1.0989744,0.118277366640844,0.0741328169399999,-1.366681505,-1.010644045,1.00209210207522,3885.30265017581,4563.01689810936
"log_lik_y[239]",-1.30606983875625,-1.17668985,0.348403703851616,0.1718496486,-2.02495082,-1.0233398,1.00039082895094,6874.8550023171,6859.50786948456
"log_lik_y[240]",-1.133870392535,-1.10037285,0.12125891882827,0.0754978467600001,-1.375140705,-1.01086131,1.00051901173958,5155.06481664906,5219.2051138415
"log_lik_y[241]",-1.20253119907875,-1.15626495,0.164181758432032,0.12490601067,-1.522643015,-1.024844295,1.00028942407578,9130.57029815692,6197.18992741815
"log_lik_y[242]",-1.26060756566375,-1.22490975,0.175396936336234,0.15945778128,-1.59454402,-1.04785792,1.00013738635669,10113.7065825032,6390.2933007685
"log_lik_y[243]",-1.13896847987125,-1.11305205,0.106244110717582,0.0825760756800002,-1.35216469,-1.017547655,0.99996538986889,7557.73502006067,5793.12232349813
"log_lik_y[244]",-2.048252753675,-2.00083265,0.409913290905891,0.40289343654,-2.79234221,-1.45123831,0.999947493024751,9823.57564452443,5437.05592350837
"log_lik_y[245]",-1.65456965263625,-1.5940543,0.377974891706253,0.35850431841,-2.37790094,-1.1536358,1.00019422651636,10086.9394777828,5910.60698498173
"log_lik_y[246]",-1.54483356872625,-1.46756045,0.376875965694505,0.34687117164,-2.284120355,-1.08317477,1.00008225726525,10265.7549558844,6409.44406488577
"log_lik_y[247]",-2.9385353435625,-2.8167455,0.949265204630638,0.92320249203,-4.70885406,-1.611375425,0.99995548202054,10520.3291152862,6633.60552441094
"log_lik_y[248]",-1.3883598834375,-1.3045098,0.321685838252658,0.27190009266,-2.022549005,-1.041336935,1.00055044212849,8745.43937211411,6273.58328518487
"log_lik_y[249]",-1.65252726062,-1.5995862,0.368746678170754,0.35260023456,-2.343329275,-1.152090605,1.00101779676276,9956.31595830465,6203.02411947757
"log_lik_y[250]",-1.099670937755,-1.083549,0.0803321242862137,0.0583293387600002,-1.24734808,-1.007329565,1.00034651426457,5330.51776808285,6372.97712679714
"log_lik_y[251]",-1.1204131859075,-1.0945417,0.104286666727555,0.0693664062,-1.324372905,-1.009197425,1.00011480870798,4774.91751717146,5220.90800744202
"log_lik_y[252]",-1.82328853890125,-1.75764405,0.416164549230683,0.39367722429,-2.588034445,-1.261354445,0.99997916810953,8852.05759374983,5165.27431242578
"log_lik_y[253]",-1.49311804323,-1.3765577,0.422066739836793,0.35048723304,-2.307087675,-1.04967766,0.999998679068021,8526.89922206177,5792.20541924713
"log_lik_y[254]",-1.761697982945,-1.6279827,0.610029641285695,0.54721535442,-2.90591794,-1.08223855,0.999902119865185,9924.16852301346,6449.96248592929
"log_lik_y[255]",-1.33598418886,-1.23384165,0.326020862865093,0.22716159984,-1.984830485,-1.02896661,1.00075330136599,8465.91607775278,6747.33627356895
"log_lik_y[256]",-1.18602917188875,-1.12301285,0.189639337272907,0.10412032932,-1.559760385,-1.016183105,1.00015771817357,6264.13092456149,6780.15615292744
"log_lik_y[257]",-1.20016343613625,-1.15195085,0.163706076425993,0.12245349375,-1.526553035,-1.025600645,0.999927560463017,8264.76829024792,6613.91722857824
"log_lik_y[258]",-1.108640770225,-1.0878096,0.0922953788775782,0.06319938324,-1.28749728,-1.00571548,1.00065779755777,4389.88446625551,4795.74398843515
"log_lik_y[259]",-1.12059088569125,-1.0933527,0.10663526851794,0.06977960682,-1.330984035,-1.007674885,1.00068178062254,4256.95883017272,5017.19211969299
"log_lik_y[260]",-1.150102645025,-1.1070547,0.14404455169303,0.0834370215,-1.438416125,-1.011820155,1.00048527795836,4433.91740347812,5303.86696802166
"log_lik_y[261]",-1.98668557309625,-1.823678,0.766172506269747,0.71845491312,-3.493632535,-1.079428455,1.00028937295267,7132.69690050345,6473.62563315894
"log_lik_y[262]",-1.11072235899375,-1.0888895,0.0923897401691761,0.0629417073600001,-1.289780715,-1.008342425,0.999822881470707,5297.76426103023,5874.30517939218
"log_lik_y[263]",-1.2494768620475,-1.210864,0.176620398693255,0.15535616838,-1.60170448,-1.03904522,0.999884611307338,8800.98701993752,7191.18855218676
"log_lik_y[264]",-1.12799389385875,-1.1050869,0.0987239367213882,0.0743297803499997,-1.329899175,-1.013804895,0.999865040947766,7251.16287963176,6824.31981647617
"log_lik_y[265]",-1.13692009288875,-1.1137678,0.100938748050811,0.07951168974,-1.34016084,-1.0182372,0.999879535818089,7543.42500338579,6419.95572826293
"log_lik_y[266]",-1.08664491427875,-1.07738075,0.0645849845397945,0.0510862447200001,-1.20412514,-1.002385815,1.00048734708773,3792.23934149813,4626.44654164082
"log_lik_y[267]",-1.09265194222875,-1.0810108,0.0701066111608275,0.05467843626,-1.219797555,-1.0054589,1.00043867802873,4075.35443908427,4567.09981386298
"log_lik_y[268]",-1.9769424551125,-1.91453955,0.452370070624423,0.4345107711,-2.803447045,-1.35256691,1.00019173514838,9097.74231490663,5685.59060811728
"log_lik_y[269]",-1.23822391579375,-1.14669005,0.260253143540278,0.13291538652,-1.75734676,-1.01846843,0.999960939427462,6641.10911797112,6249.58040588463
"log_lik_y[270]",-1.120137518195,-1.09382345,0.108937502663179,0.06697171068,-1.32357358,-1.00852607,1.0000271357697,4881.6742949338,4529.80302169275
"log_lik_y[271]",-1.15050986358,-1.1052388,0.155069939699286,0.08098583892,-1.4483845,-1.01229579,1.00018920782048,4975.78239029992,5176.74886835362
"log_lik_y[272]",-1.3181149796625,-1.2115257,0.32350431929088,0.20239988181,-1.94768089,-1.02756145,1.00020388322674,8233.80329523823,5408.00247723282
"log_lik_y[273]",-1.1862072941425,-1.12388095,0.186544094718601,0.10600122981,-1.56065588,-1.014807685,1.00004116425145,5779.0717449711,5332.97891603327
"log_lik_y[274]",-1.3201870980725,-1.25536435,0.249339869756639,0.21058665075,-1.818272765,-1.043989725,1.00008319503537,9835.17173262686,6675.00170084425
"log_lik_y[275]",-1.16765033522375,-1.12031875,0.159236953127844,0.09848993343,-1.48398717,-1.01454638,1.00037213261333,6336.66222004835,5398.00770470394
"log_lik_y[276]",-1.43416874501125,-1.28634,0.439356438615781,0.29922604152,-2.31414334,-1.03249572,1.0004132224015,7370.26392931643,5807.23699291984
"log_lik_y[277]",-1.14058903402125,-1.10413915,0.128706524353709,0.0824281122,-1.4041776,-1.010240215,0.99992986845294,6091.62481967598,7071.18913067016
"log_lik_y[278]",-2.1729007448625,-2.11640155,0.480697143227224,0.46156710915,-3.047163175,-1.48722537,1.00014082708028,9607.77520561518,7216.90505174917
"log_lik_y[279]",-1.840153163125,-1.78037585,0.419712223390751,0.39376588377,-2.621664075,-1.26369734,1.00076758161097,8969.30144487847,6001.27115481004
"log_lik_y[280]",-1.86929151242875,-1.7902919,0.494057776788432,0.46589674593,-2.78955278,-1.215594565,1.00050801598929,8950.37036108017,6337.15737204349
"log_lik_y[281]",-2.82022832725,-2.69299005,0.927748122543699,0.89973374946,-4.51887954,-1.528546035,1.0002156929923,9380.97014160055,6885.90023922892
"log_lik_y[282]",-2.1490536468625,-2.00754505,0.758598619318034,0.71357108046,-3.593957215,-1.17658998,1.00020575482831,9092.16205016453,6875.5181721212
"log_lik_y[283]",-1.13758532526125,-1.10255385,0.129619596965955,0.0769046117699999,-1.390852985,-1.009114595,0.9999381944258,4937.5313489395,4963.70425357778
"log_lik_y[284]",-1.19203875191,-1.13105715,0.186001532248601,0.11138395737,-1.56815878,-1.01820359,1.0002374723808,7712.62540205527,6257.01282343346
"log_lik_y[285]",-1.55965968843625,-1.48264305,0.370491798223463,0.33747467523,-2.27208423,-1.107703625,1.0001789904024,11120.9371758385,6863.66765607893
"log_lik_y[286]",-1.16698806165375,-1.1172424,0.161268889204027,0.0960362304299999,-1.495961045,-1.01269218,1.00035256014821,4695.61814013228,4603.674134603
"log_lik_y[287]",-1.87077134736875,-1.7678459,0.575756499757999,0.56258680296,-2.95628809,-1.131430045,1.00023699429996,9295.45815062671,5457.64189715688
"log_lik_y[288]",-1.311758126155,-1.2342409,0.267296319408795,0.21342575562,-1.84525439,-1.03488172,1.00039126551961,9537.49448857971,6650.60501540806
"log_lik_y[289]",-1.118423470045,-1.09316895,0.104273004078929,0.0660717724799999,-1.31971214,-1.00916418,1.00065809099653,4791.12514109975,5602.14704251386
"log_lik_y[290]",-1.56362867223,-1.48367345,0.395875326784581,0.36737686398,-2.332588245,-1.085395935,1.00049626703436,8498.01795560264,5287.90344065216
"log_lik_y[291]",-1.25314345570875,-1.1582474,0.266589236952449,0.15027744795,-1.80155781,-1.019822775,1.00143021786494,5568.15250840808,5454.74307314932
"log_lik_y[292]",-1.1530678412975,-1.10898745,0.147262083215616,0.0868117156200001,-1.442688595,-1.012289975,1.00104647343228,4950.35629810204,5472.9089523182
"log_lik_y[293]",-1.11598994326625,-1.093109,0.0991650591882863,0.06671714826,-1.30780788,-1.00787879,1.00092204452914,5165.98353105515,6142.90943938054
"log_lik_y[294]",-1.09894250625875,-1.084049,0.0784039214709684,0.0577618736099997,-1.249966815,-1.00486696,1.00061677283816,5437.24438772585,6744.68524754108
"log_lik_y[295]",-1.5658700027525,-1.52897235,0.280171017319912,0.27233827509,-2.07936198,-1.169488505,1.00020873191636,8476.45293290543,6830.84271369595
"log_lik_y[296]",-1.094072791165,-1.0822252,0.0719820457361126,0.0561336081599997,-1.22878895,-1.00299718,1.00031025414627,4384.52039045442,5734.28021780235
"log_lik_y[297]",-1.1013857084,-1.08557205,0.0822036831599415,0.0598738373099998,-1.255026395,-1.00363369,1.0003765946603,4040.45182476144,5283.11978695387
"log_lik_y[298]",-3.494019551475,-3.4368563,0.798145089460588,0.79549740669,-4.865291495,-2.277591385,1.00038774147661,8057.56539366786,6021.01135912902
"log_lik_y[299]",-1.21252939897125,-1.1520991,0.190371019134869,0.13373311455,-1.59100074,-1.02213107,1.00009592701005,7180.10003437175,6781.25155202233
"log_lik_y[300]",-3.6398673554125,-3.54002625,0.966177024436417,0.95106462318,-5.37723207,-2.26329896,1.00081164845022,8392.61941586723,6101.40053822612
"log_lik_y[301]",-1.10806970982625,-1.0884797,0.0899827858301707,0.0637174036799999,-1.277305765,-1.005986585,1.00053989894828,5804.06338522139,6136.52393310357
"log_lik_y[302]",-1.10040816888,-1.08582275,0.078082661066083,0.0570219079499999,-1.24410891,-1.006889125,1.00035243600296,4954.01160081559,5512.06866084697
"log_lik_y[303]",-1.12028399663375,-1.09628865,0.100580548498059,0.07199527839,-1.3145879,-1.007426815,1.00067524158701,5488.23083025526,6033.45785883238
"log_lik_y[304]",-1.50379610087875,-1.4580955,0.287231830565227,0.27464853654,-2.033249475,-1.12477567,1.00054542800541,7405.0159092639,5715.36013363464
"log_lik_y[305]",-1.37708910844125,-1.3165759,0.273879446004868,0.24571759905,-1.90001163,-1.05839274,1.00048900998161,7412.471351599,5575.96879348774
"log_lik_y[306]",-1.31770751400125,-1.21146385,0.322388405271521,0.2068034262,-1.966220995,-1.02482302,1.00032862472772,6913.29536873257,6664.0391621031
"log_lik_y[307]",-1.25381391885875,-1.1721153,0.243553617752682,0.15250305294,-1.75364663,-1.028637805,1.0000760792448,9812.14194092063,6428.32253025612
"log_lik_y[308]",-1.41324491879625,-1.3551808,0.286246108996949,0.26487864732,-1.95826651,-1.066535565,0.999977486329259,9958.39758789912,6755.30370366903
"log_lik_y[309]",-1.22372950463875,-1.1744716,0.178885872212852,0.13963860687,-1.573058745,-1.032443085,0.999916484706716,9261.57791272986,5963.68280140487
"log_lik_y[310]",-1.4725699638175,-1.3858033,0.369653023273283,0.31795669101,-2.20413714,-1.05631016,0.999834116988504,8552.31038325672,5153.76164846135
"log_lik_y[311]",-1.2845729116875,-1.1729655,0.311373166682085,0.16662785727,-1.94146333,-1.021027375,1.00028480906563,5298.12337663921,5349.86352062819
"log_lik_y[312]",-1.87453612209875,-1.77866525,0.55503586877035,0.52576279959,-2.93406272,-1.1598755,1.00021357332141,11397.6489005652,6706.47189712434
"log_lik_y[313]",-1.11628342603375,-1.09293015,0.101735081115937,0.06705347607,-1.30811645,-1.008498055,0.999750710982997,6079.95663930777,6902.74993067571
"log_lik_y[314]",-2.757507680025,-2.69709295,0.631833731402657,0.62421492672,-3.889718545,-1.827095325,1.00021302009638,9771.42199253487,6274.40735052983
"log_lik_y[315]",-2.3635201384375,-2.2838604,0.630785900195207,0.61183877496,-3.52293499,-1.478765255,1.00069260639292,9003.7069994647,5299.44810843508
"log_lik_y[316]",-2.38647825752375,-2.26805425,0.768622245865888,0.73865822919,-3.82368315,-1.340654815,0.999973938716517,9539.13143037607,5361.27657538357
"log_lik_y[317]",-2.32340465532875,-2.15936295,0.870170251169581,0.81755108169,-3.98537494,-1.197964585,0.999948419311486,9502.36649924035,6293.9866665756
"log_lik_y[318]",-1.19623598227,-1.1316097,0.195449906076206,0.11060959539,-1.593640225,-1.017821425,0.999954377341135,7848.12660806296,6567.22940757089
"log_lik_y[319]",-1.12653688670875,-1.09998905,0.105813321283895,0.07354096302,-1.33646554,-1.01223763,1.00014412747777,7050.35899904642,7233.0105371848
"log_lik_y[320]",-1.12998968546,-1.1064654,0.100177220830486,0.0752595188100002,-1.33081179,-1.01468177,0.999969892429945,6854.12388965411,7239.51088611489
"log_lik_y[321]",-1.118352211355,-1.09325025,0.102820286231219,0.0671136696300001,-1.318814515,-1.00740333,1.00023031945292,5578.75048986393,4901.51441051698
"log_lik_y[322]",-1.414014438995,-1.35474365,0.274383024709109,0.23911031802,-1.9533819,-1.08481225,1.00039144996421,9304.66987770339,4692.62286049643
"log_lik_y[323]",-2.352361614375,-2.26445495,0.60865162539116,0.57315514641,-3.48690284,-1.5277781,1.0002495623824,9603.73554193246,6010.69378389558
"log_lik_y[324]",-2.7430230883625,-2.64118915,0.856511611030115,0.84083790924,-4.282636525,-1.512284625,0.999785780220336,10450.1504220484,6820.43967626491
"log_lik_y[325]",-1.143939503695,-1.1058074,0.137102922732158,0.0803414268299999,-1.4177429,-1.011175505,1.0008981984287,5620.52634535149,5913.32932141481
"log_lik_y[326]",-1.123439675335,-1.0972492,0.106582876294676,0.0703664198999999,-1.337735925,-1.009860175,1.00068549716573,6695.41733395184,6697.11090574116
"log_lik_y[327]",-1.11061787770875,-1.0895575,0.0938854745638197,0.06342755538,-1.29062591,-1.006714905,0.999941207071014,5643.07790317182,6267.46481915792
"log_lik_y[328]",-3.26100594255,-3.1864765,0.752932602622029,0.75588707901,-4.6279171,-2.181999135,1.00093305999959,9007.32822213843,5903.41629306854
"log_lik_y[329]",-2.114066229815,-1.9680106,0.75735620175227,0.72456604206,-3.54838398,-1.149003255,1.00060606622996,7955.5339408743,5888.72826349684
"log_lik_y[330]",-2.17767908157,-2.01696595,0.826574913664519,0.78028481874,-3.75397904,-1.13549926,1.00061231147359,7824.87844103705,6208.38428520132
"log_lik_y[331]",-1.25850031022375,-1.1817416,0.236125745631091,0.1578650241,-1.73479405,-1.030555825,1.00007434549276,10584.4245363725,6783.24694359349
"log_lik_y[332]",-1.38931854598,-1.32440385,0.280412415742647,0.24844587957,-1.94048151,-1.06423916,0.999985503024608,11531.7168430738,7131.72947297341
"log_lik_y[333]",-1.29935083593375,-1.2521173,0.213178467137453,0.18558934758,-1.70958611,-1.051749825,1.00018319627917,9849.61844690638,7516.68600262475
"log_lik_y[334]",-2.768632695325,-2.70968505,0.588176828365297,0.58834423515,-3.80653723,-1.921067175,1.00031896099797,10169.9207115008,5862.50834702639
"log_lik_y[335]",-2.446986291825,-2.3738591,0.589648033883825,0.57435471807,-3.53461172,-1.612825115,1.0003286766755,9697.65020935312,5457.5102555256
"log_lik_y[336]",-1.672418086815,-1.5618734,0.513900378165391,0.47514550125,-2.664715805,-1.071515615,1.00021329714921,9443.04327310556,6326.19330880598
"log_lik_y[337]",-3.30698085008875,-3.15529885,1.21025731645763,1.18237772541,-5.50269784,-1.60362962,1.0000645487907,10124.0842645138,6527.00126999119
"log_lik_y[338]",-1.87159172714,-1.76696195,0.570770190833301,0.525715134,-2.95627834,-1.15298987,0.999881047859961,11806.368062134,6260.69100902437
"log_lik_y[339]",-2.535277898025,-2.4594021,0.661599521455912,0.63708493254,-3.737500715,-1.58851803,0.999978476305185,11457.0457051124,6787.17126083514
"log_lik_y[340]",-1.6875146049825,-1.6075213,0.433408734326899,0.39958827636,-2.510756,-1.136875315,1.00063393137005,10307.410702292,5244.92759057039
"log_lik_y[341]",-1.45311402868875,-1.3319074,0.412889392237325,0.31512247872,-2.259695105,-1.04814522,1.00030399144692,9695.67767125759,6117.60099795987
"log_lik_y[342]",-3.4874343238,-3.3188938,1.29669687266313,1.24180270557,-5.86015339,-1.688718575,1.00007866970742,10378.4310316801,6215.40359741671
"log_lik_y[343]",-2.27853681115,-2.22624265,0.47415353782389,0.45802955142,-3.12698071,-1.590262955,1.00007821434548,9292.56251844417,6691.2777473473
"log_lik_y[344]",-2.2915382818575,-2.24434925,0.476564667468301,0.46640705685,-3.16269096,-1.600064795,1.00021857490235,8692.83579179423,6898.19403362454
"log_lik_y[345]",-1.83116710817125,-1.79156085,0.354066614321838,0.34533467913,-2.47856444,-1.32779303,1.00030387265367,8600.19693570975,6371.80249617194
"log_lik_y[346]",-2.0906146295375,-2.04394565,0.411370882498949,0.40036337964,-2.83618477,-1.493869695,1.00020180664691,8818.07122414999,6313.89759957922
"log_lik_y[347]",-1.3141000891825,-1.27768425,0.199654587251105,0.18424181244,-1.69469175,-1.063841205,1.00034456410156,8607.46852101531,5675.66297658308
"log_lik_y[348]",-1.961450922475,-1.91265485,0.390484497435395,0.38246209659,-2.67475892,-1.40737524,1.00024008522554,8419.30844706511,5461.56601676207
"log_lik_y[349]",-1.9453476428875,-1.89372635,0.404495635489251,0.39342888879,-2.68354401,-1.377009305,1.00019421564348,8335.13301066272,5501.50280796399
"log_lik_y[350]",-2.095100753,-2.01107345,0.561915137779651,0.53488242045,-3.13144155,-1.33621297,0.999937147742752,8163.66291448912,6251.30198980278
"log_lik_y[351]",-2.50037168280875,-2.418546,0.675718990735044,0.65442831321,-3.734215745,-1.54465843,1.0000351366216,8424.08959595435,6669.84331201369
"log_lik_y[352]",-3.46029437765,-3.3575207,0.992582040926962,0.96988548888,-5.244209955,-2.02726467,0.999973890013218,8617.63675745666,6892.70386343864
"log_lik_y[353]",-1.14076562282,-1.10263765,0.133486912064991,0.0789428161200002,-1.40017505,-1.012286435,1.00079101914685,4901.93894358501,5407.59163794985
"log_lik_y[354]",-1.6188251293275,-1.56292135,0.348793637812968,0.34187177031,-2.272005595,-1.149314235,1.00072791871872,11165.3543826579,7259.92136582516
"log_lik_y[355]",-1.100389650185,-1.08578325,0.0790870581463034,0.0598493002800001,-1.246955315,-1.003859295,1.00018154932178,4529.12666454562,5511.02913369982
"log_lik_y[356]",-3.3096251411625,-3.26683405,0.6895587615816,0.69148597434,-4.513139525,-2.252225635,0.999869311588926,10175.3926952443,5766.1382704083
"log_lik_y[357]",-2.854062014725,-2.78057035,0.676077114454152,0.671285994119999,-4.065903235,-1.88671453,0.999854519014032,10003.555091021,5621.67242816372
"log_lik_y[358]",-2.5803748790375,-2.4913243,0.694742268902796,0.6699899052,-3.853708,-1.611433495,0.999953187914685,10094.6214784982,6087.55593856928
"log_lik_y[359]",-2.9712072507625,-2.84587795,0.940027003334016,0.90475235046,-4.700189905,-1.649451105,0.999915774265613,10785.0318694612,6707.20236197593
"log_lik_y[360]",-1.1393234266175,-1.1083139,0.118833550664264,0.0801005043300001,-1.36945637,-1.01360127,0.999948232244832,7426.26989897246,6601.09353060551
"log_lik_y[361]",-1.1439703543325,-1.11604655,0.112864332075191,0.08309795088,-1.363942955,-1.01627337,0.999758438405065,7734.7960045265,6875.66505553488
"log_lik_y[362]",-1.7575597615375,-1.70634615,0.35168016298645,0.33069341109,-2.415012675,-1.27996189,1.00014647158469,8952.11420771329,5244.62102039345
"log_lik_y[363]",-1.51951894303,-1.4653338,0.310940715903626,0.28983043467,-2.105309615,-1.121094245,1.00011783301197,8809.3811672119,5010.41565830407
"log_lik_y[364]",-1.3957067408225,-1.3279649,0.298347026023567,0.26055849918,-1.98703959,-1.05797906,1.00014283868612,8728.05109692952,5880.19395149897
"log_lik_y[365]",-3.824203222775,-3.73504155,0.974330641160037,0.94893953847,-5.57252285,-2.38555347,1.00006086782869,9110.28315745927,6203.81867533806
"log_lik_y[366]",-1.33991041135375,-1.2417844,0.315705705284461,0.22814738058,-1.97257104,-1.03418484,1.00068705704752,8491.95386744698,6435.24395286896
"log_lik_y[367]",-1.25273646458125,-1.17842355,0.234741401839745,0.15422991129,-1.7199271,-1.031430245,0.99987872769469,9552.76031631507,6210.12433378476
"log_lik_y[368]",-1.21151051001,-1.16496315,0.171451956595349,0.13266556842,-1.55033165,-1.026007465,0.999786257223549,8727.1311284236,6711.41798516291
"log_lik_y[369]",-1.09629155920875,-1.08227625,0.0747730616756023,0.0562001027700001,-1.23498331,-1.00499327,1.00022291193695,5395.08927627907,6037.64294277968
"log_lik_y[370]",-1.158939297855,-1.12847345,0.119741366666114,0.09192616671,-1.39331892,-1.020078385,0.999815120055658,8232.43306997471,6614.08736270451
"log_lik_y[371]",-1.1324833655425,-1.10697275,0.103640720460662,0.0763255823399999,-1.335057965,-1.013731955,1.00002312136136,7033.23189036123,6053.98691254406
"log_lik_y[372]",-1.36484194711125,-1.2968758,0.286509974200916,0.24357249924,-1.908630935,-1.045176945,1.00009486780454,8509.13158446644,5471.52895341328
"log_lik_y[373]",-1.28403165026375,-1.2019899,0.265353474371715,0.18523337532,-1.7978473,-1.027377285,0.999908355807953,7600.46361263357,5937.3349336083
"log_lik_y[374]",-1.24531997274375,-1.1576826,0.255320460758842,0.1428870576,-1.75044669,-1.02196371,1.00003189154608,6564.044752295,6013.1608411586
"log_lik_y[375]",-1.4209931595225,-1.3447417,0.326020082411713,0.28909758549,-2.05460628,-1.05351669,1.00028980907276,9790.06738484458,6506.32795989153
"log_lik_y[376]",-1.32995374870625,-1.27265015,0.245210090826275,0.22055261382,-1.803276885,-1.04821335,1.00030290073862,9528.54743512225,6962.38977328621
"log_lik_y[377]",-1.8636422955125,-1.8015699,0.44274961094283,0.41818274904,-2.69723028,-1.26509852,1.00082920149487,9586.24644107796,6070.01594268798
"log_lik_y[378]",-1.35803329367,-1.28143075,0.296251801601065,0.24424367226,-1.953315215,-1.04162224,1.00031410173365,8151.02475245462,5412.55014983946
"log_lik_y[379]",-1.22217546143,-1.13357635,0.252353241446832,0.11766158229,-1.72061633,-1.019725295,1.00008062718676,4707.93169241127,5092.5890061907
"log_lik_y[380]",-1.48585990387625,-1.3853083,0.393780562074569,0.34303553718,-2.26023913,-1.05804584,1.00013534007504,10883.2419885602,6560.25085512681
"log_lik_y[381]",-1.29361415018625,-1.2209817,0.254683527036798,0.19347752088,-1.79521229,-1.03324417,0.999695627898856,9600.76860033528,7187.25850528113
"log_lik_y[382]",-3.5850929782125,-3.4944252,0.847118568907177,0.80458737555,-5.111727385,-2.329752165,0.999610208064693,10068.8745164504,6489.96099972742
"log_lik_y[383]",-3.6369570511,-3.5226541,1.1412051070954,1.10434596699,-5.711363105,-1.974960305,0.999611260663562,9216.20649132965,5663.35227377311
"log_lik_y[384]",-1.55223642018,-1.38256165,0.554616520777934,0.40675753692,-2.68236288,-1.035337515,0.999694358264333,7201.72675000203,5504.44578373966
"log_lik_y[385]",-1.52330709321375,-1.4051288,0.447367259967592,0.37175928132,-2.411858895,-1.0534749,1.00007467499399,10138.0418079133,6667.50447107718
"log_lik_y[386]",-1.637213903915,-1.53458415,0.455941490268309,0.39780441204,-2.517559505,-1.102056575,1.00016916271815,11354.2385267214,6768.6477121926
"log_lik_y[387]",-2.91290910818125,-2.7484766,1.16314244229453,1.15634134203,-5.060013805,-1.306764405,1.00107888707323,8757.1020120897,5615.05607501499
"log_lik_y[388]",-1.20275770862875,-1.12801785,0.221013117801389,0.11074762545,-1.656698295,-1.01633259,1.00164216354933,3092.65373316875,3489.27983918106
"log_lik_y[389]",-1.26241981703,-1.1515874,0.307606580162379,0.14033424279,-1.87705662,-1.021562395,1.0016839952912,3088.95767529062,3869.8391902029
"log_lik_y[390]",-1.1571918604325,-1.11069855,0.15537713085965,0.0874765134599999,-1.46108964,-1.01279334,1.00058564548373,5078.97031927485,5094.72449340901
"log_lik_y[391]",-1.124244258865,-1.09599285,0.113684763864878,0.0693927223499999,-1.343102965,-1.010408485,1.00038289839277,5700.25108619703,6428.20902567356
"log_lik_y[392]",-2.2455687820375,-2.20604555,0.448837949703219,0.43908081147,-3.059294855,-1.579517545,1.00067491520799,8845.5643605547,5401.7987846721
"log_lik_y[393]",-2.1751767145875,-2.11784205,0.470902295458008,0.45208239804,-3.04079208,-1.50801882,1.00044045196763,8707.07892023454,5251.20077163332
"log_lik_y[394]",-2.0465338408375,-1.9806991,0.470940054214083,0.4488527022,-2.91693487,-1.390330065,1.00031179076838,8752.55418223031,5360.71856818499
"log_lik_y[395]",-2.382678819125,-2.3178174,0.575352914598129,0.55903671726,-3.431603525,-1.55026317,1.00017406063196,8990.54929532685,5772.5744854138
"log_lik_y[396]",-2.4761727612,-2.4076164,0.632614790805577,0.61334302092,-3.62672442,-1.56667846,1.00022726962596,9069.87621984291,5623.83679447089
"log_lik_y[397]",-1.864402113205,-1.7755405,0.506735004627808,0.46981088406,-2.83951152,-1.20415349,1.00030855994894,9108.21175953972,5861.98908893055
"log_lik_y[398]",-1.3976881327325,-1.27603685,0.377109129392668,0.27153389046,-2.16568886,-1.03636891,1.0006078216067,9976.66946604175,6751.45826499796
"log_lik_y[399]",-1.63124719677625,-1.48680985,0.560550464161019,0.47029065342,-2.744606365,-1.05114765,1.00039792241869,8803.7297447093,5328.38436091479
"log_lik_y[400]",-1.20504667808125,-1.1312561,0.218115422654312,0.11231087889,-1.64872839,-1.01765826,1.00031614199694,5683.90946491885,5832.05041142777
"log_lik_y[401]",-1.602924364115,-1.5273936,0.393183052722023,0.35843574816,-2.34798387,-1.11391661,0.999950911115839,10490.1500849009,6918.60945322799
"log_lik_y[402]",-1.14198432934125,-1.10340165,0.134401152956622,0.0807836864099998,-1.41246192,-1.00891571,1.00024769179489,4859.3157605715,5034.46046873417
"log_lik_y[403]",-1.8172372532225,-1.7160442,0.556139884380883,0.5264556927,-2.87399984,-1.11003548,1.00031946857441,7817.82219480635,5809.45622559071
"log_lik_y[404]",-1.70974682712875,-1.5823766,0.561499157866591,0.51721716732,-2.79471323,-1.06247052,1.00044179435958,7290.29391469757,5946.99465132436
"log_lik_y[405]",-1.38020000364125,-1.2625765,0.375183584425791,0.25716126954,-2.117790765,-1.030049425,0.999984433560434,10650.4396844902,6839.42274599483
"log_lik_y[406]",-1.148983303085,-1.10664695,0.149665546530237,0.0836014418399998,-1.426366045,-1.01229019,1.00126796411044,5126.95850652252,5454.61838450972
"log_lik_y[407]",-2.633356807385,-2.43948055,1.10608999192864,1.08973197879,-4.723075415,-1.190776235,1.00040182041941,8081.19120962725,6154.13388111444
"log_lik_y[408]",-1.3496828166825,-1.26804285,0.297891449913925,0.24197922315,-1.935751095,-1.03976347,1.000079751937,11133.0790027471,7219.28275243376
"log_lik_y[409]",-1.4758420178375,-1.40826035,0.326042308022029,0.30582086871,-2.09590557,-1.079378085,1.00032041589439,10765.6958927997,6764.58549494683
"log_lik_y[410]",-2.5006884282125,-2.4258276,0.618581506868813,0.60429797484,-3.64121266,-1.62252762,1.00042041382564,9793.19472306991,5707.4475214649
"log_lik_y[411]",-1.75631722889625,-1.6646101,0.491918825456854,0.44939437011,-2.71156219,-1.13427211,1.00006481962184,8870.73231368111,5530.65377033293
"log_lik_y[412]",-2.374001600005,-2.21434375,0.897016734444356,0.82974398409,-4.1035092,-1.23044054,1.00029008157722,9227.17912742507,5963.77274758719
"log_lik_y[413]",-2.6077220495425,-2.48605805,0.826149244821355,0.8023438311,-4.13523132,-1.479132905,1.0001752697543,11207.7950316563,6302.36926522923
"log_lik_y[414]",-2.50321252685,-2.40977805,0.705347887923432,0.67947728499,-3.81205001,-1.53092819,1.00203979866771,10553.4923766308,6904.09165795086
"log_lik_y[415]",-1.203748810935,-1.1260027,0.224311461762691,0.10878258741,-1.650502135,-1.015875755,1.00232622663256,3374.74153636909,3931.26964425035
"log_lik_y[416]",-1.2225673563975,-1.1327143,0.250852019921769,0.1166939634,-1.72880098,-1.01773308,1.00216482017796,3459.5301249898,4221.73287242768
"log_lik_y[417]",-1.26327534048,-1.15833445,0.301816383480507,0.14868950922,-1.84362088,-1.0205669,1.00031275358965,6464.73819340954,6578.49356274664
"log_lik_y[418]",-2.1228209103425,-1.89158055,0.951868201447112,0.86053825326,-3.994682765,-1.07127617,1.00097839650056,8116.1172309026,5653.51495771603
"log_lik_y[419]",-1.61457790991375,-1.48745705,0.499772738451973,0.42386118117,-2.621252605,-1.07131413,1.00070061632153,10856.0668782313,6777.79967098324
"log_lik_y[420]",-1.99518720295625,-1.9003059,0.614715068574983,0.59654494053,-3.1465057,-1.182241605,1.00022590063396,10134.1064495358,5679.08442186623
"log_lik_y[421]",-1.56273767610375,-1.44228605,0.477632202975586,0.42021101997,-2.49074377,-1.051542265,1.0003670998517,8875.82311225835,5261.50633833475
"log_lik_y[422]",-1.16444876599375,-1.1152009,0.160258996169129,0.09280601568,-1.48225247,-1.0145649,1.00001475538802,5155.18829398767,5395.40501946128
"log_lik_y[423]",-1.46790541517125,-1.4033419,0.330011216183915,0.30977674203,-2.09668455,-1.06812446,0.999756788697142,9443.79854178628,6110.92917500566
"log_lik_y[424]",-2.5619133132,-2.4521315,0.774034799224408,0.73978656192,-4.00981512,-1.50981396,1.00006011573779,9482.15425863669,4939.46708859195
"log_lik_y[425]",-2.8731534758625,-2.7492235,0.993033119653066,0.954950073,-4.712062445,-1.495539695,1.00006072495263,9946.34352382766,4828.98594669003
"log_lik_y[426]",-2.00264585532125,-1.8971301,0.604749891371264,0.57430238229,-3.114830475,-1.205812725,1.00050389231434,10902.448707096,5535.00565359927
"log_lik_y[427]",-2.04110161573125,-1.9418205,0.596492301602601,0.56610012018,-3.14678698,-1.25517692,0.999946119309184,9509.77009204829,5587.79296086491
"log_lik_y[428]",-1.3595474474825,-1.24831925,0.354095799626227,0.24575777751,-2.05264762,-1.030367535,0.999948884178026,6457.00960277994,5704.30513552083
"log_lik_y[429]",-1.67553605062125,-1.5982553,0.435886606509308,0.41685715638,-2.514417385,-1.11257027,1.0002758688913,10299.9108878536,6479.05343655702
"log_lik_y[430]",-1.44190586749625,-1.38804495,0.292681755397596,0.27879099507,-2.00359157,-1.08001717,1.00101615641899,9740.42950086346,6622.71726335431
"log_lik_y[431]",-1.932178051325,-1.86637485,0.461265604221894,0.44985160395,-2.759873685,-1.299777115,1.00106952472214,9742.81473183855,5971.70031408983
"log_lik_y[432]",-1.468574376945,-1.39418645,0.342074275856948,0.31356626763,-2.109347535,-1.06387323,1.00104237462498,8309.03070350532,5712.09832492925
"log_lik_y[433]",-1.206533582865,-1.13457875,0.214688825767564,0.11773156101,-1.636130455,-1.017328035,1.00062930285675,4975.13953717148,4938.52920126059
"log_lik_y[434]",-1.43060557682,-1.30070865,0.414239540059478,0.2980878495,-2.260933425,-1.038327175,0.999870109969996,9970.75164671091,6328.35914174597
"log_lik_y[435]",-1.76439425787125,-1.602673,0.658269833478977,0.58915373475,-3.054045125,-1.055984215,1.00017284658282,9252.12334486208,5276.57595479113
"log_lik_y[436]",-1.19840394772125,-1.13205385,0.196222282572479,0.11309806536,-1.601875155,-1.017659565,1.00094907846618,6746.84529103313,6370.12390515438
"log_lik_y[437]",-1.12629445709625,-1.0955044,0.119402762581205,0.07102854906,-1.349792955,-1.009268915,1.00010302175097,4430.50949927496,5179.33158786392
"log_lik_y[438]",-2.4347158662,-2.3292139,0.698967072850276,0.64419222042,-3.737094895,-1.487347805,1.00016443223414,9620.36772489073,5588.98663301366
"log_lik_y[439]",-2.7939405635575,-2.6709852,0.947505810671501,0.9020612832,-4.516308075,-1.47272333,1.0008701452368,9720.90976103955,5248.79106063181
"log_lik_y[440]",-1.97007928502875,-1.8875703,0.551947528954093,0.52927974918,-3.00324797,-1.224346555,1.00004488296892,12454.5632748541,7003.02415254117
"log_lik_y[441]",-2.09913990974875,-2.0373528,0.515994080909199,0.49925057574,-3.039462605,-1.37263793,0.999990423527576,11573.0581802008,7337.88706635322
"log_lik_y[442]",-2.5753445188875,-2.5044399,0.623335557021673,0.6077496159,-3.71993081,-1.687652325,1.00042019185533,10520.1895714194,6540.0223961745
"log_lik_y[443]",-2.1055284783625,-2.0266333,0.543309509935655,0.51978087924,-3.12592057,-1.36269908,1.0005926459518,10076.1548985409,5563.91235805478
"log_lik_y[444]",-2.1951880539675,-2.1095276,0.623805968587691,0.59872228689,-3.347261955,-1.34019253,1.0005683724099,9236.71493813891,5968.13334317117
"log_lik_y[445]",-1.24173453585875,-1.1430026,0.274960770042736,0.12912956742,-1.77485433,-1.018814835,1.00016747527162,5666.95515953914,6208.76415284359
"log_lik_y[446]",-1.1537389061075,-1.108115,0.15048353694248,0.0855656644499999,-1.452573355,-1.01311451,1.00071779736392,4885.39901197752,4438.49142245421
"log_lik_y[447]",-1.13851225772,-1.10342355,0.127746630003443,0.0796455685199998,-1.39567907,-1.01123695,1.0004316295521,4869.12942663916,5636.46138815962
"log_lik_y[448]",-1.14160849165375,-1.10369805,0.134020832536001,0.0790826994300001,-1.41668385,-1.01042258,1.00048245772563,3640.05381488625,4408.22729399351
"log_lik_y[449]",-1.53584874112125,-1.42158635,0.456275715464408,0.40295007186,-2.426586565,-1.05075336,1.00043544918944,9134.43040203688,5673.31893205235
"log_lik_y[450]",-1.19733726253375,-1.1222411,0.221861952107054,0.10424464533,-1.618402475,-1.016639525,0.999879837955537,4719.67474467905,4992.19257675786
"log_lik_y[451]",-1.23237927658375,-1.1452176,0.250742483262211,0.1314562116,-1.746572655,-1.01868914,1.00051405577028,4921.03001458937,5140.57120011095
"log_lik_y[452]",-1.3320333292575,-1.25427475,0.284197656180039,0.2288015037,-1.8946917,-1.036146935,0.999802304241946,9843.24556462013,6712.64099009327
"log_lik_y[453]",-1.13166100111,-1.0984512,0.125536944737411,0.07393036791,-1.377670215,-1.00881283,1.00002302462499,5571.60878750969,6295.82901825365
"log_lik_y[454]",-2.127523605325,-2.06580625,0.544180495885361,0.53239476591,-3.102671645,-1.349522025,1.00009770220859,9197.36882649669,5973.2853416305
"log_lik_y[455]",-2.1478670488625,-2.03570055,0.648196446481231,0.59868981795,-3.37635355,-1.301045965,1.00045508632303,9446.33751321846,5448.05108192283
"log_lik_y[456]",-1.15828233176625,-1.1131301,0.15222048025157,0.09036380283,-1.45806242,-1.013717215,0.999989294862033,6753.89625102231,6414.22986576527
"log_lik_y[457]",-1.3025892971075,-1.2429166,0.238536958345912,0.20076976311,-1.76677362,-1.039917425,0.999967365621756,10100.2313384429,6743.52998275868
"log_lik_y[458]",-2.9662377083625,-2.89104495,0.71678542084653,0.69316242429,-4.260230905,-1.94158271,1.00039809799491,10065.3738409001,6015.04223779459
"log_lik_y[459]",-4.7404829677875,-4.63773455,1.14076845215274,1.11669980562,-6.74545357,-3.01987505,1.0005500058715,9124.07783976276,5219.32038171051
"log_lik_y[460]",-1.6666616831425,-1.53748695,0.540136777403818,0.46083618735,-2.69836635,-1.070908465,1.00003134106702,9679.28895801395,5742.70957513713
"log_lik_y[461]",-2.16961280065,-2.05384885,0.652148722561403,0.59584930461,-3.41735105,-1.30638248,1.0006048815352,8964.96633788645,6646.32462492168
"log_lik_y[462]",-3.44623162995,-3.31748155,1.15737514912519,1.10719997199,-5.533212995,-1.78752213,1.00010913039935,9087.15194015534,5731.49934943122
"log_lik_y[463]",-1.3228568430875,-1.1850322,0.371702858003778,0.18199886103,-2.077422045,-1.02378258,1.00044060663094,6847.69466635102,6309.23419820069
"log_lik_y[464]",-1.67862964881,-1.5663434,0.519168949847015,0.47441554314,-2.688069325,-1.07654868,0.999979638963463,10070.4352024979,5662.62223005728
"log_lik_y[465]",-1.25272300920875,-1.1500411,0.284151041955754,0.13815963924,-1.816620465,-1.01996534,0.999892572076935,4596.73785679603,4279.0202560267
"log_lik_y[466]",-1.44075239642,-1.35623155,0.348431280003289,0.30546482232,-2.134510245,-1.05137446,1.00003087608309,10284.7077003643,6483.96432364956
"log_lik_y[467]",-2.302848185,-2.23478265,0.600858803535985,0.58583426748,-3.405082005,-1.457523905,1.00011467928906,12157.0801274642,6766.24987394935
"log_lik_y[468]",-2.2253780964,-2.13203575,0.608163891672887,0.57506681085,-3.350809165,-1.39275235,1.00077000137917,11071.8291032371,5957.90388901597
"log_lik_y[469]",-1.44787381649,-1.32483255,0.41468222569585,0.32343549105,-2.29295722,-1.037097145,1.001171220527,8174.26024186935,5375.74632700145
"log_lik_y[470]",-1.275649471305,-1.17456635,0.282286117320584,0.16082673999,-1.85899778,-1.02618014,1.00035220571065,8740.91242980786,6587.33884176823
"log_lik_y[471]",-1.54157521170375,-1.4470801,0.42238200130617,0.39153998226,-2.36786775,-1.062063605,1.0002809779632,10696.5662917369,6343.69097266628
"log_lik_y[472]",-1.293778408015,-1.19234435,0.29386245790537,0.18625451607,-1.890810725,-1.024774215,1.00013830355579,7714.31347987177,5966.53242915158
"log_lik_y[473]",-1.354718535665,-1.26100125,0.323953883405206,0.24667009542,-2.012508615,-1.03116732,1.00010248658419,8872.25694758043,6905.45273154579
"log_lik_y[474]",-1.3439445352825,-1.2630759,0.293067810183359,0.23908667055,-1.918553245,-1.034892455,1.00057616433466,8758.72675245536,6498.77025786614
"log_lik_y[475]",-1.65836090439875,-1.5681264,0.4563327514174,0.43143496914,-2.517370325,-1.09552913,1.00051889800152,9673.06311072464,5904.59368565383
"log_lik_y[476]",-1.2170049421975,-1.1338109,0.2394274651143,0.11658899532,-1.68090977,-1.01973784,1.00027988404637,5182.46940306858,4959.00597650637
"log_lik_y[477]",-1.28259800912875,-1.1883461,0.282994110016535,0.17360756742,-1.867533085,-1.02679936,1.00014281090992,7767.75942502648,6237.84881501058
"log_lik_y[478]",-2.04061733019875,-1.9562263,0.575078585272244,0.56794825521,-3.12085126,-1.255985225,1.00048717741441,9469.42656648532,6309.24312789437
"log_lik_y[479]",-1.32246432937625,-1.23032345,0.297648388222434,0.22259022513,-1.905925785,-1.026851595,1.00061368103635,7827.60356665859,5647.78193502018
"log_lik_y[480]",-1.50057812498875,-1.3881462,0.434953946339615,0.37695638736,-2.341064305,-1.043083995,1.00023659843665,8365.92153122517,5864.30622663287
"log_lik_y[481]",-1.67560392984625,-1.5679114,0.503649470908025,0.4666476087,-2.640925765,-1.07810875,1.00016203263669,11277.8208969582,6571.59971392474
"log_lik_y[482]",-1.1548448357225,-1.1090869,0.153778868341208,0.0875146904100002,-1.452770175,-1.01216163,1.00066697318582,3645.11747591907,5076.58308757806
"log_lik_y[483]",-1.2495823596825,-1.1544927,0.265471853249261,0.14261262834,-1.807328725,-1.0207337,1.00044562505326,4512.12807827009,5150.69698933245
"log_lik_y[484]",-1.189289495955,-1.12412855,0.19492318016302,0.10248087024,-1.58650433,-1.018512045,0.999989134306642,6241.55473761684,5994.48264827088
"log_lik_y[485]",-1.31068974001125,-1.2269407,0.278346365949062,0.20978204373,-1.864305315,-1.03103975,0.999886146653047,8216.16123193108,6232.48106329587
"log_lik_y[486]",-1.361748432375,-1.2675865,0.321374340924177,0.25255357113,-2.00622758,-1.035771025,1.00032372457557,7739.59366691239,5778.65384249427
"log_lik_y[487]",-1.5925290663825,-1.4761031,0.476158458231122,0.42687078504,-2.52636595,-1.061340005,1.00069255185083,8345.64190233026,5453.33363856973
"log_lik_y[488]",-1.275163715045,-1.19258295,0.256520000131042,0.17667395487,-1.80218086,-1.026535815,0.999788903387786,8964.3763091725,6231.57392487739
"log_lik_y[489]",-1.589148456175,-1.44925125,0.515271435840284,0.42779733591,-2.592967095,-1.055634615,1.0002619547013,9019.34735923911,5494.13497427476
"log_lik_y[490]",-2.36790113913625,-2.28174705,0.692324591247899,0.69106009749,-3.624495535,-1.396220065,1.00018772185143,11830.6505035663,6595.8689775273
"log_lik_y[491]",-2.01127774187875,-1.93592985,0.567948930860534,0.56184654078,-3.054624275,-1.2322744,1.00016818384029,11068.7602018341,6142.81338827526
"log_lik_y[492]",-2.7276023010875,-2.59198225,0.882480877107856,0.82965384201,-4.38730192,-1.54442744,1.00041082005116,10866.0297898473,5622.17501612482
"log_lik_y[493]",-1.77623228951125,-1.71194075,0.45146602506564,0.44501832795,-2.61651842,-1.16212611,1.00075557521461,9190.35286114583,6629.2075318958
"log_lik_y[494]",-1.68735110291,-1.6080391,0.452730796891623,0.43897428666,-2.55877987,-1.101157185,1.00110224007298,9303.85907349897,5904.22303523234
"log_lik_y[495]",-1.8893652335925,-1.7269419,0.70296996455782,0.63647402721,-3.218658335,-1.08977525,1.00016843210429,9454.0149762635,6708.88950232273
"event_prob[1]",0.8849926379575,0.944429285,0.144092411688719,0.081545831766,0.5733763445,0.999996941,0.999866061339625,9379.331028816,6952.18857818752
"event_prob[2]",0.45269090981275,0.419662045,0.229951918996999,0.244515944337,0.132990619,0.889722556,0.999723096002677,9852.61402451835,6038.80537055525
"event_prob[3]",0.261993871398975,0.23317178,0.152596950505557,0.140994993132,0.067290277,0.5605905855,0.999864084314299,10976.4870343208,6381.37090883339
"event_prob[4]",0.647213237772375,0.652291455,0.190399372242038,0.213250994145,0.3218458765,0.947647662,1.00026462416664,8932.57507560385,6812.98829239444
"event_prob[5]",0.225759656611075,0.20249511,0.127796069897777,0.11912898564,0.0628597651,0.471756506,0.999919533208228,11393.0345320706,7024.22762308351
"event_prob[6]",0.46751601089175,0.4543805,0.175512614210457,0.187343433879,0.1971488065,0.773811012,1.00011552980737,10384.1276433636,6116.91104227637
"event_prob[7]",0.742376421611,0.77179683,0.184309664641866,0.202590885168,0.401483004,0.985114566,0.99990975141852,9512.30751802706,5525.17485861465
"event_prob[8]",0.87668075689625,0.932807135,0.144715284421226,0.096543309282,0.5646470445,0.999984102,0.999828993036649,9472.95341069104,6465.79732533411
"event_prob[9]",2.7061480327155e-07,2.05027945e-07,2.48780190366568e-07,1.625148498477e-07,3.988497775e-08,7.20989985999998e-07,1.00007210593939,9918.78152098634,6639.51530378506
"event_prob[10]",0.0610675883529012,0.051008755,0.0446841420583527,0.0357580554828,0.01215842,0.1472025085,1.00011350345432,10034.9361627108,6973.76579407573
"event_prob[11]",0.173074037804188,0.155113565,0.0975277292236734,0.0909456529065,0.04954699005,0.3573145475,1.00006777702295,9752.04592939863,6888.46599950675
"event_prob[12]",0.360635465434375,0.335017745,0.181233442742248,0.18893046081,0.1085597475,0.695529898,0.999891335357233,10011.8242994617,6167.23266070371
"event_prob[13]",0.392887365056375,0.37226598,0.177207923639372,0.182533026984,0.138135147,0.721187365,1.00078270686607,10840.3693757508,6705.49859023423
"event_prob[14]",0.74621514279,0.7675302,0.162840513234412,0.176631441315,0.4471371095,0.976186539,1.0002366574555,9953.97022722744,7592.40075887474
"event_prob[15]",0.64604781135225,0.65365777,0.213018773263582,0.252664054482,0.2908774825,0.9753112135,1.00053922750565,9006.09009313565,6301.68667620083
"event_prob[16]",1.98857574468487e-06,1.60094455e-06,1.43531316792496e-06,1.043135254434e-06,5.067493095e-07,4.751344065e-06,1.00007159777388,11754.3027370188,7178.18945318292
"event_prob[17]",0.3947112292145,0.37223423,0.170727671207265,0.176018771691,0.1562495945,0.707664275,1.00018213428129,11196.2016862477,6968.43316282899
"event_prob[18]",0.63379812114875,0.63330822,0.179420007211911,0.203378775873,0.3401888565,0.9247188235,1.00001785258034,9308.88569785007,6809.16902688277
"event_prob[19]",0.253116368401038,0.22578895,0.142098826231993,0.13623403836,0.06947659095,0.524652336,1.00002685223838,9065.32143382828,6396.94763427086
"event_prob[20]",0.433401647697,0.423466575,0.148334900356746,0.156582256341,0.2073311375,0.6919933785,1.00003453056542,8049.54926620107,6605.10696458987
"event_prob[21]",0.469612803689625,0.46224434,0.161765629761312,0.17114200362,0.2161877685,0.750976481,1.00035976553379,7935.14684428372,6366.71427176408
"event_prob[22]",0.42997738428,0.417563825,0.176474233901133,0.187602851814,0.1649921155,0.7450860395,1.00018373446387,8518.7865224493,6406.71924886775
"event_prob[23]",0.380037446880375,0.354180165,0.187618642303841,0.193614520533,0.115998713,0.731489123,1.00016253325222,8812.92100666515,6744.31384637963
"event_prob[24]",0.104170613036581,0.08188201,0.0848903147903501,0.0629671532238,0.0157313295,0.2696835405,1.00064814836447,9207.14081743555,7351.10390930445
"event_prob[25]",0.1105176160747,0.091679435,0.0796327353661277,0.0644183287755,0.0215688991,0.266433722,1.00001156518172,8827.36379951971,6719.18153659971
"event_prob[26]",0.0549096268777063,0.0365660645,0.0578821661616913,0.0340311541374,0.00549942311,0.1656699555,0.999978118297915,9259.02742466685,7354.73093863728
"event_prob[27]",0.0343651557007,0.0200718625,0.0426296837621134,0.02079836743929,0.00211495034,0.1168222985,0.999964463893763,9147.21664694318,7195.11229103735
"event_prob[28]",0.93715159042375,0.988535135,0.107788078092174,0.016997779197,0.6974666805,1,1.00053845624725,9613.93888629209,NA
"event_prob[29]",0.3819466035015,0.358299065,0.180580808932733,0.187615579935,0.1263885915,0.714399921999999,1.00028044656129,11586.7073126091,7067.57625053368
"event_prob[30]",0.8142375362625,0.844705745,0.14784212680145,0.153029650221,0.529485221,0.9934350285,1.0000034725012,8800.82326845435,6814.01544784378
"event_prob[31]",0.82040729126,0.869520435,0.17059246968391,0.166495557459,0.4796537015,0.99969744,1.00114168753616,10788.7256979998,6859.21023049488
"event_prob[32]",0.8743157980025,0.937314305,0.153297733032027,0.091731301179,0.5476527335,0.9999962325,0.999886983279917,10120.7787022336,6948.15245211204
"event_prob[33]",0.148592910725788,0.11079795,0.128100771625625,0.0855365261709,0.02752637175,0.4019343045,1.00012928518065,11545.4207611498,6289.02755050444
"event_prob[34]",0.032277809913035,0.0240954185,0.0283268388830717,0.0198638577501,0.004520670955,0.08719220315,1.00059057170298,10156.965463976,6405.92298707715
"event_prob[35]",0.16143529613545,0.14321658,0.0936212105987347,0.0851196531507,0.04298785865,0.3403685975,1.00051348241435,10040.6249795739,6553.15557059272
"event_prob[36]",0.246642468749,0.231862325,0.108972848008762,0.106651980015,0.09338483855,0.4465121305,0.999983277628136,9701.76732119402,7088.89589585288
"event_prob[37]",0.537722512823125,0.538285195,0.15763879830998,0.168486288957,0.276514672,0.7980958935,1.00006401530528,8926.51297746428,6815.25133227445
"event_prob[38]",0.5784493537845,0.57923381,0.177736405406655,0.194963916336,0.2818718305,0.8673469205,1.00063432879298,9035.01528011846,6516.91413260322
"event_prob[39]",0.558670988802875,0.55730624,0.221339096922993,0.252920707368,0.1957928655,0.9218650145,1.00067407597536,8907.31567091034,6900.31800042067
"event_prob[40]",0.560127816552875,0.55688871,0.195904179718395,0.21843190278,0.235492709,0.883762479,0.999978105399472,10813.1163620772,6509.0372138215
"event_prob[41]",0.83135818318,0.863672955,0.138537457044635,0.138246252732,0.559046578,0.9949504265,1.00030847502323,9372.15001072797,7219.1919347316
"event_prob[42]",0.49358396565625,0.48262269,0.190967506992164,0.205820699616,0.1977702995,0.8294651755,1.00050622456146,12699.592738789,6575.16334306975
"event_prob[43]",0.76577153042125,0.79063554,0.160947382100964,0.172409841597,0.463288737,0.981131513,1.0007479838406,10714.3710862407,7428.22449472882
"event_prob[44]",0.265056800016088,0.2445824,0.141657217137439,0.138561816729,0.07414951865,0.53347688,1.00034816225544,9680.96010793215,6944.49296194514
"event_prob[45]",0.673775921195,0.68483778,0.164799116308033,0.180664276401,0.383710932,0.9228686745,1.0000172927328,9093.65737543328,7183.15398474311
"event_prob[46]",0.9083955033225,0.95071468,0.109219083347605,0.068483058294,0.6758262455,0.9998552,1.00061039525415,8121.00301470149,6057.10542632414
"event_prob[47]",0.525603738041375,0.521935145,0.196211310926938,0.217558125057,0.208790796,0.852450718,1.00036169902438,9884.21630086775,7496.08574349464
"event_prob[48]",0.7694618315875,0.800417955,0.175705778644313,0.190793681295,0.442900791,0.99318917,1.00021610672661,8078.56797727712,6963.48030893342
"event_prob[49]",0.724049686289625,0.75527268,0.211927346214609,0.24845292192,0.3369220045,0.996680926,1.00001748067056,9794.89578123004,6477.56098906513
"event_prob[50]",0.423266478195175,0.38467325,0.225246864539043,0.236420711121,0.1167048175,0.8562585125,1.00023949008048,10167.3983119788,6871.71705113718
"event_prob[51]",1.94745824167994e-07,1.3461787e-07,1.97074383699535e-07,1.184001120519e-07,2.18610725e-08,5.53802449499999e-07,1.00048891326372,9258.95476560785,6382.69211105394
"event_prob[52]",0.150537234287125,0.130791525,0.0923733411952724,0.0824097042384,0.03848067865,0.3258600125,1.00032504871373,9886.8466851001,6683.66023040424
"event_prob[53]",0.60462555738325,0.60769601,0.166125720669993,0.181022257584,0.325668235,0.8751643995,1.00047495581833,9091.15059742363,5964.74530972356
"event_prob[54]",0.83116580722625,0.86839679,0.146096393970268,0.143760516564,0.538630763,0.996142854,1.00074050985965,8517.61466728644,5260.98250614024
"event_prob[55]",0.109092366260462,0.091585683,0.0729062246079323,0.0613658629395,0.02561576835,0.2527758955,0.99995907439766,9889.48428461631,6969.5914107335
"event_prob[56]",0.379343343266125,0.358149535,0.167563553858074,0.171352658841,0.1408398645,0.6862452485,0.999644988950947,9574.06870756726,6507.74895466992
"event_prob[57]",0.68836046556775,0.70740481,0.196233297576428,0.22304100966,0.339590499,0.9718695615,1.00011776609198,8128.24165950636,5730.91367994356
"event_prob[58]",0.154425426722312,0.12862677,0.107020652032066,0.089781170682,0.03167278015,0.365277180999999,0.999988496664702,9344.35607601935,7223.80441302446
"event_prob[59]",0.180643114857425,0.161714995,0.0981076956494928,0.08947209306,0.05572896355,0.368594427,1.00020552149407,8731.12367089138,5677.59584601888
"event_prob[60]",0.146657167335763,0.127715215,0.0894441835007292,0.0782318034141,0.038434207,0.3209707585,0.999903942024135,8650.02597369528,6838.99286030813
"event_prob[61]",0.110042204870625,0.0902050785,0.0775520106355775,0.0633035603529,0.0233086384,0.2611676375,0.999919597869842,8703.78876895311,6749.99494977895
"event_prob[62]",0.087846635262225,0.0688553455,0.0684654866357961,0.0519719069646,0.0156718772,0.2229391445,0.999862556938103,8720.89783560128,6481.14891980553
"event_prob[63]",0.0701672832945188,0.0525248265,0.0593616731867783,0.0419192110533,0.010993072,0.186375563,0.999854887730186,8738.97833384433,6643.58136965324
"event_prob[64]",0.12150093230205,0.098712084,0.088995448928694,0.0710177490603,0.023374851,0.2959903745,0.999888191067669,10242.2893893877,6883.93167992029
"event_prob[65]",0.13259471986475,0.11934791,0.0725639952178323,0.0666849617553,0.0389174769,0.2718393555,1.00012384055157,9113.7194142384,6738.63811064677
"event_prob[66]",0.121194098305563,0.10805484,0.068060676250526,0.0623891601312,0.0339242825,0.249700219,1.00009942806109,8580.54091201261,7364.47987712882
"event_prob[67]",0.08453006581355,0.072846077,0.0541087115681103,0.0468443726709,0.02004065475,0.186129473,1.00006323892078,8627.85908105215,6462.38872323831
"event_prob[68]",0.0782131137993875,0.065501797,0.0540443117647122,0.0459764704917,0.01613281525,0.1819738,1.00003452632495,8472.25794403318,6824.45962255243
"event_prob[69]",0.0536884409881212,0.041278089,0.0445473183137577,0.0334324528293,0.007822773995,0.1409617215,1.00005609447633,8509.64030890333,6400.85468804786
"event_prob[70]",0.0358067364882437,0.02511708,0.0343591009748552,0.02243475160689,0.00393658782,0.1029109875,0.99996884182654,8447.32868795949,6506.60954460726
"event_prob[71]",0.030586388766028,0.0202847035,0.0316916123389235,0.01916092951374,0.002820131535,0.0925309708999999,0.999973129484827,8434.42779694396,6505.21329902862
"event_prob[72]",0.0222838677138775,0.0164715265,0.0197427153032345,0.01339871439753,0.00308290983,0.06050214335,1.00000545554587,8467.89546671756,6571.74389938875
"event_prob[73]",0.0968308795212375,0.0824774195,0.0623152354819459,0.0525332927133,0.0231854211,0.2169653535,0.999957734261693,8834.99709235764,6719.50049830262
"event_prob[74]",0.2656215759515,0.25069358,0.113494848359511,0.110853171744,0.1051954945,0.477918403,0.999915205592753,9040.32152144353,5999.68504674798
"event_prob[75]",0.5301391138335,0.523155565,0.155188781747635,0.164265919797,0.284909209,0.79793829,1.00004867240742,8527.15586239107,6160.64264065659
"event_prob[76]",0.7066357859525,0.71698883,0.164930893794045,0.182265313902,0.4194231545,0.951915538,1.00007442955881,8164.17250911553,5763.54172930271
"event_prob[77]",5.614879286472e-07,4.07526015e-07,5.32131143588577e-07,3.27448066407e-07,8.93670863e-08,1.56730867e-06,1.00020318761562,12239.8987165147,6967.96952769323
"event_prob[78]",0.13534956766165,0.11138088,0.0960872061640298,0.0768372505803,0.03073069835,0.32486711,0.999914393664524,12588.7786934512,7216.81697349398
"event_prob[79]",0.7830554848925,0.81346335,0.168023431522294,0.181318540368,0.4643452575,0.99390652,0.999939112478641,9557.212135935,6838.91368806703
"event_prob[80]",0.3924234053445,0.37507373,0.176637404794899,0.188162562966,0.138432153,0.7142965175,1.00030206541009,8227.94432463939,6978.82478284647
"event_prob[81]",0.7292128582675,0.74608727,0.154221532579493,0.162282712494,0.444013312,0.948112457,1.00041895036497,8882.61935259665,6096.13573800414
"event_prob[82]",0.89514628515375,0.92976737,0.109271371339386,0.083532708504,0.665139021,0.9983842715,1.00000309558635,8552.95708101553,5952.81217467792
"event_prob[83]",6.403945593046e-07,4.03665505e-07,8.97833039785181e-07,3.67435078269e-07,6.54057471e-08,1.94277646e-06,0.999976162879371,11846.4779758283,6382.88049199589
"event_prob[84]",0.839440541122,0.903475055,0.175114375836658,0.136709545245,0.472846801,0.999969713,1.00039269212405,9348.21047440009,6114.28552203204
"event_prob[85]",6.53369623372025e-07,4.9025937e-07,5.72064643574021e-07,3.77120555658e-07,1.11853545e-07,1.710728655e-06,0.999951619113742,10628.9850965185,6580.81248380952
"event_prob[86]",0.28266856588675,0.25692075,0.147352452186049,0.140646574719,0.0901433181,0.5651306035,0.999826874074271,9854.84663320188,6436.92936475207
"event_prob[87]",0.577012466145,0.57251858,0.178593251068784,0.194247034758,0.2924719315,0.8812037405,0.999857970096168,8633.77357230204,6501.56542773679
"event_prob[88]",1.46270909628338e-06,1.02243135e-06,1.53891551912629e-06,7.93533020994e-07,2.419118845e-07,4.080692035e-06,1.00000155601881,12142.557570973,6602.03196436712
"event_prob[89]",0.67248429861,0.68327976,0.203632969129052,0.2381344707,0.322150116,0.978667181,0.999890352253088,10449.0921276272,6907.68893255269
"event_prob[90]",2.99056627255862e-07,2.2989191e-07,2.53094819999087e-07,1.75889488971e-07,4.995127e-08,7.78744954e-07,1.00042583509019,10147.7564585164,6430.64866550416
"event_prob[91]",0.06982999355335,0.058460976,0.0472148744899732,0.0383688125247,0.01607256765,0.1604416515,1.00033887708732,9969.23176263639,6737.49139263996
"event_prob[92]",0.158826911463875,0.144873895,0.0804023036433028,0.0741303891825,0.0554265708,0.3103173665,1.00026962006599,10602.0288433424,6561.66446902653
"event_prob[93]",0.379868766746875,0.363947175,0.138636669209083,0.136297026621,0.178192686,0.6348156395,1.00037519497662,10218.6962268135,6227.31109406775
"event_prob[94]",0.479470353693125,0.46488468,0.166414922949725,0.169235765496,0.2354364055,0.7856539425,1.00030518174896,9866.92617861078,6079.45909080424
"event_prob[95]",1.45116730972149e-07,1.0273506e-07,1.38620364930345e-07,9.04321010229e-08,1.69316735e-08,4.14967724e-07,1.00037226776772,8739.86546509298,5917.21566258569
"event_prob[96]",0.04582674908025,0.036410098,0.0353031098938156,0.0275884165032,0.00805115175,0.116242858,1.00072639188898,8859.29457021065,5739.28463564116
"event_prob[97]",0.1152145205931,0.10157603,0.0664534080693993,0.0599679816687,0.03271974815,0.245836789,1.00064440657635,9170.4987781507,6449.99023397829
"event_prob[98]",0.44001808210025,0.428771745,0.157804171294353,0.165334718724,0.199617262,0.7198189695,1.00075820709868,9103.07545776503,6242.90712595341
"event_prob[99]",0.634233808481625,0.638561,0.189473379243563,0.214896502233,0.3190775675,0.936197654,0.999920476027443,8803.50219320423,5485.17742005831
"event_prob[100]",1.34985976739386e-07,8.97294995e-08,1.48477149792936e-07,8.09630654427e-08,1.36878837e-08,4.085255975e-07,1.00032276702517,9664.4770638412,6846.04032249409
"event_prob[101]",0.0182915728437271,0.0129937665,0.0177411214890489,0.01106939227128,0.002237834615,0.05212438615,1.00034018412098,9641.70405144658,6892.63065267277
"event_prob[102]",0.051401343669775,0.042607215,0.036906968517623,0.0300502841814,0.0100647172,0.123293252,1.00026188194377,9334.44475509371,6658.39475554756
"event_prob[103]",0.045620634280525,0.0383589775,0.031729758443063,0.0261968036652,0.00976043955,0.1078184045,1.0002226740527,8150.3777563124,6223.80684259129
"event_prob[104]",0.0395967507298887,0.032033571,0.0301575770342915,0.023549040186,0.007180646095,0.0980371118499998,1.00014023457431,7621.66595960927,6712.42846634626
"event_prob[105]",0.038335961601125,0.0288130185,0.0334801889715839,0.0239413917435,0.00514206556,0.102843183,1.00000954030689,7249.96991266013,6774.95840055711
"event_prob[106]",0.023494301164489,0.0140084155,0.0282720507057665,0.0143501765799,0.001445526775,0.07761895925,0.999896486225326,7046.28224999386,7206.47222228749
"event_prob[107]",0.04097962277779,0.032176034,0.0325607041088954,0.0246227176083,0.00696917103,0.106147549,0.999997197964514,8468.65403056098,5756.2368246239
"event_prob[108]",0.0733265766777375,0.0638336825,0.0442966914260428,0.0382552364691,0.02014152295,0.1604030365,0.999862811891719,8679.27724960014,6773.5306250741
"event_prob[109]",0.09938746240625,0.089785537,0.0515976782579541,0.0468105493758,0.0334869422,0.1976344445,0.999832336284722,8848.62626942532,6865.97046034807
"event_prob[110]",0.18946448657525,0.17763549,0.0817862947417523,0.078556406082,0.07684445,0.341336102,1.00024200903713,8867.02624835073,6653.84645251761
"event_prob[111]",0.3705638773525,0.35790662,0.128587288258298,0.13112826048,0.179705163,0.6012159105,1.00071198871893,8923.61266297308,6242.42984558573
"event_prob[112]",0.394706354641125,0.380650125,0.146172469225112,0.147802106403,0.1805568155,0.6608190445,1.00066437078319,8985.22184337509,6153.23769065116
"event_prob[113]",0.585386993329625,0.58504342,0.182765583340311,0.202208515215,0.286107369,0.887871347,1.0001375872413,8791.6463085056,6234.6899080976
"event_prob[114]",0.125260383749094,0.103862405,0.0894619305463372,0.0739923057489,0.0246899529,0.2969816815,1.00051042926804,10319.4844512455,6382.70740360401
"event_prob[115]",0.252412152948587,0.23001327,0.134491396716642,0.13010837994,0.0718278507,0.505525086,1.00004100028108,9473.99315390675,5952.16272636345
"event_prob[116]",0.33555343731855,0.30659777,0.181449472992584,0.18410437542,0.0899183218,0.67933314,1.00047142771282,9357.2689804666,5697.47269109389
"event_prob[117]",3.109621166606e-07,2.27288745e-07,2.88771856619633e-07,1.81705091253e-07,4.579475405e-08,8.77202827e-07,1.00068721716222,9430.23537567399,6630.64567703231
"event_prob[118]",0.110284681139425,0.092058894,0.075426507182179,0.0609191103402,0.02550148425,0.262099685,1.00058637878169,9948.23750589729,6445.29073160861
"event_prob[119]",0.264338645517125,0.23685371,0.139147806466332,0.127454540766,0.08525756155,0.5318837645,1.00041134919994,10971.4075457936,6273.16836355414
"event_prob[120]",0.788931595579125,0.84725743,0.199962780635335,0.19693479582,0.392213275,0.999702772,1.00041681491734,8339.00420083611,5533.66594689075
"event_prob[121]",0.38727535292375,0.359829415,0.184275040281837,0.192048969063,0.1299262325,0.73116549,1.00063787241667,10040.8848693705,7087.19083403956
"event_prob[122]",0.479357996266375,0.463430215,0.182502767004325,0.195134563596,0.206729757,0.805700128,1.0001822163837,9035.56925440586,7142.44277452308
"event_prob[123]",1.20658425424086e-07,8.59929105e-08,1.16249574349075e-07,7.38127539933e-08,1.48577723e-08,3.454159095e-07,1.00021949346764,9931.16108151294,6768.15820523937
"event_prob[124]",1.20658425424086e-07,8.59929105e-08,1.16249574349075e-07,7.38127539933e-08,1.48577723e-08,3.454159095e-07,1.00021949346764,9931.16108151294,6768.15820523937
"event_prob[125]",0.0224565499536775,0.0172283125,0.0191361489087656,0.01371758021886,0.003432035405,0.05956247,1.00020559355295,9527.60258228997,6648.95995137989
"event_prob[126]",0.0809068293178625,0.0664871855,0.0591693156941721,0.0477822276246,0.01603163675,0.194113669,1.00023548142364,8491.03445870656,5914.21425606691
"event_prob[127]",0.0687726537297362,0.052678452,0.0578806362219445,0.0414483914082,0.0108239254,0.180253006,1.0001520488507,8449.04761586579,5558.61930409879
"event_prob[128]",7.88909744893375e-07,6.0575584e-07,6.39234392966584e-07,4.45381186887e-07,1.47437848e-07,2.005037235e-06,0.999879560051249,10433.1481395138,6454.78856407391
"event_prob[129]",0.3149427723815,0.286988415,0.158567785351935,0.153716924277,0.101675681,0.619801071,0.999883985762542,10739.5233730421,6465.36689301348
"event_prob[130]",0.703527653,0.725324585,0.199448094238984,0.228643814364,0.346866344,0.984665418,1.00048659026656,8044.48535490521,5646.17638805563
"event_prob[131]",7.45432642773262e-08,5.0054758e-08,7.81811667056796e-08,4.73940614469e-08,6.82100274e-09,2.29194252e-07,1.00069625976254,8472.61115184006,6180.20970122246
"event_prob[132]",0.0212625376953888,0.0158014135,0.0186777463063835,0.01344668295684,0.00281314294,0.0585918005,1.00057782064576,8411.86218391489,5896.84218120747
"event_prob[133]",0.0439358317193088,0.036981864,0.0301318154902105,0.0255615347694,0.00930943623,0.102783982,1.00042747709612,8183.32764487898,5750.86514630198
"event_prob[134]",0.0788860153698125,0.070461578,0.0442191919832169,0.039723665037,0.02332146585,0.1617294405,1.00053264976484,7802.90647292913,6446.48308517609
"event_prob[135]",0.1312002395627,0.12144033,0.0633649899978749,0.0595443005493,0.0466165552,0.2497876685,1.00024094054583,7408.84172374021,6363.02940138544
"event_prob[136]",0.198117128441375,0.18272666,0.0937441116654304,0.089360238303,0.07184119955,0.3765200965,1.00010458227008,7471.74131332292,5886.2294912779
"event_prob[137]",0.21083493019575,0.18913225,0.112946110743206,0.104280902313,0.0642035793,0.429976465,1.0000418819614,7822.0648026917,6148.87605627616
"event_prob[138]",0.186567079975937,0.160876285,0.114846795565322,0.1000111736925,0.0473199283,0.4142000145,1.0000158150906,8149.41551286253,6402.0742779767
"event_prob[139]",0.180108775302,0.15074916,0.120221041180716,0.1008889959483,0.040699996,0.419005098,1.00002034745554,8326.93644958375,6638.55267928388
"event_prob[140]",0.293358455225875,0.27085487,0.147622956576908,0.143043242097,0.09134019475,0.5750173045,1.00068434359142,9908.6530989651,6305.63814564988
"event_prob[141]",0.562737431153875,0.56236708,0.154202293717965,0.161347266024,0.311397496,0.8182287185,1.00071925868687,8184.63170289378,5958.59488293239
"event_prob[142]",0.55340698779375,0.550425685,0.160026606453796,0.172004328258,0.295825201,0.82395052,1.00073902381151,7895.38329185598,5320.63404802358
"event_prob[143]",0.79048595070875,0.814889295,0.145821576709104,0.150135948606,0.509495766,0.979264417,1.00092803839358,7223.13953364572,5116.75604946741
"event_prob[144]",3.21210160202225e-07,2.38617545e-07,2.95831522109102e-07,1.91280745047e-07,4.73717405e-08,8.62243239999999e-07,1.00061766495633,9240.35466910916,6281.10079783837
"event_prob[145]",0.08899869406345,0.074243572,0.0627320256726926,0.0511205847012,0.0190912065,0.2080218305,1.00078272425045,9641.83168412912,6305.27947144652
"event_prob[146]",0.37785140111575,0.35935008,0.159975479747498,0.161773320786,0.148122573,0.6717850995,1.00025332327131,10374.3821681321,6621.51571156601
"event_prob[147]",0.78998227336125,0.83051956,0.176066433673866,0.181254403092,0.4484759045,0.9962268895,0.999830356851681,8842.09438936449,5026.652913531
"event_prob[148]",4.50848930558725e-07,3.3018559e-07,4.22032256680001e-07,2.63176222218e-07,7.26990321e-08,1.211517195e-06,0.999851431441021,10937.1055045633,6703.26812896565
"event_prob[149]",0.143261977641937,0.120856255,0.0953192343526697,0.0797406936186,0.0359040021,0.3271554455,0.999840062616679,10508.9000250748,6859.03680116275
"event_prob[150]",0.341643425383875,0.31738518,0.158335073144596,0.153005098365,0.130967414,0.6447354065,0.999901306391493,9504.33730542795,7009.55875234451
"event_prob[151]",2.298734860368e-07,1.6817938e-07,2.15620186513575e-07,1.42192511391e-07,3.150576395e-08,6.38824458499999e-07,1.00031433438512,10781.7584911333,6624.67894254943
"event_prob[152]",0.0887061983594125,0.074892157,0.0601658028639629,0.0510914160288,0.02006953195,0.2048315975,1.00032339979152,10459.3196584733,7030.58419402676
"event_prob[153]",0.210423321591125,0.197313455,0.0968102750549221,0.093504008934,0.0769738424,0.3908893135,1.00089521422059,9810.65161719482,6923.51059253173
"event_prob[154]",0.334861244673,0.321783715,0.128903537268311,0.127842648381,0.146003128,0.568438659,1.00049632050694,9222.24979905725,6203.63174171351
"event_prob[155]",0.396473951046125,0.38135893,0.155102051273453,0.156202369743,0.1663304435,0.67895486,1.00061037583059,9287.30393080512,5463.35434625202
"event_prob[156]",0.482267299269,0.46858269,0.18989843487477,0.202815558372,0.1899219235,0.8197503825,1.00015125559744,9472.47578046827,5796.71237256657
"event_prob[157]",4.454177536419e-07,3.34467e-07,4.01575352570834e-07,2.61480320556e-07,7.11770673e-08,1.18424612e-06,1.00176313702716,10927.4860928037,6928.82444755217
"event_prob[158]",0.093712412284475,0.078328637,0.0657864802993594,0.0531061478556,0.02045278625,0.2199921345,1.00185915691352,10682.2871023607,6776.15102310452
"event_prob[159]",0.162565391366663,0.14582148,0.0919283867269329,0.0827933492274,0.0482434679,0.335619373,1.0014485558542,9831.57507530215,6874.14764761946
"event_prob[160]",0.260091810627,0.2380102,0.130550964197715,0.124360888302,0.090400894,0.5079228185,1.0009097044098,9102.19294313529,6383.70767821841
"event_prob[161]",5.78040980219288e-07,4.40720315e-07,4.85540963723385e-07,3.18874442649e-07,1.089541565e-07,1.493070385e-06,0.999884823265403,11033.5157320948,6758.54496010172
"event_prob[162]",0.088070663791975,0.0726495895,0.0609038112930975,0.0471220592031,0.0209933508,0.206797909,0.999825721629479,10869.2634160993,7239.42373019464
"event_prob[163]",0.2319605564785,0.21096156,0.116905674881993,0.106385193558,0.08150178725,0.454802781,0.999669856550372,10186.8852397228,7550.48000640716
"event_prob[164]",0.304580496247625,0.28221645,0.137608250135337,0.130324698693,0.1229039845,0.568014016,0.999684647713264,9801.90537676079,6430.054449248
"event_prob[165]",1.55948742472825e-06,1.07891265e-06,1.77738541391039e-06,8.14824276357e-07,2.667232905e-07,4.24770116499999e-06,0.999782867919783,12670.1755238361,6920.26510467572
"event_prob[166]",0.35197507378925,0.31542101,0.190946511253283,0.180290290551,0.1061815725,0.727642889,1.00003541668191,11842.9775368983,7091.15414798032
"event_prob[167]",0.449611635235125,0.424806865,0.195948146146,0.204447819429,0.168236632,0.8121210225,1.00030509392152,9581.83248877928,6456.20303602299
"event_prob[168]",1.7938767562158e-07,1.30882245e-07,1.70770318593047e-07,1.083808561836e-07,2.403612995e-08,4.949715735e-07,1.00030948761411,9705.33342527621,6518.64360073976
"event_prob[169]",0.0553198610044725,0.0455187215,0.0404619534345324,0.0319302113445,0.0111342776,0.1319485605,1.00028730361633,9710.44491090801,6871.33070470112
"event_prob[170]",0.12425101682175,0.1118557,0.0683288925173511,0.0621342656088,0.03794963305,0.2542772435,1.00017776851703,9710.30061826195,6970.31258167561
"event_prob[171]",0.22961776510125,0.210542805,0.110994162684916,0.102311030997,0.0836358024,0.437605552,0.999875143903337,9647.53317865846,5994.8003050183
"event_prob[172]",0.265647443423875,0.240067635,0.135938920650859,0.124748647506,0.0907857479,0.526025112,0.999666281189087,10063.1504099535,6423.30726392282
"event_prob[173]",0.18915330862395,0.1643466,0.115568555950019,0.1058813949585,0.0484018651,0.408478092,1.00003983611285,11359.9576417912,6649.36769393121
"event_prob[174]",0.423325090353,0.409857655,0.160410324151527,0.165651757908,0.1862666925,0.711915407499999,1.00014554492337,10400.2258507093,6452.76523437607
"event_prob[175]",0.656789730339,0.659940275,0.171080119789156,0.187409876598,0.366953175,0.927573103,0.999828979774273,8827.39127569614,6163.58654316158
"event_prob[176]",2.26070443639412e-07,1.6979003e-07,1.98928789193699e-07,1.38660572715e-07,3.404296945e-08,6.08461251e-07,1.00012628378422,9719.65024396347,7260.33769106193
"event_prob[177]",0.0597577122902962,0.0494603375,0.0422354160307884,0.0348004456254,0.01282398255,0.141733395,1.00021105123635,9846.8533473068,7262.98782494598
"event_prob[178]",0.137888549303038,0.12446767,0.0728894022726509,0.0666148399644,0.04431110005,0.275113214,0.999915033729151,10013.6970288671,7446.77232280237
"event_prob[179]",0.238638115452375,0.224643925,0.103233039889288,0.097827774618,0.09643142885,0.432481402,0.999913309874989,9873.40118160336,7061.77798969514
"event_prob[180]",0.419661533043,0.40557511,0.147117220130923,0.149199531033,0.2024559325,0.688162916,1.00040206242631,9480.00640556446,5922.09812077163
"event_prob[181]",0.83896168454,0.87610594,0.1431704353891,0.138992222922,0.557775828,0.997584311,1.00021002530115,8268.46813201891,5289.19534006447
"event_prob[182]",8.944232551985e-07,7.01438865e-07,7.24041413710602e-07,4.98896642055e-07,1.82264915e-07,2.24873094e-06,0.999927198950042,10191.4539549401,6576.93221573666
"event_prob[183]",0.210513649904337,0.18521605,0.121454349666423,0.108177916413,0.06080891065,0.44368375,1.00002691857624,10463.2159283786,6719.89910679342
"event_prob[184]",0.532175608357875,0.5209342,0.196441616514614,0.215060907747,0.2312395395,0.8784558085,1.00027031953638,9690.16653907517,6657.85024023475
"event_prob[185]",4.95412873768888e-07,3.6064349e-07,4.77749424584139e-07,2.85113068338e-07,7.77429854e-08,1.36600143e-06,0.999871636903186,11533.980439916,6905.74130806131
"event_prob[186]",0.116341725286178,0.095186579,0.082862394778245,0.0654502532166,0.02604568235,0.2806493185,0.999953498766275,11327.7981650086,6938.46062830875
"event_prob[187]",0.197510715011763,0.172755905,0.115469931922708,0.098717490291,0.05836586625,0.424329419,0.999837686173197,10443.2846252525,6920.35504442659
"event_prob[188]",2.53045384898331e-07,1.69751185e-07,2.81539723721021e-07,1.513195193055e-07,2.784403045e-08,7.440370925e-07,0.999756726753724,10908.7470241173,6102.27509041852
"event_prob[189]",0.0676629454306463,0.052084743,0.0563166726564304,0.0409313976687,0.01067732665,0.1741399525,0.999837446312217,10725.2091909626,6069.16238723921
"event_prob[190]",0.1702322278894,0.135148115,0.134643608548443,0.1088974770492,0.0247489947,0.4402744885,1.00141554021761,9015.2002685051,6158.71488463922
"event_prob[191]",0.8825016974065,0.953891865,0.157073923365983,0.068301951291,0.537910239,0.9999999305,1.00056227916876,9196.21396083479,6176.47950057567
"event_prob[192]",2.50548741622187e-07,1.77477225e-07,2.44232243153488e-07,1.495668333222e-07,3.3844042e-08,7.01054637499998e-07,1.00011846135339,10138.6451344589,5846.28041752069
"event_prob[193]",0.06078177559344,0.0484986865,0.0470076757288998,0.0353781266307,0.01165533555,0.150689244,1.00014013748021,10276.0933582657,6551.67290441854
"event_prob[194]",0.340853849096375,0.325583715,0.138742019041542,0.137632560114,0.1410774295,0.5946508155,1.00080044360465,9716.28507451135,7080.36057588528
"event_prob[195]",0.472006568038625,0.455971535,0.175394696466439,0.179398121175,0.2129230015,0.802399668499999,1.00030595421995,9252.0828608154,6069.34241207651
"event_prob[196]",1.2027544401395e-06,7.9990353e-07,1.46165278485318e-06,6.52948077957e-07,1.730349105e-07,3.52840235e-06,1.00039696834803,11338.4962123213,6174.95431987421
"event_prob[197]",0.622923353957375,0.63041634,0.242033716666167,0.2949439962,0.2213710775,0.988240034,1.00008933004811,9844.24200764363,5773.3274250386
"event_prob[198]",1.06720701424896e-07,6.6243595e-08,1.28071234113664e-07,6.31433098254e-08,8.747018725e-09,3.30121948e-07,1.0006526627806,9858.09981497787,6092.2089946959
"event_prob[199]",0.0329872666824612,0.024460432,0.0293738527854481,0.020123655972,0.004551781505,0.09153051015,1.00037679730402,9318.96354318407,6853.62041203829
"event_prob[200]",0.0462143769672137,0.036890248,0.03565716444266,0.0272801750676,0.008677950615,0.1160615915,1.00021340804269,8058.01093703959,6717.88150904674
"event_prob[201]",0.0529014347274913,0.040588567,0.0446452711059329,0.0323642195142,0.008306000785,0.140240338,1.00004664978533,6958.46842387276,6512.20277836137
"event_prob[202]",0.0441833980869938,0.0308738165,0.0436322822210395,0.0276445618239,0.004943086305,0.126888613,1.0000818621398,6304.68847176998,5934.07541925546
"event_prob[203]",1.28655245830517e-07,8.4152784e-08,1.56068314130019e-07,7.92564468066e-08,1.166657425e-08,3.85363244e-07,1.00034980302705,9988.97283950065,6711.81433417128
"event_prob[204]",0.0311439519423825,0.0225612795,0.0298675406074869,0.01944403680219,0.003777177135,0.0864196523,1.00059506530168,9676.16312980591,6409.7890852181
"event_prob[205]",0.0920157014761512,0.0661476715,0.0860866497223525,0.0595910321013,0.00973335905,0.264081739,1.00139870704423,7762.73907772619,5624.06685047983
"event_prob[206]",7.6302167363475e-07,5.743471e-07,6.67975657348145e-07,4.20767721444e-07,1.417680965e-07,1.99624296e-06,1.00011418886054,11758.031705745,7175.93471268592
"event_prob[207]",0.15744846038785,0.134128405,0.102901301099456,0.084557073909,0.0401251143,0.363864954,1.00007663251931,11375.4701028146,7331.23404500145
"event_prob[208]",0.3369994764685,0.3059648,0.169360123851035,0.161416555335,0.116301801,0.6680501015,1.00027390206739,10107.4126463723,6563.96303575582
"event_prob[209]",1.31230071364287e-06,9.08232785e-07,1.38309870887679e-06,7.12149022431e-07,2.1099642e-07,3.851346225e-06,1.00007574864733,12038.6945162838,6102.15174239599
"event_prob[210]",0.3265541572145,0.28543268,0.193739292496674,0.177113649552,0.0890172794,0.723854894,1.00022005936782,11458.5241829285,6292.16888072412
"event_prob[211]",1.44189385050115e-07,8.8127267e-08,1.79578978739613e-07,8.66667684897e-08,1.08913263e-08,4.6741364e-07,1.00025740861025,9409.65654020402,6645.85083782286
"event_prob[212]",0.107994319790989,0.0755534285,0.102972114000858,0.070031166975,0.01105418165,0.3164746715,1.00083278568398,8503.05354037838,5136.29452723499
"event_prob[213]",1.03936885288655e-07,6.81787135e-08,1.15564032886338e-07,6.38561728161e-08,9.065086025e-09,3.181460735e-07,1.00006077141611,8720.75712880925,6283.67381223535
"event_prob[214]",0.0435902679247838,0.032618119,0.0390791649175037,0.027226851876,0.00575375792,0.1186736555,1.00003085007236,8177.10347756339,6322.31492648737
"event_prob[215]",0.057760352453525,0.042364347,0.0538242991517254,0.0357471383577,0.007530686,0.1567374395,1.00057346435013,7714.65372751976,5496.70337661716
"event_prob[216]",3.29795671413413e-07,2.36202715e-07,3.21497025439773e-07,1.95132428652e-07,4.53170112e-08,9.24691137499999e-07,0.999975273960259,10797.8639067896,6744.13220219558
"event_prob[217]",0.152189845712175,0.12934238,0.0998509183231739,0.0852700999857,0.0368479504,0.3447036875,0.99985159530645,10165.8945731969,6609.46896991718
"event_prob[218]",0.393449261544625,0.3621853,0.194817521561254,0.199029353796,0.1287239595,0.764406419,1.00011819549347,9528.70378728885,5002.10849866908
"event_prob[219]",2.18813306284625e-06,1.51503545e-06,2.37469442296391e-06,1.153013038464e-06,3.86981329e-07,6.137900725e-06,1.00007701667175,11360.1983677608,5797.46755418178
"event_prob[220]",0.455832529005,0.420336085,0.223886481713948,0.234794773353,0.14088565,0.8842628405,0.999907255682393,9707.59343241062,5589.80286599377
"event_prob[221]",9.22071342080875e-07,7.1255888e-07,7.36763631092337e-07,5.00569800633e-07,1.894856835e-07,2.358363675e-06,1.00001822991463,10927.2966961636,7164.57427911408
"event_prob[222]",0.293880532886,0.26700598,0.150407158109065,0.142531759923,0.09670117095,0.587362359,1.0007540275471,11428.0075492506,7587.51399350159
"event_prob[223]",0.447905480248625,0.42605086,0.190727064026111,0.199265383716,0.1775122725,0.799711911,1.00141377650346,9842.29659950648,6063.200737049
"event_prob[224]",2.12824679451758e-07,1.39513735e-07,2.34727317137661e-07,1.296727853883e-07,1.919596025e-08,6.58573520499999e-07,0.999914855134962,11360.9437295922,6327.27411889952
"event_prob[225]",0.169731800003134,0.133560735,0.13427115888238,0.1078313371653,0.0253444381,0.4412717505,1.00013439263945,10985.9529905312,5731.53320022891
"event_prob[226]",5.169556718797e-07,3.90506795e-07,4.68689995674722e-07,3.02375699199e-07,8.35406947e-08,1.38747151e-06,0.999944172412068,11484.6947599701,6664.80068791863
"event_prob[227]",0.238640683730212,0.213610895,0.13527774058215,0.124564975605,0.06743987205,0.4942424005,1.00023464514626,10530.6460682119,6690.89298306166
"event_prob[228]",0.369901647597125,0.338330895,0.190349708522503,0.187151103594,0.114706115,0.7376266355,1.00068135974089,9866.87329187051,5901.30685104923
"event_prob[229]",5.05648424445e-07,3.84606905e-07,4.44176364322064e-07,2.85925540551e-07,9.323979965e-08,1.322823555e-06,0.999886485167496,11753.6734694214,6909.1926788303
"event_prob[230]",0.118632181918,0.099262464,0.0799423474782029,0.0624025072377,0.0300168752,0.2700232125,0.999864445675804,11865.6000615928,6648.28875397136
"event_prob[231]",0.30403058617175,0.27379069,0.155429036323894,0.141341387796,0.106607755,0.6025234285,1.00032758569654,10752.0629205192,6497.0999442448
"event_prob[232]",1.06811736679919e-07,7.23191485e-08,1.11212219853161e-07,6.65462437689e-08,1.101665275e-08,3.20531790499999e-07,1.00000645830873,10155.2469144472,6188.68022259961
"event_prob[233]",0.0250171987315263,0.018566742,0.0223764783576424,0.0155640301257,0.003342922565,0.0691369876999999,1.00000132828294,9814.19608246232,6451.76866001573
"event_prob[234]",0.0557094788919687,0.043832249,0.0435723206997301,0.0338561206053,0.009528536315,0.1403859225,1.00018911332083,9045.8499308477,6601.84891421714
"event_prob[235]",0.107869199283913,0.083358812,0.0869738001806319,0.0660850247001,0.0171181644,0.2786773845,1.00039803698627,8817.02583149542,5404.86798589819
"event_prob[236]",2.67080824759113e-07,1.83723845e-07,2.82166767540896e-07,1.659503883891e-07,2.771213545e-08,7.86962933499999e-07,1.00063946424909,11171.024338843,6112.93618288472
"event_prob[237]",0.16998626233005,0.136529545,0.130561012798343,0.1076379898167,0.02741336545,0.4273563,1.00006787819524,11294.7811198564,6278.55631424962
"event_prob[238]",3.41951446124225e-07,2.6071081e-07,2.95015565842165e-07,1.97813710752e-07,5.780028445e-08,9.01715174e-07,0.999932620488256,10130.915090804,6626.71299380943
"event_prob[239]",0.104998830585963,0.0892509805,0.069160962092679,0.056358318429,0.02512944415,0.2392559895,0.99990213780982,10431.6429344031,7005.08364177922
"event_prob[240]",0.259989000649375,0.23496349,0.136911794765675,0.126816970875,0.0824840636,0.521444185,1.00062636370082,10028.4208727995,5591.30528482302
"event_prob[241]",0.470401165675625,0.448193895,0.21166457339316,0.228961720869,0.159709178,0.8568483905,1.00082974291419,8974.63949488836,5592.67797144493
"event_prob[242]",6.53288313674e-07,5.05356735e-07,5.63995549357006e-07,3.70516892172e-07,1.222825345e-07,1.69286636e-06,1.00040254542563,10824.5419933384,6581.05368971389
"event_prob[243]",0.197515132365,0.172981665,0.117077233942929,0.101276094654,0.0553352177,0.4221285895,1.00006713338678,10806.8104411171,6786.62271813002
"event_prob[244]",0.105912017626763,0.0878285175,0.071264490476616,0.0531523278804,0.0294918694,0.2442419625,1.00048801438845,10331.4888537076,6134.07276485086
"event_prob[245]",0.466056161583,0.436913275,0.227433418432726,0.242639958666,0.1411745745,0.8950749,1.00010998691159,9785.04594968958,6997.70907543482
"event_prob[246]",0.625615409593,0.62878813,0.243750258074886,0.302135480934,0.223339333,0.9905630065,1.00032619021161,10688.6878444712,6413.82580206246
"event_prob[247]",8.15351297013375e-07,6.2814457e-07,7.06796079804506e-07,4.54090831782e-07,1.52659314e-07,2.135305565e-06,0.999887852365646,12334.5214439704,7009.44027458657
"event_prob[248]",0.157090461798275,0.133319245,0.104166117527561,0.0838958587719,0.0395814229,0.3677306055,0.999889105911853,12975.6724245525,7298.15916478492
"event_prob[249]",0.391128719935875,0.360932895,0.192394572810621,0.191339248443,0.1281496905,0.7612216285,1.00005619698343,11644.208063081,6297.48506891226
"event_prob[250]",1.41258355364295e-07,9.7389688e-08,1.48721062897487e-07,8.73767300322e-08,1.419661945e-08,4.20888796e-07,0.999898917230518,9330.57986267154,6863.46954895067
"event_prob[251]",0.0376882390840325,0.0281781915,0.034343289244854,0.0237612417588,0.004800193775,0.1025677095,0.999781189873315,9428.26928880345,6470.49221559727
"event_prob[252]",0.0631775214856225,0.04735238,0.0559258161179808,0.0388782472281,0.009144159985,0.169877834,0.999910760379035,9813.65939072914,5797.38459029314
"event_prob[253]",4.95941782664953e-08,3.1346973e-08,5.70413368450652e-08,3.09617021532e-08,3.64282155e-09,1.568030905e-07,0.999935949810197,8125.70302888155,6435.07778884821
"event_prob[254]",0.0149492622098347,0.0105161495,0.0146932396427932,0.00951974072259,0.001564279805,0.043655532,0.999902639536765,7957.47117244582,5858.42688393408
"event_prob[255]",0.0218227254048418,0.0161082945,0.0196621623845814,0.01371175841931,0.002823323755,0.05996564445,0.999961300399794,8127.44261922895,6551.37855115161
"event_prob[256]",0.060583112943,0.0446974255,0.0557302407181697,0.037558624257,0.007575945545,0.1670020805,1.00025929996699,8511.32407465923,6180.35333737218
"event_prob[257]",4.57265218380229e-08,2.7613599e-08,5.33549402093039e-08,2.798394386403e-08,3.090040455e-09,1.50854264e-07,1.00031557479321,8134.90585549963,6415.80881691105
"event_prob[258]",0.0152685639835925,0.010521004,0.0148070559452713,0.00972633940173,0.00150451014,0.0451489374,1.00023436664153,7746.41734403462,6732.66217348674
"event_prob[259]",0.0196055020717045,0.014199457,0.0180991561229077,0.01252527040779,0.00231609163,0.0548165517999999,1.00042179536267,7455.53962293696,6403.32303384511
"event_prob[260]",0.025560277822055,0.01796982,0.0250205459926153,0.01621098813642,0.00272237792,0.07374280855,1.00067140707409,7460.36873937804,6267.53283070332
"event_prob[261]",9.3137869522995e-08,6.14752145e-08,1.0285867178759e-07,5.79202975743e-08,7.605764435e-09,2.870228925e-07,0.999855608333983,8541.36361263453,5857.25009916794
"event_prob[262]",0.0228788144633119,0.01618023,0.0220986325659893,0.01418647226157,0.00239537834,0.0659671389,0.999885311743543,8491.14998960182,5794.17423224344
"event_prob[263]",0.0860392301854613,0.0655904525,0.0750458123528588,0.0543271897875,0.01138960215,0.2356703835,0.999916572906351,9172.65380107547,5240.65142200064
"event_prob[264]",5.81873979351946e-08,3.6930924e-08,6.75469378674917e-08,3.61217543127e-08,4.424361e-09,1.804545575e-07,1.00026344252131,8117.44594133113,6624.75241282383
"event_prob[265]",0.0174729325133056,0.0123847305,0.0173370836386725,0.01103557023639,0.001882215595,0.0504698375499998,1.00017925397627,7674.40629655207,6542.97350838829
"event_prob[266]",0.02399360675345,0.0177298325,0.0223351921492278,0.01492390934727,0.003072212885,0.0671992135499998,1.00030145302189,7256.51029447506,6139.22926760096
"event_prob[267]",0.0345777309530437,0.02497163,0.0332409316915355,0.0214438415898,0.004160740245,0.09891859535,1.0004393408627,7225.60252511761,5403.20805238766
"event_prob[268]",0.183685894272487,0.150657265,0.129051171693119,0.1021797415779,0.03978281185,0.4417157525,0.999922601427555,11636.0734498983,6875.07194081066
"event_prob[269]",0.6926494185175,0.723204415,0.225791845460257,0.268853305182,0.286006759,0.9937905735,1.00073246126015,10096.9875362752,5259.18300238195
"event_prob[270]",3.91911946811363e-07,2.88630175e-07,3.50440219748487e-07,2.31213160164e-07,6.379978575e-08,1.07732215e-06,1.00003106041373,11124.5240873847,6804.23399412444
"event_prob[271]",0.107922418169863,0.0873907345,0.0792015395640084,0.0612562380129,0.02289430305,0.2644433355,0.999925138956422,11543.4024730339,6806.26151118975
"event_prob[272]",0.293592130317137,0.253119245,0.18104763484449,0.166756887948,0.07323771,0.658869257999999,1.00007290228607,10794.1411713281,5953.68668140705
"event_prob[273]",0.131641631290175,0.10979618,0.0907753530425606,0.0763595835471,0.0288793781,0.3065947615,1.00045369127172,8871.45659518981,6639.93167676177
"event_prob[274]",0.29952788863715,0.27013218,0.162520708719424,0.156892846215,0.08820313315,0.612991971,1.00106288510662,8856.55119260857,5645.81168489358
"event_prob[275]",0.345342341293125,0.30618762,0.196091897538015,0.189692413428,0.09261165855,0.7313124835,1.0007219673088,8936.43077238718,5144.07627641838
