"variable","mean","median","sd","mad","q5","q95","rhat","ess_bulk","ess_tail"
"lp__",-571.060238345,-571.09588,15.8063872504914,15.854620467,-597.4273415,-545.173426,1.01231537025147,430.491766792339,1235.47806745787
"beta0",-2.08534414181322,-2.08965555,0.748807114934273,0.75600805917,-3.365768015,-0.8525255665,1.00035496868991,2136.86304179921,2582.75728492691
"beta_time",-3.538528883925,-3.5328744,0.476070147903115,0.46857817629,-4.330220325,-2.76785548,1.00236747810038,2558.57494608529,2706.72015980256
"beta_time2",0.4994111351961,0.503964055,0.255463634026167,0.251477700201,0.08441082985,0.917008917999999,1.00084640920433,2582.81072966884,2359.03822458947
"beta_bm",0.613292892814402,0.601060985,0.731493012624154,0.718560422349,-0.590616327,1.857945245,1.00014622677018,2280.82829199338,2811.30294809072
"sigma_y",1.814664612,1.8125571,0.096849731854547,0.0945799465799999,1.658836435,1.982088755,1.00062178616811,3345.45441048928,2915.51339644531
"gamma0",-4.03587701561,-3.97438815,1.1572110119247,1.14817332798,-6.08204807,-2.25442087,1.00148905332812,1778.36278360006,2209.93793201999
"gamma_time",-0.21538349058927,-0.20631635,0.432886236345313,0.434181241011,-0.9339124065,0.466540162,1.00037060257861,4981.96142688871,3066.72059468712
"gamma_gap",-1.83699678921092,-1.83762995,0.528024102071124,0.51928776648,-2.693955325,-0.978585671,1.00169459489768,4359.42290917081,3094.00999432013
"alpha_mrd",-1.25610460948,-1.2299708,0.262356718699883,0.25257981315,-1.733400265,-0.864117954,1.00215273927324,1067.501347716,1821.78532916744
"tau_b[1]",0.9644787283435,0.97660488,0.293329671904893,0.282206431038,0.4716117695,1.416347075,1.00566357609526,586.537430418149,652.373451943786
"tau_b[2]",2.2116039057,2.1900286,0.368694465373494,0.36958616037,1.64575258,2.84403506,1.00804411474281,637.271272969225,1201.25937467004
"L_b[1,1]",1,1,0,0,1,1,NA,NA,NA
"L_b[2,1]",0.026158999837059,0.00135706765,0.26749769496382,0.269351377239,-0.367571048,0.522871532,1.01896128151585,191.051738792577,858.138475174021
"L_b[1,2]",0,0,0,0,0,0,NA,NA,NA
"L_b[2,2]",0.9612823485175,0.983328565,0.0609569843031992,0.0225673736609999,0.843646463,0.99985276,1.00371612561433,900.840373609205,1045.95903355018
"z_b[1,1]",-0.330196202331375,-0.346550035,0.948249862020323,0.950238570351,-1.88125395,1.22254899,1.00207651192733,2240.64207610093,3012.78575004187
"z_b[2,1]",-0.933137829797153,-0.875993,0.681723725817187,0.631152256749,-2.138142715,0.0923549378999995,1.00091497492671,3731.54650315367,2653.77704636902
"z_b[1,2]",-1.38303537682883,-1.3959486,0.796044406410111,0.78918286503,-2.663526145,-0.0478160077,1.00082487163797,3621.76330740394,1797.63688683883
"z_b[2,2]",-0.37220621946621,-0.370211955,0.609099215420242,0.5658988001499,-1.369166225,0.616832635,1.00049455640329,2068.15639278743,2083.99335746171
"z_b[1,3]",0.285084527861682,0.27264,0.806209959476601,0.802051484619,-0.9972328585,1.624592775,1.00118376922324,3639.54917490214,2785.11848076942
"z_b[2,3]",-0.146367856640673,-0.120867525,0.472783713159554,0.428913199974,-0.9502716115,0.5695577495,1.00180167434792,3788.60020698549,2087.07828535104
"z_b[1,4]",0.337505649963798,0.335092775,0.818653218737881,0.844647279441,-0.98042412,1.67789533,1.003754514789,2029.79302692179,2134.67041556246
"z_b[2,4]",-0.61715979461509,-0.608642655,0.653074383828784,0.632104056297,-1.692104565,0.452607337499999,1.00111325677549,3973.71877864419,2155.29603593027
"z_b[1,5]",-0.16279584572763,-0.1651087,0.910957283699687,0.891291743517,-1.668960315,1.325449725,1.00038860089286,4058.29115735984,3127.84159384768
"z_b[2,5]",-0.334265549782354,-0.32883174,0.448826074300874,0.4205101760328,-1.06516117,0.384773639,1.00152591742343,3701.29244090666,2166.59549845178
"z_b[1,6]",0.290233993179408,0.281616935,0.728110083206201,0.717399991329,-0.901543782,1.500244235,1.00012604900883,4552.4502476938,2316.35054213768
"z_b[2,6]",0.188529457666475,0.184646235,0.723096350889282,0.709152747135,-0.9802345265,1.361491255,1.00027375322277,5033.62710754629,3007.8210195617
"z_b[1,7]",0.291032443380985,0.25370409,0.810033969911537,0.793209591804,-0.9712072815,1.66824353,1.00272011602497,1614.71725031819,2641.99626808951
"z_b[2,7]",-0.989467335746963,-0.96331125,0.547381263344089,0.52695102936,-1.936480555,-0.148076545500001,1.00160303390349,3613.64756272575,2538.42802127469
"z_b[1,8]",-1.00900745640245,-1.03713545,0.803055063475612,0.768735513,-2.28565731,0.356483186999999,1.00185381504645,2173.9477714572,1701.12992864134
"z_b[2,8]",-1.17982076947945,-1.1829318,0.664868395637135,0.66221300103,-2.28409678,-0.0979393796500003,1.00325122696085,1889.47933968014,1953.32927429146
"z_b[1,9]",-0.953295315055425,-0.95367599,0.706532095431675,0.664197816954,-2.10136872,0.195754208,1.00047107035183,1967.52733650936,2120.75593895721
"z_b[2,9]",-1.45317315704333,-1.4429814,0.732606790446945,0.729931830915,-2.675639435,-0.292859684500001,1.00132781499465,2570.70585823033,2262.77744059246
"z_b[1,10]",0.551903868283054,0.54443371,0.862524825756233,0.868673635284,-0.8547364215,1.95266438,1.00176064617147,3521.06121676286,2535.8581714711
"z_b[2,10]",0.559100376533852,0.581017085,0.408595698202193,0.348081440259,-0.175499325,1.182033405,1.00377006301875,1998.7457215877,2003.59163641869
"z_b[1,11]",0.428093278562175,0.419966965,0.95063248754082,0.933240442743,-1.136637835,1.988877965,1.00080444787876,2396.65436976319,2876.49093080305
"z_b[2,11]",1.1202029533705,1.13497215,0.449172283759936,0.39737401326,0.3705614925,1.818284525,1.0027178127299,2232.42861228414,1776.31685213622
"z_b[1,12]",-0.10324966191817,-0.11687119,0.950016925846149,0.949342701888,-1.66768752,1.45085702,0.999712994304931,4308.24142425957,3310.17794510809
"z_b[2,12]",-0.194640298516777,-0.192556705,0.422151066484209,0.3495239218443,-0.873366396,0.4779045335,1.00237865768472,2906.13273188048,2060.26083600801
"z_b[1,13]",0.133206284536015,0.11173881,0.828952224637536,0.823052736009,-1.1627372,1.556445745,1.00266134198233,1315.26877313297,2634.88710074582
"z_b[2,13]",-0.982528998567425,-0.953496065,0.594027452542736,0.58830909753,-1.97340646,-0.0667510593500007,1.00222175814313,3569.06765477978,2189.81395841088
"z_b[1,14]",-0.396064646678232,-0.41229598,0.946131532604437,0.944409543126,-1.899503605,1.194158055,1.00270812801252,3355.22585694551,2681.24803625809
"z_b[2,14]",-1.02136217670747,-0.971821025,0.659458521383474,0.629192333679,-2.17723104,-0.0242835383000005,1.00110513782457,3738.12818549713,2529.5685659399
"z_b[1,15]",-0.313884534422415,-0.30477071,0.960829945434516,0.959829072384,-1.88660997,1.277113715,1.00201363736056,3175.4835439343,2711.10092798356
"z_b[2,15]",-0.898113010469495,-0.85681546,0.686947971065421,0.651306684084,-2.090370095,0.139168989499999,1.00205000154033,3354.54337386566,2483.64622169982
"z_b[1,16]",-0.830741978554629,-0.84282646,0.835692471118778,0.857837460144,-2.193352615,0.568484756,1.0024127987078,1919.20928586724,2889.44843201034
"z_b[2,16]",0.528134638570751,0.518642105,0.483149908202787,0.450698272332,-0.225798471,1.3433354,1.00238165839765,2307.51575471183,2338.28922405525
"z_b[1,17]",0.444310125679175,0.443458565,0.742319768444022,0.7272141013179,-0.7897317585,1.682796165,1.00124805838496,3871.84319894386,2906.63967324595
"z_b[2,17]",0.408113414698204,0.436091575,0.40182309123758,0.349363385175,-0.2773789095,1.00830015,1.00588637682632,2183.63176511042,2018.84567619367
"z_b[1,18]",0.11997950088739,0.11000577,0.789558847565627,0.770102900154,-1.15909545,1.43488713,1.00230589296514,3621.90505097433,3082.52978159986
"z_b[2,18]",-0.005222746536225,0.0082735007,0.408933540034972,0.344311099503,-0.70213351,0.648064978,1.00257410933973,3125.17985628729,1957.99726149742
"z_b[1,19]",0.121713542161981,0.136243125,0.778360552383247,0.808921052415,-1.13766627,1.38242875,1.00386906618942,1330.48852131933,2684.56837459748
"z_b[2,19]",-0.942249920032318,-0.920791225,0.583824353227309,0.574267889601,-1.917124025,-0.0299083652500008,1.00062591670304,4053.28979993118,2566.59036969841
"z_b[1,20]",0.647146789799125,0.650800555,0.829194424769815,0.8175960482067,-0.7005359915,2.02487613,1.00134098934117,2889.77998499902,2995.08837292718
"z_b[2,20]",-0.284836398489725,-0.24710734,0.518549317659141,0.465569076504,-1.18097679,0.4754147615,1.00044178432738,3089.05255055674,2505.25066381693
"z_b[1,21]",0.583226540179848,0.573989085,0.87982044011497,0.85133732691252,-0.8264002545,2.053696265,1.00102128385163,2008.2344484232,2591.60478247235
"z_b[2,21]",-0.268079729168083,-0.223246035,0.499531030031318,0.4518328505145,-1.14833679,0.478011010999999,1.00272621706918,3020.12633062476,2137.16598036377
"z_b[1,22]",-0.73531953274323,-0.750421315,0.890499282237216,0.887077734711,-2.15463166,0.7544784045,1.00273399788586,2779.93966892936,2325.57934723202
"z_b[2,22]",-1.12812065339058,-1.10797185,0.76555492447002,0.750418790604,-2.411669925,0.0696489732499995,1.00219571460308,3270.13535483941,2472.30034695029
"z_b[1,23]",-0.538818105002335,-0.52072041,1.01138073260577,1.044167514684,-2.20151637,1.10825312,1.00139051627552,1553.13545138054,2780.61599930574
"z_b[2,23]",1.00821170686052,0.992946895,0.396823722384381,0.351417497823,0.401067272,1.674027455,1.00261467554746,1549.01946039881,1922.06519113184
"z_b[1,24]",0.611610203308387,0.5974537,0.747739583439769,0.7378910681982,-0.6112643685,1.886190075,1.00025170151961,3556.02168522128,2802.3994450236
"z_b[2,24]",-0.225953457362588,-0.19357173,0.47606665486766,0.425617239327,-1.095627705,0.4914543215,0.999784245443562,2187.99517261658,1968.74434563218
"z_b[1,25]",-0.156478496883648,-0.162771465,0.740049535564594,0.726227421381,-1.357463015,1.09052762,1.00386432087346,1634.64136718268,2768.88868825935
"z_b[2,25]",-1.0379584420728,-1.04571455,0.738120817041698,0.736186253145,-2.24496316,0.156631012999999,1.00141117678977,3716.39659279015,2750.26386136319
"z_b[1,26]",0.614405164634897,0.621871725,0.92340170325823,0.923059714151064,-0.935747128,2.143070065,1.00109284285778,3404.43743439261,2641.13181746193
"z_b[2,26]",0.833829573856225,0.85798993,0.41111914745979,0.338296932603,0.1229645905,1.43758875,1.00604242106192,1953.57638846856,1644.41626013551
"z_b[1,27]",0.322488058173848,0.346969025,0.909780619218,0.902835949113,-1.23401451,1.7963276,1.00014340397562,2865.50094603997,2909.19477507038
"z_b[2,27]",1.09902946537748,1.1068302,0.423610115342231,0.354649476867,0.417163071,1.74288993,1.00062342955853,2191.29217112144,1844.56857912663
"z_b[1,28]",0.791027484776209,0.792010575,0.734925842611329,0.708915701634,-0.410490451,1.99162553,1.00136099289396,2393.15539241578,2478.30787907753
"z_b[2,28]",-0.27390751369992,-0.252686495,0.465115060994753,0.4308577343973,-1.07980306,0.429111848,1.00008577862763,1734.24942279818,2369.2412082703
"z_b[1,29]",-0.167148234349117,-0.173381895,0.752486038143042,0.756254637789,-1.37836496,1.05859176,1.00089050535915,1911.37172359483,3050.14126537491
"z_b[2,29]",-1.1069737859974,-1.082273,0.662153950026851,0.643266937173,-2.228475025,-0.0819909598500005,1.0022265220827,4780.56930172309,3110.54250003324
"z_b[1,30]",0.807700584733957,0.79316242,0.855491815869964,0.835317270228,-0.5720710315,2.22801104,1.00033314497399,2323.57821775034,2760.07714445782
"z_b[2,30]",-0.145003400646894,-0.11301888,0.45723226704468,0.403873131207,-0.915475977,0.531871151,1.00097979490688,1797.4653182883,1820.62608628273
"z_b[1,31]",-0.240680071205904,-0.232351295,0.852782597406066,0.855319968279,-1.636293535,1.14392392,1.00245587388229,3618.55399423802,2323.35824353308
"z_b[2,31]",-0.835583048534242,-0.81603285,0.705387447758221,0.68260987053,-2.03263635,0.2679389475,1.00173020057561,5009.05469777123,2703.66177992746
"z_b[1,32]",-0.464936809397966,-0.46946645,0.684355771777812,0.650642516349,-1.576455505,0.678966569999998,1.00130377935317,3836.04578049332,2776.01339968268
"z_b[2,32]",0.0537992975522975,0.0433519585,0.441167461106788,0.4057299342579,-0.625650684,0.8069971095,1.00565945060756,2875.27814664867,2179.3479325065
"z_b[1,33]",-0.8791540861749,-0.86724867,0.783893454793533,0.756613300968,-2.152508715,0.4100780585,1.00252460391128,1989.27630220743,1652.17579626778
"z_b[2,33]",-1.28792772722027,-1.26707375,0.75495685162431,0.73093225233,-2.563976305,-0.0793911379000001,1.00033697356279,3026.22858804678,2799.24194002178
"z_b[1,34]",0.107623366738034,0.098362393,0.670786456272852,0.6444818641212,-0.9904973035,1.231032855,1.0006582320155,3730.81386854914,3017.45544118917
"z_b[2,34]",-0.035823220997355,-0.028421966,0.496123923066279,0.466108779969,-0.870734876,0.745889948999999,1.00339212411602,3871.0512854539,2708.08368230557
"z_b[1,35]",0.551326416979718,0.55196401,0.680072224867649,0.6759240724866,-0.558258414,1.65716999,0.999796561133366,4081.97964213236,2936.40131564588
"z_b[2,35]",0.0250468860226845,0.0445232875,0.435829951718302,0.4025461189575,-0.7099593075,0.693458615,1.00233791855069,2552.27466279362,2574.98769977706
"z_b[1,36]",0.41999343698785,0.413366925,0.772060980812852,0.766140851805,-0.8497199235,1.67970971,1.00137652868723,1491.61507294195,2598.62846306705
"z_b[2,36]",1.4299512154803,1.43104935,0.477520047440249,0.44371578972,0.672749422,2.206543135,1.00308695801123,2529.62856216098,1965.71314032378
"z_b[1,37]",0.700166111803328,0.70371055,0.743662534778625,0.72713383113,-0.540739888,1.89328076,1.00014495317464,3356.51083836463,2930.57143195851
"z_b[2,37]",0.193252324351447,0.22179042,0.487404905762215,0.4247512860255,-0.6469966145,0.92307128,1.00182767917832,2050.44330699517,1581.31187090151
"z_b[1,38]",0.408919583346142,0.41525259,0.846838727222586,0.836373518946,-1.00014902,1.806195155,1.00021554309996,3834.41008056996,3243.78387127514
"z_b[2,38]",0.634345562458395,0.64364664,0.569500225068287,0.544970735085,-0.3315300785,1.55546766,1.00168674807781,3820.39678859691,2439.06366610208
"z_b[1,39]",0.261567149444163,0.247917205,0.714486128268843,0.687843693159,-0.9005951115,1.439201395,1.00092856817061,3116.62382166501,2696.74374216313
"z_b[2,39]",-0.582730719189521,-0.57519293,0.638374981291304,0.613675019538,-1.64181409,0.441955869,1.00002658542149,4374.8901639038,3028.25783997999
"z_b[1,40]",-0.803322597449585,-0.836681,0.767778280732097,0.76331705478,-1.980191315,0.5237716225,0.9999458934007,2414.14034000359,2896.98775433987
"z_b[2,40]",0.696447990299955,0.671882385,0.463645899009007,0.431702600679,-0.00744692795,1.49078957,1.0015685368195,1650.2809998839,1902.27494998557
"z_b[1,41]",0.60722975163558,0.60432396,0.701137145581226,0.67365555957,-0.5142180195,1.779887285,1.00216087562863,2815.46448079624,3070.7427294127
"z_b[2,41]",0.727889564199568,0.73925689,0.746852869258834,0.75485207595,-0.476632518,1.949590295,1.00092576958423,4708.26275337588,2999.85905149311
"z_b[1,42]",-0.343719694091755,-0.345707825,0.736027889347783,0.742055021463,-1.56783953,0.838359255999999,1.00185752648404,1736.81514457429,1923.40875971812
"z_b[2,42]",-1.11320574219265,-1.11240785,0.775008705011258,0.761230502844,-2.381236445,0.148100620999999,1.00063945239752,3972.4258314833,3193.02369710314
"z_b[1,43]",0.89885133589919,0.892657935,0.725207200259701,0.707676218382,-0.2983085445,2.11967918,1.00147991388105,4030.38236222254,2441.22768301778
"z_b[2,43]",0.5857072720943,0.61790811,0.434078060621911,0.388002543138,-0.1920160855,1.22763176,1.00157714548653,1082.79236201274,1659.8991081054
"z_b[1,44]",0.700881852184925,0.705410445,0.84114960274746,0.834403788477,-0.7018646095,2.10059605,1.00289711923787,2641.16834472186,2833.10936099254
"z_b[2,44]",-0.162927879735375,-0.133047335,0.493702650392048,0.437649516843,-1.04103046,0.579844574,1.00116647267728,2590.12628612523,2545.72887885089
"z_b[1,45]",0.283530621213992,0.2788643,0.704116396158209,0.705481807296,-0.86205057,1.460314045,1.00038225144348,3118.07342924365,2969.26765600952
"z_b[2,45]",-0.584108168872743,-0.574439645,0.590863588533165,0.571611144531,-1.56988138,0.353625524,1.00220017673904,4829.60547737056,3136.50046015863
"z_b[1,46]",-0.35334617086396,-0.36442842,0.727660565580115,0.705385089885,-1.50556109,0.86634076,1.00045043306753,2704.12798199021,3204.90806794691
"z_b[2,46]",0.60804215467811,0.604573985,0.476252016415475,0.459014479665,-0.150656941,1.397116175,1.00158783047237,3592.27996695066,3061.76516333477
"z_b[1,47]",0.312091912500563,0.310736475,0.730626232790048,0.711566479239,-0.90262331,1.52361388,1.00080890316847,3514.36272443154,2651.8284635768
"z_b[2,47]",0.443137921235645,0.45612339,0.462186083172093,0.395586568461,-0.3461136575,1.169923125,1.00187398071017,2985.50108262489,1940.58189143726
"z_b[1,48]",-0.315011356330072,-0.331621375,0.72548987768777,0.716636667306,-1.502253155,0.887650681999998,1.00214195557992,2015.7999535854,2958.55001681879
"z_b[2,48]",0.8889270328493,0.874992265,0.498761275064006,0.483110821641,0.08409823835,1.702274405,1.00453896216375,3144.7219372504,2272.85507070917
"z_b[1,49]",-0.465214245061425,-0.48914928,0.701550914968631,0.6794322480498,-1.54709817,0.708637918999999,1.00015179117871,3449.41284899211,2767.38845641722
"z_b[2,49]",0.689198605511767,0.67438687,0.491156399168389,0.450412590138,-0.0744508275,1.531731945,1.0022970125926,3539.48653697617,2780.5477601932
"z_b[1,50]",-1.13287584966595,-1.1612842,0.783512710519111,0.769558519086,-2.381169085,0.1590087925,1.00063315677476,2245.6253990029,2957.80383455395
"z_b[2,50]",0.367055558720252,0.356012025,0.584578026746745,0.5647882148832,-0.547194698,1.359576455,1.00124570933542,2338.7645725961,2316.11196411649
"z_b[1,51]",-0.891175071021422,-0.897489505,0.860097565585866,0.846652733157,-2.291080105,0.538514880999999,1.00412989973534,1814.92530671042,2749.39110622872
"z_b[2,51]",0.69712616400597,0.6798422,0.475092530570744,0.444170325228,-0.0208664301,1.49752875,1.00217172605052,2322.80736916703,2314.13804856455
"z_b[1,52]",0.395459608848955,0.396366075,0.707258293592178,0.6968277999312,-0.7366658575,1.552636745,1.00012323436601,3821.7944971981,3166.18133053502
"z_b[2,52]",0.179381647792535,0.19581113,0.529398722533928,0.512448873678,-0.7113979675,1.000686975,1.00253200071113,3696.1613790826,2333.69804231219
"z_b[1,53]",0.156935393299357,0.145293515,0.739805907404017,0.705204116316,-1.03868019,1.39644566,1.00056138365564,3205.03237203426,3029.9224467031
"z_b[2,53]",-0.156378498830104,-0.14588566,0.495693479669542,0.458336034492,-0.9647347405,0.637045739,1.00140011507054,4091.3066155256,2543.79949305965
"z_b[1,54]",0.565482325255986,0.55294293,0.704861537659956,0.6766703547639,-0.5951676035,1.727956125,1.00075940047656,2485.38418469237,2824.48452952485
"z_b[2,54]",-0.498345222885058,-0.46960219,0.533035733258303,0.495211135671,-1.411762655,0.326004870999999,1.00114786998997,3199.44873416294,2684.21903177941
"z_b[1,55]",-0.557418724500848,-0.571129015,0.716910992937358,0.695783927958,-1.71805937,0.6497416385,1.00263807131125,1925.81247603716,2490.34337116244
"z_b[2,55]",-1.27291029956091,-1.25770225,0.775005193867576,0.758198697039,-2.5363608,-0.01753499075,1.00033690777528,3162.24451944723,2916.28412035171
"z_b[1,56]",-0.425415941386749,-0.44126879,0.769145314269749,0.759380106849,-1.67861005,0.875496357999999,1.00190993673896,2014.22928089863,2991.76892203321
"z_b[2,56]",0.932048371218925,0.929545985,0.541204645537169,0.513631195287,0.0342391917,1.826689565,1.00046004293183,3646.82956163698,2434.52447638029
"z_b[1,57]",0.198994886357832,0.184760555,0.804991413955447,0.787841200986,-1.122930135,1.53609618,1.00121611942688,2059.05922247556,2432.1534088458
"z_b[2,57]",1.17129643147164,1.16911825,0.667451777842608,0.642441521862,0.07350032505,2.289965865,1.00104870758856,4172.32811810077,2251.67028372573
"z_b[1,58]",-0.273577479973083,-0.2751298,0.968384340647304,0.972919236891,-1.86541712,1.316455515,1.0028808363207,3822.58912205908,2994.36215202957
"z_b[2,58]",-0.767450246174125,-0.72855513,0.706002317510645,0.680702149806,-2.020471645,0.3047656465,1.00023047708659,4613.07685074493,2682.00817239814
"z_b[1,59]",0.262573244852227,0.26542968,0.74379610160936,0.715854232569,-0.977783647,1.524195795,1.00085826401258,4080.87505369609,2721.82831630502
"z_b[2,59]",0.116481057875911,0.133681345,0.487281916461898,0.437336562222,-0.6842491855,0.873645443,1.0056277883403,3962.85757568101,2298.28661826235
"z_b[1,60]",-0.716326044717623,-0.725875185,0.810026207323429,0.791120615817,-2.0037268,0.638658154,1.00080351629724,3320.13418300142,1472.17289954641
"z_b[2,60]",-0.919742647313985,-0.917330685,0.897672306474416,0.881144784639,-2.374863265,0.551961338999999,1.00095832671768,3936.56840892047,2712.40430780133
"z_b[1,61]",0.564031046835437,0.57801066,0.800122922926576,0.7787390777712,-0.7784763135,1.8365131,1.00102311319641,1543.80206836769,2225.87225105438
"z_b[2,61]",1.31346592234018,1.3135196,0.593440164653482,0.56451114363,0.337487833,2.254590925,1.00126972130276,2408.54596831428,2353.90970991586
"z_b[1,62]",0.499664480497578,0.50047492,0.79097092287956,0.7768653708564,-0.8131220225,1.795074425,1.00155789124181,2413.00456057462,2670.755497391
"z_b[2,62]",1.23268291780788,1.23888235,0.663832436156784,0.630229820094,0.1468570345,2.32534217,1.00134215327872,4221.35981101699,2716.25885685448
"z_b[1,63]",-0.585301573805146,-0.58668324,0.69466158603111,0.679564291371,-1.70240065,0.584666533,1.00019497851076,3839.22128510373,2631.91255709577
"z_b[2,63]",-0.0742246314005599,-0.07281901,0.655240902153878,0.632957492748,-1.132957195,0.9819392855,1.00058936460625,4582.05582620545,2674.05456089949
"z_b[1,64]",-1.00153025477135,-0.997150765,0.767124127343607,0.727664431431,-2.261975015,0.2829821475,1.00126641932879,3132.58809282877,2668.59123622777
"z_b[2,64]",-1.07217201938135,-1.05000695,0.838616276403546,0.819138694248,-2.484487745,0.273492439,1.00011032671339,4629.96494169679,2822.35336264367
"z_b[1,65]",0.465726833592527,0.46917923,0.841768203863631,0.848188113717,-0.9259770585,1.82281304,1.00209698247504,1768.07113557175,2623.23573286062
"z_b[2,65]",1.12963427552035,1.1449817,0.662256942328527,0.627211268733,0.03134176575,2.212644385,1.00105555970928,3544.09835417692,2466.07706989821
"z_b[1,66]",0.6410103444297,0.632717415,0.794585422306723,0.76758827712,-0.6612105915,1.971937425,1.00005592983261,4024.25751663329,2709.36783349832
"z_b[2,66]",0.90407422892698,0.90702995,0.81046891883135,0.80707265793,-0.459471715,2.24375031,1.00096470666106,5522.14740334034,3044.97643722957
"z_b[1,67]",0.00495829713991,-0.017796731,0.744975263638948,0.752892560595,-1.19745932,1.25752997,1.00013086719396,3879.90772695551,3128.640337688
"z_b[2,67]",0.0953648555164325,0.10179267,0.649347806561985,0.602384353368,-1.00312653,1.160187695,0.999640911029789,4457.27086956976,2692.50452328503
"z_b[1,68]",-1.27132058933966,-1.2890672,0.769206522998864,0.73385823756,-2.457140035,0.0116082324999998,1.00234476629356,4260.34201459876,1787.45540272931
"z_b[2,68]",-0.981468616998705,-0.981309255,0.913284022527047,0.918720629295,-2.49340165,0.496021234999999,1.00029458962061,4888.46095884648,2772.71215483318
"z_b[1,69]",-0.566383820019665,-0.575125805,0.711343867429315,0.678688452834,-1.73748916,0.623253215,1.00520131961209,1609.41609766479,1823.11627967825
"z_b[2,69]",-1.3147545418508,-1.30847515,0.804429560845735,0.781178567085,-2.638329165,0.0114954770499999,1.00202368598242,3634.72707843891,3039.68292301842
"z_b[1,70]",0.334511770625477,0.32465847,0.803425467442431,0.804295933455,-0.9866490765,1.65320808,0.999855998394966,3373.73281008785,2756.07705654903
"z_b[2,70]",0.737867828400202,0.736002595,0.756045716286106,0.739387394109,-0.501776334,1.96007669,0.999808764485231,4830.51444758431,2959.84379304529
"z_b[1,71]",-0.221996764180092,-0.214725185,0.757494639220684,0.738374177856,-1.44090303,1.04485298,1.00032603257119,3929.98902923932,2624.33339518177
"z_b[2,71]",-0.0849171690346425,-0.0913066735,0.713843461697969,0.711978011934,-1.236760095,1.10992503,1.000318306651,5212.06180960091,3007.88412944165
"z_b[1,72]",-0.302093103415282,-0.310870675,0.6862236612993,0.683676319536,-1.404289715,0.842721800499999,1.00048619114455,3056.57938935132,3112.54613020344
"z_b[2,72]",-0.701776865471877,-0.706501285,0.69535361194536,0.668560241433,-1.83924624,0.4626255275,1.00024322174375,4562.49182810769,2945.9969500865
"z_b[1,73]",0.667337909423433,0.65673693,0.767580206968028,0.75743091039,-0.581215559,1.939205785,1.00037830805566,4054.52099121719,2647.57526233157
"z_b[2,73]",0.73654844288625,0.725809885,0.75128134962004,0.769815416601,-0.4940900805,1.955135245,1.0007148050583,4224.20160871949,2721.44149228974
"z_b[1,74]",0.270393197945367,0.276597,0.796748929099239,0.815718995805,-1.010546755,1.60891524,1.00139817676443,5129.4564842468,2640.04142455795
"z_b[2,74]",0.28689748566572,0.296331975,0.847168263140109,0.856724761431,-1.10844704,1.67833432,0.999912617743077,5663.72752341647,3129.94109678708
"z_b[1,75]",0.12638928581786,0.11858085,0.709173735084183,0.698250722316,-1.023042335,1.3155504,1.00039119847676,3258.42609139118,2850.03014025694
"z_b[2,75]",-0.587114752904918,-0.59447774,0.757152640582803,0.727536179118,-1.820469155,0.665478686,1.00075257926095,4336.21770154046,3001.16805098731
"z_b[1,76]",-0.47233327488169,-0.486674895,0.691485348677316,0.6721118808978,-1.57337295,0.6807965575,1.00054892032731,3941.00525644621,2713.33740390153
"z_b[2,76]",-0.313613815967893,-0.3225259,0.746591698639554,0.697491445791,-1.54296446,0.942176235999999,1.00416803638638,4430.1554469228,2921.14043861411
"z_b[1,77]",-0.71940871279608,-0.73637057,0.85486156850223,0.885591561645,-2.11942479,0.681679745999999,1.0008613353084,2678.47905577507,2925.07055083789
"z_b[2,77]",0.150463370890261,0.151068055,0.650871805776244,0.640314013101,-0.910360779,1.21421875,1.00049237712185,3444.83089907589,2832.2732664538
"z_b[1,78]",-1.42664551130772,-1.448881,0.827636551499621,0.80878765548,-2.766914085,-0.0805158437500003,1.00078461992504,2980.59394685011,1588.21732217595
"z_b[2,78]",-0.944732817672885,-0.95398381,0.916541697091885,0.916461762174,-2.460870235,0.5769968105,1.00067615163477,4084.07023326062,2721.1548400719
"z_b[1,79]",-0.58183959712588,-0.60853366,0.709764455071364,0.682637098479,-1.729285525,0.5902965985,1.0015785108029,2358.0521440908,2434.62410178206
"z_b[2,79]",-1.12410307671716,-1.1298707,0.853700014152787,0.836353429716,-2.516791405,0.2909015,1.00104718893754,4019.76756450303,2754.27366891822
"z_b[1,80]",0.575003383962178,0.59548532,0.757965179755326,0.7470396901968,-0.680509579,1.819716305,1.00006546320527,4483.12861218011,2739.23318169337
"z_b[2,80]",0.461087038930132,0.45909896,0.908844197345253,0.907045347033,-1.04602541,1.931859175,1.00055224592271,5360.49672150891,3038.60680702699
"z_b[1,81]",1.09847970078521,1.09779235,0.751644340206664,0.736255468326,-0.1347299475,2.323068835,1.00072215296626,4226.09661997902,3038.28642994489
"z_b[2,81]",0.6611464102287,0.667130145,0.775462353462148,0.758161565322,-0.6388515235,1.921815355,1.00080833853902,4071.91718892704,2727.09457066989
"z_b[1,82]",1.0160947494225,1.0207483,0.76525224775125,0.73556723058,-0.26813451,2.264545185,1.00251488795958,2201.92984945522,2647.62276082542
"z_b[2,82]",1.10720673467775,1.1192144,0.767936548441039,0.772801195089,-0.154455966,2.365457075,1.00149380029357,3540.84281149463,2600.82772346578
"z_b[1,83]",0.774455445767377,0.777357225,0.751210368251961,0.742009846641,-0.4686515655,1.976867315,0.999551225367692,4694.08110458612,3064.94101871431
"z_b[2,83]",0.406192736272633,0.395581185,0.843766633426336,0.849938122866,-0.955227272,1.794476575,1.00030854561046,5455.02296630381,3256.05290697841
"z_b[1,84]",0.915595286744055,0.91727142,0.762768664188992,0.739742499048,-0.34671072,2.15353208,1.00212719131743,3056.94625516691,2495.44319124797
"z_b[2,84]",0.96380207156411,0.98609435,0.792497244593689,0.807181992267,-0.335102556,2.261573605,1.00094795942318,3601.55310609498,3384.21029493189
"z_b[1,85]",-0.330645088026695,-0.337900775,0.815466495840121,0.798943777107,-1.65970355,1.017879405,1.00129097074988,3418.22469550513,2325.5376945386
"z_b[2,85]",-0.8458083448404,-0.83987582,0.831642803063274,0.824946327555,-2.231618365,0.519807490499999,1.00050156329266,4160.60780325255,2911.21135804983
"z_b[1,86]",-0.175697274147286,-0.169437935,0.753949791196314,0.738843220605,-1.425100115,1.078285305,0.999960679474626,4098.65473713386,3151.79590939566
"z_b[2,86]",-0.902191977175635,-0.920841105,0.923031404428679,0.923349061866,-2.39523026,0.6107087215,0.999920303082927,4322.59552339627,3232.7167844693
"z_b[1,87]",0.43614196073465,0.443280245,0.810327332092239,0.7966844896689,-0.8828311425,1.808009995,1.00109339938465,3238.38192684877,2771.0440262136
"z_b[2,87]",-0.124135709270305,-0.10750371,0.674600365342632,0.649712296044,-1.26620063,0.973841065999999,1.00298078109011,4380.76122380704,2858.00032144238
"b[1,1]",-0.300845552181119,-0.276192885,0.955881280297829,0.854912245866,-1.91404771,1.23204666,1.00341617451349,3266.58316726318,2913.96162922121
"b[2,1]",-1.38086852030515,-1.31602905,0.904450933995419,0.927927441861,-2.91819919,-0.0242625086000006,1.00201066461055,1390.85866938797,1385.04370351739
"b[3,1]",0.295836458239382,0.23445026,0.793171097006875,0.736646948856,-0.928779177,1.666019895,1.00168411888103,3228.60875447382,2716.50800352989
"b[4,1]",0.365402111982275,0.305877965,0.819164247897878,0.777098385168,-0.859182771,1.793265915,1.00278339321633,1808.13201370672,2059.24673721319
"b[5,1]",-0.15193400465328,-0.14069432,0.926573127110871,0.805334316843,-1.72801976,1.37644346,1.00053160426539,4059.60577387571,2821.83059085378
"b[6,1]",0.286531478915088,0.25556461,0.696687184659735,0.650826432879,-0.8233047,1.46834478,1.0009650151638,4675.35280264637,2618.33251728376
"b[7,1]",0.33448883681053,0.232652805,0.808775982492995,0.741957347775,-0.829412046,1.812477515,1.00288766753244,1482.61094236244,2114.99788933944
"b[8,1]",-0.980821500771266,-0.94429557,0.81409811115442,0.782529297228,-2.349228425,0.260164845,1.00160123447859,2146.32464203165,3271.38711979488
"b[9,1]",-0.89508274006905,-0.890011175,0.651680825742833,0.625967619375,-1.99061698,0.14608356,1.00016380573009,3064.47931621243,2901.1449381229
"b[10,1]",0.558811328237614,0.48457553,0.883803639024463,0.8095927524993,-0.773880832,2.150881925,1.00312754225345,3183.09325574826,2685.01657113457
"b[11,1]",0.398758708493868,0.354578975,0.949186915766739,0.837037775637,-1.14270974,1.9946837,1.00188463416659,2914.78410148854,2630.7902592618
"b[12,1]",-0.0911292337483825,-0.0993797015,0.958047106799891,0.8456736293061,-1.653386405,1.44004004,1.00103912998705,4253.58005074611,3298.29846568047
"b[13,1]",0.177201388188498,0.098293051,0.81262239027054,0.7403772757206,-1.014430835,1.613238,1.00204565569341,1623.35117757125,3140.60852344858
"b[14,1]",-0.372050475724115,-0.35365769,0.951758694399173,0.855412779039,-1.96921534,1.175185385,1.00157047024744,3722.60297117779,2503.66908052047
"b[15,1]",-0.295721680528417,-0.264019965,0.964578374480692,0.866264825412,-1.89117925,1.25704806,1.00106349545873,3912.00447560839,2659.58247948201
"b[16,1]",-0.872476767972871,-0.791326545,0.896242497480713,0.921610854213,-2.508799955,0.425851673,1.00363114459587,1164.82508928918,2541.25441123219
"b[17,1]",0.439165183866515,0.38346351,0.736670434588868,0.685929397104,-0.7156224795,1.729501825,1.00037738946441,3502.75242904687,3185.09834456161
"b[18,1]",0.132499167706863,0.086730431,0.755968542220858,0.699322123206,-1.064377515,1.441626985,1.0013865334293,3503.90982154295,2758.35818777895
"b[19,1]",0.159465452905227,0.10514116,0.76707373942899,0.720822736515,-1.00360184,1.48235756,1.00407577134103,1356.04081816262,2725.95337801205
"b[20,1]",0.681118171886833,0.581395055,0.871457388598459,0.817215265377,-0.5684092415,2.24513733,1.00181164187689,1907.64619158979,2398.29910792942
"b[21,1]",0.624778606843185,0.51455865,0.91392528877988,0.8387870323665,-0.6870442545,2.28150426,1.00129352797421,1588.7776131334,2672.5742430231
"b[22,1]",-0.71752270456841,-0.6525632,0.91160978782314,0.8704078754994,-2.27893863,0.693690315999999,1.00226290640117,3614.22426453627,2419.04473994886
"b[23,1]",-0.614531843352629,-0.45643503,1.08027558011964,1.001705680185,-2.57737578,0.8849682745,1.00256136645518,1350.49563326596,2532.82687806386
"b[24,1]",0.625472553005547,0.54128978,0.758486465649934,0.7282109963688,-0.463729193,1.999833045,1.00095812262488,2316.81753347855,3065.29755104084
"b[25,1]",-0.119351022449563,-0.14908121,0.701984101078245,0.637990363773,-1.21226397,1.103340125,1.00227193146412,2584.93379770085,2788.88858640148
"b[26,1]",0.604552435472342,0.54328679,0.952134945870677,0.8541620072706,-0.8727978325,2.28338099,1.00087135417064,3314.64360382035,2721.89055874131
"b[27,1]",0.288341375733032,0.28953424,0.908984184833215,0.820850941575,-1.23532884,1.76990839,1.00146851775024,3477.92454679717,2868.97221345267
"b[28,1]",0.806617907777603,0.73423718,0.7601628602903,0.759119569551,-0.27605544,2.17576417,1.00248132109492,1525.1466175634,3131.25856937
"b[29,1]",-0.131980526975773,-0.151840685,0.703710996582,0.682419667776,-1.251840785,1.0274309,1.0012403280671,2642.7283964527,2808.46425826427
"b[30,1]",0.842531261007633,0.72394354,0.925281956923506,0.868193865924,-0.4652984705,2.532793725,1.00155296722415,1575.89660100095,2645.34659764084
"b[31,1]",-0.20627073328362,-0.19202695,0.82744408746217,0.772097123175,-1.59279702,1.17452851,1.001172517078,4182.96515019543,2932.1107061395
"b[32,1]",-0.456087688042708,-0.42851136,0.660615577481083,0.636151846339548,-1.559466775,0.596171381,1.00133759512674,3216.01349020397,3303.72952439711
"b[33,1]",-0.842612651924805,-0.79288308,0.770926755920999,0.729984011022,-2.184662515,0.343185074999999,1.00058157139914,2747.28346729426,2878.49490448038
"b[34,1]",0.113172974189347,0.085596813,0.629651076108524,0.5932842687282,-0.9032385005,1.175850465,1.00073034625926,3689.31315292398,3123.36481793048
"b[35,1]",0.546426024962377,0.49487279,0.673447332409116,0.652567672449,-0.4926208985,1.739772225,0.999977040430068,3436.64610320303,3218.24543444085
"b[36,1]",0.37497413413752,0.37357718,0.723198692205473,0.6932499214116,-0.7913408225,1.57174402,1.00029727400557,2288.06285299238,2613.62579743662
"b[37,1]",0.68890967915036,0.639608385,0.743643030721025,0.731475795729,-0.46522777,1.97203938,1.00104563291674,2298.76139529121,2924.77709431824
"b[38,1]",0.40120348634847,0.354994035,0.847066355484545,0.766629605721,-0.9445047365,1.86384854,1.00155028841839,3900.16046329386,3175.21416416265
"b[39,1]",0.277577094073788,0.223465355,0.685755987435834,0.637558452741,-0.7659940735,1.45104072,1.00136340095981,2877.16464085432,2686.57133470183
"b[40,1]",-0.820889829289153,-0.785273655,0.78333753722967,0.817273879968,-2.126435905,0.376193367999999,1.00093213629851,1514.89684909767,2743.74934763027
"b[41,1]",0.579038733906319,0.550546905,0.67595443792467,0.653710386399,-0.4883681555,1.78306033,1.00093447984278,3242.01238264593,3161.02179463933
"b[42,1]",-0.307206748831149,-0.308097025,0.68799407304344,0.668281023375,-1.412976445,0.805576792499999,1.00212410549228,2612.56765434691,3109.83683839778
"b[43,1]",0.883035042393918,0.82440728,0.745542641776678,0.728830533396,-0.2270007235,2.229210165,1.0023108857313,2789.78974310127,3050.27028775518
"b[44,1]",0.729473202193925,0.64923616,0.886994718030245,0.857697094989,-0.561237908,2.340680645,1.00169880456487,2033.75492425098,2455.54726604534
"b[45,1]",0.295111215830068,0.237163575,0.683301441542235,0.642727174404,-0.7582108465,1.501851445,1.00114462427685,2409.59921751311,2784.00293323514
"b[46,1]",-0.371126741234138,-0.32537738,0.705771521904768,0.66907743903,-1.571972,0.7360332295,1.00097203532491,2222.84435319658,3613.83015679527
"b[47,1]",0.300521713133112,0.27290355,0.706303129357541,0.651088423125,-0.853067973,1.52420713,1.00115714650041,3417.63990056285,2390.6282343402
"b[48,1]",-0.340983114710667,-0.29687714,0.701092548921229,0.682211177151,-1.557985345,0.737245598,1.00168759255842,1743.50032751439,3364.87783089236
"b[49,1]",-0.480311379564098,-0.44591488,0.680580085384764,0.6811862980251,-1.624014755,0.579560643,1.00022742914369,2415.03135234395,3344.55061386503
"b[50,1]",-1.15115187878081,-1.10376675,0.867402680050172,0.888150521832,-2.706129515,0.107812035,1.00109635259864,1162.11623599404,2979.99928906106
"b[51,1]",-0.935115883940573,-0.83680098,0.920828263583243,0.903408418038,-2.61130004,0.3853421615,1.00419869449436,1166.25295298012,2428.16978796757
"b[52,1]",0.384394990309796,0.349883175,0.680030211184188,0.6506682809718,-0.679347807,1.580985985,1.00101734669758,3680.18885272543,3090.69371518118
"b[53,1]",0.166723982116087,0.128162455,0.717377751483929,0.640846051524,-0.9741925295,1.38360305,1.00075734101521,2917.63743088008,3057.05682836645
"b[54,1]",0.57593857126675,0.51372494,0.709319753363932,0.684649735392,-0.4700606485,1.8507203,1.00162859592597,1741.48906787188,2947.4832754031
"b[55,1]",-0.518976067585947,-0.524648925,0.673886894687903,0.6570190870278,-1.62331979,0.5918306815,1.00080712779683,3164.78408161831,2461.1030266059
"b[56,1]",-0.447395691644707,-0.405059475,0.754318958126081,0.733034290023,-1.74823922,0.7090709025,1.00282498094503,1571.04538360918,2276.2289697677
"b[57,1]",0.163152040030182,0.160825025,0.76157623725621,0.716586399753,-1.127186965,1.40077045,1.00114434530224,2470.08450048841,2768.68887469219
"b[58,1]",-0.244129824194507,-0.230984545,0.979224513705797,0.860804365134,-1.8500977,1.40718176,1.00277139293535,4467.51749639124,2707.88556004084
"b[59,1]",0.261033121555095,0.23145833,0.716158266641455,0.668897206761,-0.9004910705,1.509960275,1.00021218041586,3702.12679079187,2775.87035065628
"b[60,1]",-0.697482505196995,-0.66518274,0.802270985953587,0.762287218581,-2.07671966,0.573209832499999,1.00151783737766,3809.52249822613,2933.8912522301
"b[61,1]",0.52425316411208,0.511328635,0.759515594394306,0.7252943663448,-0.736549835,1.783656445,1.00008635099864,2414.66504024398,2656.62437935333
"b[62,1]",0.464242336436505,0.438339645,0.757722102146192,0.7095621219057,-0.7798942625,1.7265044,1.00090921730027,3615.74930604883,3126.7436609173
"b[63,1]",-0.579223379008971,-0.536865045,0.683975068910915,0.6789520376163,-1.779868,0.472541059499999,1.0007450304736,2670.80889443101,2802.70500393996
"b[64,1]",-0.975330342339278,-0.93826557,0.780843387639758,0.760384434915,-2.30632312,0.205419980499998,1.00148370205928,2508.01731976528,2688.99480138624
"b[65,1]",0.431476226492833,0.40503335,0.82372010344256,0.769625199021,-0.8958230885,1.82535521,1.00274449407461,2798.14606385304,2727.96694017902
"b[66,1]",0.612105567838898,0.5723658,0.766522713130631,0.7408786613886,-0.5796908625,1.905348125,0.999902560734661,4282.07549747517,3328.04648039722
"b[67,1]",-0.0010215983313,-0.0164163535,0.718928164080574,0.68432153223,-1.186970265,1.2203777,1.00066142905537,3927.20473679631,2972.87133194563
"b[68,1]",-1.24024471408908,-1.2041172,0.803615784599422,0.813544199517,-2.63026717,0.0102859971499999,1.00236296495229,2160.33367785611,2102.18214797133
"b[69,1]",-0.522008879976482,-0.526763735,0.664685221086116,0.6371301992832,-1.60368551,0.5938283445,1.0021025287636,2583.18907529673,2529.56873497531
"b[70,1]",0.316200233344977,0.296385375,0.77825023450202,0.716829249633,-0.932103456,1.63965518,1.00021453745565,3818.21259077317,3072.98206328583
"b[71,1]",-0.221581276128716,-0.1928898,0.720805522473971,0.679466358228,-1.412835035,0.959496892,1.00015331157123,3881.02941005401,2868.41393583289
"b[72,1]",-0.280349154024501,-0.274575445,0.651724197525579,0.618292473456,-1.364903945,0.8015173535,1.00047543779727,3749.74780357605,3586.56404893133
"b[73,1]",0.645192363836874,0.607972335,0.756289372344038,0.728746136391,-0.5122740875,1.96772811,1.00021422891403,4059.88482110298,2786.74217679004
"b[74,1]",0.257195927265047,0.24130564,0.776543824796303,0.725199023304,-0.962806251,1.60033719,1.00081025047343,4977.22985055954,2911.44262781878
"b[75,1]",0.13818412099961,0.10733642,0.691459178870026,0.636523071618,-0.9201686815,1.344244725,1.00069326116836,3276.02741160766,2980.42303790114
"b[76,1]",-0.462826874275233,-0.430450575,0.667035367085501,0.649490209977,-1.579893905,0.600024946,1.00051071305468,3591.68887253228,3130.37377091991
"b[77,1]",-0.747696202809462,-0.663018215,0.909847304015625,0.8818499677617,-2.367450765,0.563878387,1.00160563610253,1716.53091416569,3013.36136867719
"b[78,1]",-1.41392910928287,-1.3650068,0.925395099014767,0.920276892276,-3.03964601,-0.0515401889500003,1.00136574296705,1665.77880463239,1196.59195518397
"b[79,1]",-0.547621160818281,-0.54019533,0.663290989277337,0.649718063358,-1.642283195,0.52796897,1.00024114958502,2981.53879966811,3061.74275800376
"b[80,1]",0.559199758029858,0.54478632,0.743517355545683,0.7252854744513,-0.59944845,1.835670915,1.00022833632248,4548.67827123638,3029.90037820779
"b[81,1]",1.0759895051753,1.0371998,0.78592058988452,0.78535857246,-0.09900290965,2.47321927,1.00074294999984,2501.82141213428,3276.76120436022
"b[82,1]",0.985242589358155,0.92849929,0.791952802482292,0.777480547557,-0.1998656775,2.36811215,1.00139531080721,2420.51612005125,3101.6934823157
"b[83,1]",0.756282912332508,0.71547249,0.750310627123016,0.74587893597,-0.4037151075,2.05574423,1.00027779797137,3443.52797173221,3121.58023928596
"b[84,1]",0.888487077801827,0.836796,0.775004115791807,0.756759529806,-0.2845440365,2.21261335,1.00159610580398,2929.56121657405,2624.67185317258
"b[85,1]",-0.307986564532634,-0.30321474,0.777587116387622,0.722073391158,-1.584137425,0.972890201,1.0022195890257,4042.7564028454,2399.77369317922
"b[86,1]",-0.14342893296736,-0.148864875,0.702932188262214,0.660942575916,-1.28723787,1.031520785,1.00005393976508,4867.42301189608,3393.64314562289
"b[87,1]",0.450604544093313,0.37091364,0.819806513852782,0.75250815948,-0.8012459815,1.88844379,1.00134432834171,2572.62272220222,2724.59447620082
"b[1,2]",-2.12911234146439,-1.9503477,1.50255282034921,1.36305959286,-4.904918395,0.00410348380999863,1.00023124807962,3696.07563480755,2319.15135651726
"b[2,2]",-0.792251626624973,-0.72451788,1.22070939460011,1.1982927922203,-2.88772784,1.096100815,1.00168315199059,1758.47168034415,2027.0587684806
"b[3,2]",-0.333075789427377,-0.281768075,0.884292305958503,0.861288715728,-1.850971735,1.0458759,1.0006397742752,3537.07953852558,2779.93313761663
"b[4,2]",-1.42268369782568,-1.33846535,1.41152627261682,1.38695176599,-3.86572507,0.746307714999996,1.00134291425048,2218.65843638176,2622.6380220384
"b[5,2]",-0.744630771149028,-0.728839255,0.874979513799432,0.846605601303,-2.23681472,0.633082248999999,1.00071923161076,3210.57340088856,2796.98970992693
"b[6,2]",0.424036771573607,0.401923185,1.54405480932598,1.477538047776,-2.04463919,2.98366165,1.0010068430834,4929.19469649622,2993.99116426711
"b[7,2]",-2.23309744960383,-2.1308591,1.19349964935027,1.1382453936,-4.33540877,-0.467072597,1.00327378650229,2402.46701843178,2679.51269262349
"b[8,2]",-2.63454108989465,-2.5584948,1.44316380632778,1.39233093531,-5.18717453,-0.391231237,1.00012545006371,2845.50663577314,2840.50441169225
"b[9,2]",-3.270377873466,-3.1587617,1.64561868765296,1.5760920147,-6.105953285,-0.778582897,1.0003378603073,3292.57134686601,2745.59133602337
"b[10,2]",1.21726032070381,1.2456558,0.72079684957078,0.706884895458,-0.00029017852199998,2.35294392,1.00114282208068,2923.90134591152,2960.24617985359
"b[11,2]",2.49568874781175,2.4829928,0.789127966505486,0.74795346402,1.193451105,3.811769555,1.001496942167,2544.8054520155,3075.10967012828
"b[12,2]",-0.422800299919801,-0.42153203,0.730138913638229,0.7157288083155,-1.611467465,0.781159493,1.00013236318175,2806.82830373436,2825.04589758086
"b[13,2]",-2.24404822480363,-2.10184235,1.29804013855447,1.25457137568,-4.542873005,-0.3915488115,1.00202750363227,2192.98705784685,2720.73198444988
"b[14,2]",-2.31053467882092,-2.1241188,1.42314115156253,1.31174235906,-4.904342935,-0.3121920725,1.00054017736563,3587.16995182662,3090.42140382442
"b[15,2]",-2.04762865641523,-1.9094157,1.49644243397385,1.413324603201,-4.780806955,0.0963084277999997,1.00126755101549,3286.34349433141,2763.87150624807
"b[16,2]",1.21548832497555,1.1836411,0.965624836161152,0.961840152567,-0.301806345,2.87043536,1.00252515059214,1457.77202874475,2103.32963957719
"b[17,2]",0.89289361986355,0.9011268,0.733900951124267,0.710965900218,-0.319584644,2.08599468,0.999998166648816,2808.19207040276,2908.92581535313
"b[18,2]",-0.017762380689445,-0.0229358255,0.725284584172799,0.717302154555,-1.226669605,1.159581935,1.00089528713085,3158.30466141439,3246.64855825065
"b[19,2]",-2.1342027420817,-2.00508135,1.25960776165152,1.20158013822,-4.402693965,-0.247270645,1.00199466547225,2502.48506889703,2605.69412936771
"b[20,2]",-0.678156933532175,-0.615713165,1.0130047795629,0.9879069981879,-2.480326795,0.854695051499999,1.00083460720591,2648.70479243616,2791.0890041436
"b[21,2]",-0.64183669378396,-0.568894535,0.972707092392751,0.9454642588356,-2.39620158,0.829171033499999,1.00063655117973,2697.10905048537,3217.90316435604
"b[22,2]",-2.53741360252572,-2.43220495,1.66231047516551,1.65265822302,-5.363392415,-0.0283396783500025,1.00130811571975,3805.56128909512,2852.9607950093
"b[23,2]",2.319204978635,2.28132645,0.682441645258249,0.68826102282,1.27712888,3.50674547,1.00137169712573,1216.16200825524,2550.49063451525
"b[24,2]",-0.497266492698658,-0.45796076,0.906050042164541,0.887155652754,-2.05364913,0.9359849185,1.00115642898549,3324.35726008288,3170.03345363944
"b[25,2]",-2.34960922340275,-2.29640625,1.63015399115545,1.56806336505,-5.13955624,0.168952411,1.00217468191311,2947.61719401523,2610.80285733196
"b[26,2]",1.84046976369275,1.8480949,0.690522938039637,0.66222308271,0.6920194035,2.947905135,1.00094490432501,2701.0068614095,3183.64876068041
"b[27,2]",2.44826949288415,2.435785,0.699979894977921,0.69415369065,1.331253715,3.610742805,1.00398467831235,2775.91168583547,2878.06879150032
"b[28,2]",-0.611724125454525,-0.57868109,0.920815563922486,0.910378980546,-2.187072565,0.818913186499999,1.00135065201322,2296.54849194351,2982.57157904115
"b[29,2]",-2.4869979617588,-2.37903545,1.44755993308057,1.39212537282,-5.008277455,-0.3307249025,1.00094295393553,3356.09783427308,2868.20638890708
"b[30,2]",-0.385264425023215,-0.320732585,0.873409577976877,0.843441710664,-1.916965455,0.944198363999999,1.00146785253969,2166.35186476241,3174.45385486557
"b[31,2]",-1.90136380965695,-1.7928078,1.52593469419029,1.46378106168,-4.564786125,0.336167225,1.00317053385817,3913.16225514471,2457.72080570526
"b[32,2]",0.106821944129535,0.09469421,0.831508701825627,0.830027768556,-1.233905925,1.49185366,1.0009086710705,3132.18661261883,3181.45650674354
"b[33,2]",-2.9040167079656,-2.7894078,1.71932355402211,1.63278982629,-5.955728495,-0.3433235195,0.999778038148191,3190.32165453159,2421.76739233754
"b[34,2]",-0.0753583660310875,-0.0521470985,0.973585482926463,0.9673495705209,-1.6833067,1.52413807,1.00106547516418,3766.64534556904,3455.24067417152
"b[35,2]",0.0661258264478575,0.082160029,0.82979758322103,0.8033833353336,-1.355533805,1.435449295,1.0000290573008,3558.97623540763,3378.93714346043
"b[36,2]",3.16007360765175,3.1455623,0.883792059159339,0.9007951428,1.75572793,4.63749766,1.00070988392664,2774.700011071,2997.02530065024
"b[37,2]",0.447031433135075,0.463659875,0.879237918901623,0.899215336131,-1.00657708,1.857685095,1.00120455052413,2383.02767748805,3029.42315208414
"b[38,2]",1.4176263326927,1.40310785,1.16104106218445,1.135106306859,-0.49347038,3.302673465,1.00106511416842,3888.45662616418,3368.62049291885
"b[39,2]",-1.30923252733615,-1.2473118,1.37022094297265,1.344575885226,-3.69772271,0.7765399335,1.00056678532698,3273.82589846765,2376.18316429713
"b[40,2]",1.53903631180759,1.5141822,0.879205392209349,0.884235887031,0.1437274855,3.06304844,1.00183853144994,1806.54504564752,2983.34039712864
"b[41,2]",1.63964222453187,1.60691155,1.60422542856779,1.61933093175,-0.9459513175,4.296374665,1.00048466736908,4310.59289652406,2867.20833477215
"b[42,2]",-2.52585314000647,-2.470582,1.70143633914736,1.67824367361,-5.40739531,0.127748877999999,1.00011721989327,2993.5642203656,2738.28889848839
"b[43,2]",1.30471155679373,1.324024,0.770569811279715,0.768026125965,0.0217207349,2.56261225,1.00159464946592,2566.24339630033,3263.43067254001
"b[44,2]",-0.407280240292995,-0.344641305,0.972855940880293,0.918649027128,-2.111225475,1.09343093,1.00097609581416,2502.11427989788,2592.93015321119
"b[45,2]",-1.30098108618813,-1.23867285,1.23253418719621,1.19612921106,-3.418012795,0.614665819999998,1.00056622016844,3486.51763490535,3391.9084327489
"b[46,2]",1.36401459998889,1.3499998,0.946220308063108,0.934711196769,-0.16126243,2.966530285,1.00129467799227,2722.76764300967,3392.7470319568
"b[47,2]",0.97491574685557,0.989352505,0.865898749034851,0.816736607967,-0.500324369,2.385656505,1.00073677870417,3396.27728350092,2724.06116781754
"b[48,2]",1.97489703017577,1.9465287,0.993366797708965,0.98219944557,0.3913326935,3.69943488,1.00267018079994,2618.89456530598,3159.89387274706
"b[49,2]",1.51095283282385,1.48189235,0.958266534957728,0.91798277634,-0.00826422278499996,3.1365471,1.00139446067262,2914.06373176814,3259.43942097772
"b[50,2]",0.835539335646522,0.797465575,1.21105167379464,1.224835794105,-1.1213887,2.84267137,1.0009759024575,1659.2353210319,2784.79190961713
"b[51,2]",1.60157710211972,1.5251222,0.946061012456145,0.91681152234,0.1522787225,3.26982096,1.00342507042332,1381.10206026017,2711.0537621499
"b[52,2]",0.403156114182438,0.42641536,1.06501953623147,1.048358698863,-1.37017694,2.14445146,0.999634122630478,3877.44712536877,3242.57112697599
"b[53,2]",-0.371693182901188,-0.33543739,0.988866871791147,0.954590305284,-2.0663656,1.20387507,1.00056674940126,3551.71336481434,2992.85622713199
"b[54,2]",-1.10493767990913,-1.02466845,1.09627728001853,1.057080560382,-2.97363944,0.5952348225,1.0008989371646,2459.91247509029,2640.08462333759
"b[55,2]",-2.87262776264892,-2.75550255,1.74963606947433,1.66873049658,-5.9321454,-0.1856139055,1.00011097525048,2797.1451353749,2516.14479559088
"b[56,2]",2.08192432960705,2.0845812,1.11613487384512,1.11754170003,0.263219562,3.96722933,1.00161080288276,2347.4175596296,2802.58969329202
"b[57,2]",2.637671049361,2.56309855,1.40445340949051,1.41493947336,0.389232267,5.03467358,1.00054329398212,3530.06618579578,2735.5968291217
"b[58,2]",-1.74839537498422,-1.62901675,1.54110024979737,1.497336858675,-4.43670428,0.548524793,1.00097883808923,3970.25886514612,2517.89256099343
"b[59,2]",0.26487144333724,0.28816439,0.950425810275389,0.939141531741,-1.321646895,1.784500825,1.00102612803889,3949.22290428396,3062.1304167326
"b[60,2]",-2.0882671811525,-2.03052515,2.02540266271568,1.960377916854,-5.507444165,1.12123646,1.00253150561107,3522.69287990648,2706.14354580098
"b[61,2]",2.92521229820708,2.89469125,1.20454451922511,1.20892642122,1.01792811,4.959303065,1.00017167766549,3334.35139827085,3096.73904679751
"b[62,2]",2.75591208536155,2.73610935,1.40784543048789,1.41759718212,0.567446698,5.064315195,1.00125244604017,3826.05099764123,3162.56928133857
"b[63,2]",-0.158217364388315,-0.151183865,1.36134707869621,1.336740596268,-2.425524955,2.043150265,1.00137260632748,4038.55451479023,3108.95473131566
"b[64,2]",-2.41454452615909,-2.2824311,1.90294994355881,1.85808297948,-5.76591265,0.407094579499999,1.00036065629934,3659.76242331694,2624.54323654727
"b[65,2]",2.54548751732777,2.54360505,1.35869402047372,1.35470336274,0.356789786,4.830756395,1.00067437544943,4155.3516675946,3421.00313019901
"b[66,2]",2.0371122592662,1.95635965,1.79137106671051,1.75480899237,-0.81796859,5.002723705,1.00203238835135,4460.46309318728,3010.34383117633
"b[67,2]",0.21097054603525,0.247715105,1.34066952352966,1.300689079389,-2.074176845,2.371822595,1.00069121313291,4207.83099092444,3300.59690926174
"b[68,2]",-2.21282351460246,-2.14405985,2.1216477799692,2.08330274397,-5.787800745,1.15113496,1.00198251545431,2636.22687089953,2647.63452120291
"b[69,2]",-2.9689055646192,-2.89496385,1.79917929703998,1.65672721872,-6.06096694,-0.111739617500001,1.0013499826708,3078.41557785327,2270.56687399523
"b[70,2]",1.66664753819113,1.62543505,1.63117197121168,1.610421610287,-0.9736153075,4.35258772,0.999439684443812,3834.48529782862,3143.74051719497
"b[71,2]",-0.173654603913525,-0.19422479,1.53083339252833,1.501195673586,-2.66885144,2.374613095,1.0011455775298,4421.69038698363,2542.18537159368
"b[72,2]",-1.57070522039648,-1.55211675,1.48359353738004,1.427223014511,-4.04183502,0.856937374,1.00054073557979,3939.16795070942,3042.99752858524
"b[73,2]",1.65483309902522,1.63209845,1.61498328187624,1.636312120653,-0.9433100995,4.352557805,1.0000875931743,4311.73488832333,3334.80524812372
"b[74,2]",0.654372685395402,0.641532905,1.86920735028681,1.844794265181,-2.38559896,3.779496185,1.00041738638665,5083.36565553457,3230.8333010594
"b[75,2]",-1.33170642628772,-1.2944742,1.6601758941999,1.583394901998,-4.191738385,1.325765225,1.00008290213624,3679.29123845757,2778.49450718438
"b[76,2]",-0.698655550644948,-0.691375055,1.59627555264846,1.487938716579,-3.34784608,1.96627903,1.00309832328073,4077.80676450159,2913.85029010526
"b[77,2]",0.378630590137792,0.344358435,1.37493808041965,1.34494770648,-1.81526109,2.74363815,1.00278635701523,2345.70319364462,3084.33725943971
"b[78,2]",-2.12827644127823,-2.1106765,2.15726510380787,2.0873918289,-5.666364365,1.36345220499999,1.00224640182599,2400.43242549235,2778.50341985626
"b[79,2]",-2.5464025795331,-2.46240295,1.93117410580993,1.92331960338,-5.767782375,0.4832691715,1.00138190527848,3460.28557745749,2268.57393659755
"b[80,2]",1.04312466374492,0.98308611,2.03365812805011,1.942559021886,-2.278796785,4.352230865,1.00045727107125,4617.72595861017,3103.80903907484
"b[81,2]",1.46342716380216,1.4635509,1.66224218998469,1.66854576462,-1.255631465,4.110716485,1.00031434647027,3425.52626499811,3170.43066294376
"b[82,2]",2.48451028235662,2.46920285,1.72045327472527,1.73552503656,-0.317968287,5.31599249,1.00173389265886,3195.12647033083,3070.04224899366
"b[83,2]",0.90360507532196,0.896887955,1.86780553790419,1.789970845467,-2.13872534,3.95528176,1.0006999746246,4333.67939206545,2907.28575638211
"b[84,2]",2.17546521372122,2.21454955,1.77206239767379,1.75771362816,-0.751236302,5.0604872,1.0006112182109,3506.4129914071,3191.32232999267
"b[85,2]",-1.92565750646773,-1.85818875,1.84665721262918,1.77827373192,-5.11813046,0.996324251999998,1.0008604717304,3435.08068781539,2876.85807716063
"b[86,2]",-2.05709997729147,-1.9822456,2.04400726187577,2.019695445579,-5.48907843,1.16311581,1.00060918804038,3543.5678341252,3275.76466499534
"b[87,2]",-0.30552939941371,-0.23896106,1.43983031593598,1.397408625333,-2.729446595,1.9894102,1.00033726726926,3259.37686494666,3179.45854460962
"Omega_b[1,1]",1,1,0,0,1,1,NA,NA,NA
"Omega_b[2,1]",0.026158999837059,0.00135706765,0.26749769496382,0.269351377239,-0.367571048,0.522871532,1.01896128151585,191.051738792577,858.138475174021
"Omega_b[1,2]",0.026158999837059,0.00135706765,0.26749769496382,0.269351377239,-0.367571048,0.522871532,1.01896128151585,191.051738792577,858.138475174021
"Omega_b[2,2]",1,1,0,0,1,1,NA,NA,NA
"log_lik_y[1]",-0.116313694014639,-0.060015622,0.148836968613108,0.08456095194582,-0.421558084,-0.0001202758435,1.00053352693729,4830.26357941669,2437.65177705831
"log_lik_y[2]",-0.0378235029762306,-0.0066978156,0.0738031730677617,0.00992740624363194,-0.1823213765,-9.97674981500002e-08,1.00087647399702,4757.40372535021,2489.44379051375
"log_lik_y[3]",-0.0196686435286029,-0.00106942295,0.0504093340065353,0.00158552548740094,-0.107354972,-1.70785357e-10,1.00037280627454,4643.89140129326,2476.08290548007
"log_lik_y[4]",-0.0158617201805052,-0.000500320005,0.045092981312031,0.00074177440892124,-0.0860753328,-9.70540440500017e-12,1.0002975279033,4575.21152555207,2425.01002144582
"log_lik_y[5]",-0.0136134423362226,-0.00026313852,0.0420055722539948,0.000390129168561068,-0.07478782885,-1.242496625e-12,1.00019502328244,4514.75923740399,2395.02788364
"log_lik_y[6]",-0.0119839320300811,-0.000146478305,0.0399155295282093,0.00021716873492483,-0.0649342663,-1.34475484500001e-13,1.00021021233268,4458.13197821907,2380.52923878618
"log_lik_y[7]",-0.0106212768520763,-7.25268275e-05,0.0384435536995423,0.000107528274450499,-0.05598552215,-9.09770722500004e-15,1.00026392820516,4388.05524611873,2395.14618277599
"log_lik_y[8]",-0.00979126553056933,-4.1887171e-05,0.0378505558963793,6.21019197245568e-05,-0.05108069445,-1.10773182500002e-15,1.00030871720581,4328.17324047986,2412.44324136344
"log_lik_y[9]",-1.4610729814775,-1.41626805,0.549673664045699,0.54608331519,-2.428665,-0.6460634885,1.00113874143107,1864.64013480634,2541.00708796259
"log_lik_y[10]",-1.0444132012575,-1.00294775,0.41492190970381,0.40799758356,-1.788634085,-0.4360572905,1.00071498913593,2335.93032534672,3163.37137398785
"log_lik_y[11]",-3.555766148125,-3.37327135,1.02077181411883,0.91009690107,-5.473007195,-2.249137155,1.00135922496905,5051.88850754548,2736.98466870946
"log_lik_y[12]",-0.210914101908143,-0.172040425,0.166442842274787,0.1486571781618,-0.539908662,-0.019912828,1.00115473614321,5422.25437871384,2735.82681783778
"log_lik_y[13]",-0.0764681224601375,-0.0354807775,0.101969554751943,0.04867396304358,-0.292871523,-0.000384896575500001,1.00051891773604,4366.51643151566,2957.64540374455
"log_lik_y[14]",-0.0572014807200946,-0.018933937,0.0912077333723992,0.027303258356409,-0.2450321075,-5.728366135e-05,1.00020532309173,4019.20677354944,2855.90296163736
"log_lik_y[15]",-0.0519748993815589,-0.0146685345,0.0886675469247643,0.021407814543234,-0.2325331895,-2.60496378500001e-05,1.00027260624876,3909.73824430365,2901.56976033486
"log_lik_y[16]",-0.0440130820281268,-0.00879355645,0.0862628260189035,0.0129730305212634,-0.208543981,-4.32836548500004e-06,1.00035830838185,3696.26722689833,2912.41649209331
"log_lik_y[17]",-0.0416665590324002,-0.00708396655,0.0864697280880381,0.0104730431206821,-0.2022780105,-2.02962218000001e-06,1.00039954864823,3609.60070666505,2898.19627821396
"log_lik_y[18]",-2.4406360208,-2.3908098,0.430801871062972,0.42191719605,-3.22449427,-1.814653765,1.00123214962357,4440.54860822908,3480.91313193052
"log_lik_y[19]",-1.049141020225,-1.0092147,0.367035693360448,0.36492664509,-1.70823363,-0.517017611,1.00294939207218,6007.65349288564,3230.16164049092
"log_lik_y[20]",-3.4538944459,-3.28194965,0.984208015055835,0.88616499426,-5.26817085,-2.163695615,1.00177627778237,6413.83422504702,3018.51263366244
"log_lik_y[21]",-0.319207032901035,-0.25851553,0.253585340898303,0.215432002527,-0.824331662,-0.03550274915,1.00098975388399,5945.15040176733,2977.4792010506
"log_lik_y[22]",-0.272133867931881,-0.206051695,0.244913161969089,0.1941912141267,-0.7563872135,-0.0191346598,1.00103977505704,5680.89745257879,3050.66073331498
"log_lik_y[23]",-0.229466572347957,-0.154561155,0.238820468403488,0.1679238283233,-0.708903788,-0.00876423686500001,1.00067803492256,5379.35482520135,3103.07824236439
"log_lik_y[24]",-1.592860562675,-1.5723369,0.1099748246943,0.09045542751,-1.80177652,-1.45663659,1.00093140113859,2624.3469697557,3166.00186165232
"log_lik_y[25]",-1.721230497275,-1.6720595,0.206592760742383,0.16636009971,-2.1164311,-1.4901333,0.999625250812003,3782.14145817793,3273.49269164558
"log_lik_y[26]",-0.78112716377525,-0.729221335,0.368640589531714,0.345595994793,-1.467380345,-0.277068006,0.999885566534281,4623.73423242886,2795.42244606678
"log_lik_y[27]",-0.50502152060515,-0.42994904,0.343130585264495,0.293811630798,-1.149891875,-0.0933777262500002,0.999886525426906,4061.65739518044,2925.86840309313
"log_lik_y[28]",-0.27266390876335,-0.24068939,0.173061511867921,0.160018048407,-0.592928176,-0.05374535,1.00056634292268,5454.36810453411,3028.76806950409
"log_lik_y[29]",-0.221010746189678,-0.18894213,0.155117524060683,0.1400276996727,-0.515660791,-0.0349052607500001,1.0003386798772,5402.24559165242,2888.87852330777
"log_lik_y[30]",-3.015052223775,-2.8205395,0.938760108393003,0.79178682954,-4.79081443,-1.881550495,1.00036775190848,5309.3333431738,2933.54287403203
"log_lik_y[31]",-0.138327008756785,-0.10450357,0.123205497391934,0.0968342784276,-0.3788589,-0.01081035255,1.00039164376442,5201.96619745097,3026.33749974266
"log_lik_y[32]",-0.115923728054225,-0.082215095,0.113715251562583,0.083206247397,-0.3421048495,-0.006407780475,1.00046454391559,5108.18473320658,2865.26085540281
"log_lik_y[33]",-0.0992270222740992,-0.065281594,0.106452223405917,0.0709137780288,-0.310709424,-0.003891748625,1.00044657173054,5017.26796061005,2863.75139796005
"log_lik_y[34]",-0.0848056798759963,-0.050963573,0.100182158135668,0.0595205937753,-0.282031027,-0.00213395312000001,1.00017811500089,4916.27096103036,3022.71596679575
"log_lik_y[35]",-0.0582594317063007,-0.0243180815,0.090545328820918,0.03279071497905,-0.227840028,-0.000369973105000001,1.00052809972199,4565.87847146922,2893.20612982612
"log_lik_y[36]",-1.59264563545,-1.5642924,0.130385935258702,0.0793325175300001,-1.826347945,-1.45379128,1.00153990039419,2659.49709634505,2540.81015701201
"log_lik_y[37]",-1.56849696985,-1.5521922,0.0966334661371704,0.0704733894899998,-1.742674175,-1.452010335,1.00168359886962,2747.31103698514,2903.09524671137
"log_lik_y[38]",-1.5871242236,-1.56095075,0.122328341031787,0.07863436119,-1.825705905,-1.452595805,1.00153968162449,2022.47862881929,2397.20124044184
"log_lik_y[39]",-1.811263337675,-1.68386385,0.380961989796782,0.22190793261,-2.55084415,-1.477962075,1.00007416287247,4404.57463961877,2842.5378131084
"log_lik_y[40]",-2.65529225605,-2.59020145,0.516140433081004,0.4863343128,-3.58371471,-1.937883255,0.999829827997275,4248.14872179911,3225.13685443224
"log_lik_y[41]",-0.55224376392025,-0.51780004,0.255892063263436,0.24557823465,-1.03259135,-0.1928467615,1.00030430528367,6235.63251235603,3259.11955515759
"log_lik_y[42]",-0.259805350946875,-0.221578355,0.17559010928276,0.160821632433,-0.591424098,-0.0420672071,1.00143709874779,5587.2292879379,3204.49997449432
"log_lik_y[43]",-0.148367191456943,-0.1117559,0.130127437137967,0.1063880609064,-0.4070930115,-0.0103443193,1.00176547153894,5080.85234647412,3332.7995064699
"log_lik_y[44]",-0.0907403095956996,-0.0579642475,0.098656993562081,0.0665777401233,-0.2904452765,-0.00232636116,1.00106499190139,4556.55290575217,3259.1998419333
"log_lik_y[45]",-0.0677057463244237,-0.037753051,0.0832887006992013,0.04738935582276,-0.238500688,-0.0009009375955,1.00096697318992,4266.57886773624,3177.65363224229
"log_lik_y[46]",-0.0353199595739106,-0.012621748,0.0568055295448837,0.017859335440485,-0.1444600235,-7.36123389000001e-05,1.00105843591955,3680.07032113961,3073.10813318808
"log_lik_y[47]",-0.0264303007246507,-0.0071389187,0.0478710509351645,0.010350434949498,-0.1144644465,-1.83318357e-05,1.00105824578678,3470.60208686068,3202.10358294095
"log_lik_y[48]",-0.0183041830390185,-0.0032728318,0.03861275461197,0.004818933764967,-0.08572400115,-2.52966911000001e-06,1.00132305345134,3269.51607968463,3203.41763650779
"log_lik_y[49]",-0.0134532728618455,-0.0015717145,0.0323697783253894,0.0023258310176367,-0.0659788616,-4.06466885e-07,1.001388243531,3116.71524553818,3047.07461753702
"log_lik_y[50]",-0.0106778913892703,-0.000829430895,0.0284718319667186,0.00122901052581991,-0.05481775615,-7.58928638500001e-08,1.00110667852762,3016.41044332799,3048.04415063292
"log_lik_y[51]",-0.73814254713525,-0.70458428,0.306573226118123,0.300422218026,-1.29748665,-0.301244155,1.00277172324475,4679.57138499992,3423.58457785294
"log_lik_y[52]",-2.211571468725,-2.1076788,0.497107247953092,0.44122405803,-3.16752808,-1.622394895,1.0022458881177,6040.14078829108,3332.37135742323
"log_lik_y[53]",-0.2730582831462,-0.238283435,0.176914100056679,0.166927802076,-0.6149666075,-0.05030266375,1.00259200810655,6099.74072946153,3014.49015105753
"log_lik_y[54]",-0.16583727474612,-0.13181057,0.134385477168684,0.1159523928255,-0.431273734,-0.01582504545,1.00096165237737,5997.56093022107,3216.04166853381
"log_lik_y[55]",-0.10733956996581,-0.076589987,0.104788427071884,0.0803681180778,-0.320904201,-0.00523481364,1.0005370329565,5783.22355123758,3293.83342758207
"log_lik_y[56]",-0.0634217023995896,-0.035915397,0.0769006779145388,0.04446612155706,-0.225238027,-0.00104928142,1.00017087824292,5482.59451736302,3381.13295621991
"log_lik_y[57]",-0.0310008050498402,-0.010911864,0.0502296249160241,0.015398845053207,-0.137381556,-7.75468630500001e-05,0.999922156444638,5051.48665459386,3485.4219313268
"log_lik_y[58]",-0.0185918491076772,-0.00414317425,0.0372198388100933,0.0060628543305372,-0.0910677705,-7.19817779000002e-06,0.999846974750074,4790.53877438345,3320.00024051991
"log_lik_y[59]",-0.0120376473578117,-0.00154802825,0.0290776917283665,0.00228823675493742,-0.06380567285,-7.02724896000003e-07,0.999647065467509,4566.89190411291,3365.62638815152
"log_lik_y[60]",-0.00865614090122555,-0.00064976374,0.0242898557094014,0.000962683216407402,-0.0462141533,-8.70648598000002e-08,0.999658682475231,4403.57370175029,3470.82362662592
"log_lik_y[61]",-0.00652186926569683,-0.00028078286,0.0209534762320581,0.000416218766791336,-0.03549113005,-9.06409714500004e-09,0.999686696256762,4282.47875857217,3517.82953182672
"log_lik_y[62]",-0.00520655116292729,-0.00012902651,0.018735277020627,0.000191286722176773,-0.027983968,-1.45315067e-09,0.999710470743393,4190.51416518373,3469.48687418354
"log_lik_y[63]",-0.0037984312100525,-3.58292445e-05,0.0162118555899438,5.31202866789108e-05,-0.018775157,-4.76586151e-11,0.99973662576611,4047.68637649174,3346.54105512584
"log_lik_y[64]",-0.00363130594044899,-2.8739872e-05,0.0159062171933414,4.26096730393069e-05,-0.01774531375,-2.81939978000003e-11,0.999745865860498,4030.82687873572,3302.8610095127
"log_lik_y[65]",-1.6867918304,-1.6323426,0.195692087800759,0.14147880999,-2.076686155,-1.47785638,1.0004651502434,2857.8904837886,2614.33338850805
"log_lik_y[66]",-1.68471540675,-1.64265765,0.175115862513111,0.14126605689,-2.026603585,-1.48137205,1.00016415402854,4835.33989854153,3334.46878833454
"log_lik_y[67]",-0.70590760482575,-0.682632915,0.276069338528961,0.271623180045,-1.197942925,-0.2959276425,0.999442855415693,5392.17572736052,3030.75265971909
"log_lik_y[68]",-0.404441173889125,-0.378161755,0.215965398268115,0.212643068841,-0.805900536,-0.1039612365,0.999405792204508,5247.08607698484,2998.34356442291
"log_lik_y[69]",-0.191851317397575,-0.157170975,0.149931690287649,0.1354774794408,-0.4788895195,-0.0177227917,0.999474316125579,4944.23930539582,3053.28625990309
"log_lik_y[70]",-0.0955639659439436,-0.0609820825,0.102572107219101,0.0707168116536,-0.298522427,-0.00223515767,0.999456147754413,4496.57796852444,3032.0955624029
"log_lik_y[71]",-0.0539835238025808,-0.0251950145,0.0739513154891836,0.03415274194101,-0.2007331435,-0.000295442548500002,0.999437532077473,4313.50024864376,3032.47027441787
"log_lik_y[72]",-0.0245427225164192,-0.005872776,0.0466773424535142,0.0085890610791993,-0.109832948,-7.89000724500003e-06,0.999552466509135,4095.55235296648,3054.75158419345
"log_lik_y[73]",-0.00906247283825169,-0.00053087688,0.0262983800129634,0.000786935784166096,-0.04619570155,-2.14502940500002e-08,0.999702049888357,3932.49333045582,2960.55208789481
"log_lik_y[74]",-0.00380008322385655,-2.74134505e-05,0.0164364521582728,4.0643168350114e-05,-0.0184520947,-8.61766001000004e-12,0.9997893959068,3829.05281831672,2893.73427216566
"log_lik_y[75]",-0.00276542761420879,-6.08709875e-06,0.0140541588754119,9.02473255381468e-06,-0.01221393095,-1.670777405e-13,0.999803628025794,3799.92459471877,2828.6852296537
"log_lik_y[76]",-0.00232644799019355,-2.2881852e-06,0.0129954680229479,3.39246337633675e-06,-0.00940748343,-1.290698305e-14,0.999799809862568,3770.77490983317,2871.07047772045
"log_lik_y[77]",-0.00177388137114448,-3.59243375e-07,0.0117141721647478,5.32614227774186e-07,-0.005704196135,-8.64021940500006e-17,0.999878507900397,3731.58157387285,2870.55048205672
"log_lik_y[78]",-1.661330393025,-1.62988935,0.151205275288974,0.12615858528,-1.95297685,-1.479026725,0.999894597439517,4076.30837257908,3567.15062454581
"log_lik_y[79]",-1.56740600505,-1.55375205,0.0926302220255371,0.07440843228,-1.7361238,-1.44707614,1.00017251943518,3477.16564794025,3299.35196329399
"log_lik_y[80]",-1.657385990525,-1.6194047,0.157716969489411,0.12295298169,-1.956688035,-1.47666586,0.999976196045281,3673.15976709672,3300.69007452882
"log_lik_y[81]",-1.748797977075,-1.69504945,0.221680842061796,0.18594784026,-2.178329855,-1.49847817,0.999940303366457,3966.61489813741,3422.36377133281
"log_lik_y[82]",-1.6130327019575,-1.53356285,0.576281255407211,0.53829855324,-2.685001525,-0.810365511,0.999797762173526,4207.52577512414,3377.21962792144
"log_lik_y[83]",-1.603113073,-1.5750473,0.126368705007386,0.0925964501699999,-1.850560885,-1.45973139,0.999771414354382,3554.8298874346,3365.47715966453
"log_lik_y[84]",-1.590026522925,-1.56591765,0.115387100545125,0.08376460197,-1.807265485,-1.4570094,1.00054974177369,2649.19804851428,2731.51531718691
"log_lik_y[85]",-1.650151737275,-1.5963379,0.193508107194249,0.11571159264,-2.03570475,-1.46238759,1.00124770676357,2750.61931062204,2853.06303424415
"log_lik_y[86]",-1.6804810151,-1.6068606,0.241898828847695,0.12904194576,-2.15838103,-1.466276625,1.00133739169954,2974.51975621102,3065.76073131552
"log_lik_y[87]",-0.164308602108125,-0.140755455,0.113188124292847,0.1024010040606,-0.374545346,-0.02764707275,0.999660525400956,4756.17392830491,3094.17907793577
"log_lik_y[88]",-0.136922094825175,-0.11363371,0.101617329002668,0.0880488748965,-0.3300722725,-0.01894583395,0.999776718749528,4860.84456785335,3121.55495192489
"log_lik_y[89]",-0.120015532170478,-0.0965946375,0.094332365118039,0.0800440684197,-0.29939848,-0.01409238245,0.999768859387564,4915.91251175455,2956.95163901456
"log_lik_y[90]",-0.117415736093538,-0.093835942,0.093205002476228,0.0790889671215,-0.2975481495,-0.0134862972,0.999798702656214,4925.68655493158,2913.84587107873
"log_lik_y[91]",-0.103964756466113,-0.0804250805,0.0873616197701138,0.072244614645,-0.2730783245,-0.0101413572,1.00000383604895,4967.27687760091,3089.31793143731
"log_lik_y[92]",-3.70658414975,-3.51664335,1.08290069335135,0.9617262963,-5.77552455,-2.33127595,1.00004952992928,4997.52858194422,3248.83284117534
"log_lik_y[93]",-0.09329179172175,-0.069629073,0.082752333007485,0.065600639265,-0.2566795995,-0.00763004022500001,1.00006071524475,5035.31058534069,3393.3083383314
"log_lik_y[94]",-0.0840722475570558,-0.060481056,0.0788592756165026,0.0597185779554,-0.2371203775,-0.00564214335000001,1.00013251206043,4987.17235144664,3470.40395303549
"log_lik_y[95]",-0.077572842511431,-0.053723582,0.0762296128886866,0.0549580590678,-0.2262618755,-0.00449113349,1.00040250504769,4970.02644628118,3463.86103531847
"log_lik_y[96]",-0.072257698070587,-0.0482298785,0.074214408232371,0.0511751629137,-0.218050838,-0.003542290625,1.00045130334765,4949.56660597264,3347.85779654754
"log_lik_y[97]",-0.0677501122975922,-0.0436059605,0.0726697878647318,0.0475810840239,-0.210919134,-0.002723882875,1.00060112507559,4916.05073041422,3377.23854249071
"log_lik_y[98]",-0.0636153948854142,-0.0388603105,0.0714766327839238,0.0441714843108,-0.2049135195,-0.0020955876,1.00062668743939,4880.33600734981,3385.34745434289
"log_lik_y[99]",-0.0604576241980836,-0.035187299,0.0708048812931372,0.04155539517213,-0.200684135,-0.00168149864,1.00080108947525,4844.96575910237,3325.39970293147
"log_lik_y[100]",-1.906127244775,-1.84223965,0.312309350450412,0.27720787479,-2.50407397,-1.53087709,1.0011701296497,4458.09241118425,2940.25049760231
"log_lik_y[101]",-0.4573212380142,-0.42267014,0.251889594987485,0.244099370802,-0.93614786,-0.1123342625,1.00029288160725,5758.66191047328,3219.54541416033
"log_lik_y[102]",-0.250555759697847,-0.20852822,0.186718735379455,0.1686979612416,-0.619161623,-0.0267182159,1.00019443321865,5221.01731313455,3241.27678638267
"log_lik_y[103]",-0.107331345402379,-0.0673047185,0.118064901102057,0.0784835029335,-0.3467003815,-0.001993826725,1.00061475096456,4501.55296562855,3159.55828196443
"log_lik_y[104]",-0.0566075292655332,-0.0239800225,0.082272596879423,0.03306041096442,-0.2214225445,-0.0001512724075,1.00090070400277,3924.94034583912,2988.16266339682
"log_lik_y[105]",-0.0291162179663187,-0.0064725002,0.0568646885593398,0.0095057721857826,-0.1365392985,-5.15705014000001e-06,1.001149801057,3468.02773333306,3086.72209743294
"log_lik_y[106]",-0.0186626843377496,-0.00220377655,0.0451804458299931,0.00326395783006482,-0.09331152605,-2.79759961e-07,1.00131482744643,3224.12189438189,3060.97189499998
"log_lik_y[107]",-0.0123807292366846,-0.000638327945,0.0375235839553003,0.000946315047792213,-0.06443206785,-7.47702581500002e-09,1.00145055418388,2995.64964399236,3025.01998641083
"log_lik_y[108]",-0.0997933824434503,-0.04895655,0.136052410786137,0.06658745152395,-0.3739617485,-0.000325154802000001,1.00001442934576,4213.61926884291,3268.64275452201
"log_lik_y[109]",-0.059281090315509,-0.0235839495,0.0858861778713669,0.034326998390559,-0.237091414,-2.35359408e-05,1.00010867208592,4922.47359430288,3084.95540926602
"log_lik_y[110]",-0.0304501127289425,-0.0065016734,0.0549891944607278,0.00963123480733974,-0.137960021,-6.02933528500003e-07,1.00012040284042,4761.62496042529,3137.76100977398
"log_lik_y[111]",-0.0236920822091837,-0.00391823835,0.0465052896217433,0.00580762930865019,-0.1129366215,-1.11419785000001e-07,1.00012329882265,4700.78959807198,3217.41186140858
"log_lik_y[112]",-0.0182494342692521,-0.0021070569,0.0390953237648973,0.00312374700445857,-0.0928013235,-1.68225954000003e-08,1.00012760591894,4648.50540799827,3217.13673342393
"log_lik_y[113]",-0.0150364444701868,-0.00130227695,0.0343970565991471,0.00193073106174064,-0.07927277115,-3.83428136e-09,1.0001416923364,4563.48909385765,3217.18086351845
"log_lik_y[114]",-0.00986846404796188,-0.00038611912,0.0261433107087466,0.000572460121357848,-0.05413574425,-9.52007309000008e-11,1.00018048969474,4438.66828274225,3164.40770664874
"log_lik_y[115]",-0.00833098041504131,-0.00022095477,0.0234781748739735,0.000327587537051036,-0.04662006125,-1.64171413500006e-11,1.00019784328589,4399.50688342224,3165.10883782345
"log_lik_y[116]",-0.00733001161002578,-0.00014402075,0.0216864336867744,0.000213525163037751,-0.0413719555,-4.05277819500006e-12,1.00021316075306,4376.68451086971,3138.78344373538
"log_lik_y[117]",-0.00648473015714554,-9.3545052e-05,0.0201436505441674,0.000138689893828184,-0.0374416284,-8.30938431500005e-13,1.00021907026182,4345.33459292161,3138.65811006154
"log_lik_y[118]",-0.00584563529607271,-6.3149002e-05,0.0189674477748947,9.36247103040697e-05,-0.03466182195,-1.91691383e-13,1.00022566190546,4324.4635467245,3111.44794851366
"log_lik_y[119]",-0.141467373699132,-0.072731928,0.176804066700123,0.10183518215031,-0.505474674,-0.000207361058,1.00068360976296,4534.53604989687,2869.42937026224
"log_lik_y[120]",-0.0370010018387663,-0.0039559513,0.0802139408773371,0.00586489800082616,-0.1912150655,-1.116702445e-08,1.00094731021671,4019.74430433323,2916.2916449517
"log_lik_y[121]",-0.0263313346445347,-0.00129560995,0.0673588958638237,0.00192087021677748,-0.1436165305,-2.01870592500004e-10,1.00101849901072,3896.22912083289,2937.83994019837
"log_lik_y[122]",-0.0211237767682454,-0.000517621755,0.0612045505555268,0.000767426001977272,-0.119562901,-8.04943379000002e-12,1.00105650942626,3821.35818811568,2938.73289765608
"log_lik_y[123]",-0.0183122593408471,-0.00024864876,0.0583263835353569,0.000368646651296887,-0.1030007595,-5.47982353000005e-13,1.00108930122386,3768.22802075201,2938.95858387818
"log_lik_y[124]",-2.3730881539975,-2.36968115,0.778247794562128,0.80946853953,-3.67128986,-1.15058031,1.00229075149544,1413.68194999804,2696.9450874032
"log_lik_y[125]",-2.601124706125,-2.5275473,0.531326442878122,0.49604675127,-3.593554185,-1.87020331,1.0006330110082,3589.55978527383,2860.0182422859
"log_lik_y[126]",-2.8727259734,-2.7877159,0.646847479664772,0.61629799098,-4.096487145,-1.98237206,1.00014984632008,4769.95615429581,2467.4882896517
"log_lik_y[127]",-2.010070141,-1.8965955,0.452445787336901,0.36986385135,-2.908562305,-1.52455044,1.00028509689746,4895.97705980964,3115.91522295489
"log_lik_y[128]",-0.91559415153175,-0.82082169,0.531643498616166,0.487576501797,-1.915562515,-0.2298111755,1.00065747189277,4439.57007058198,2748.73548697635
"log_lik_y[129]",-0.884327945517725,-0.764314515,0.592114255830751,0.52557517656,-2.017041405,-0.1661503335,1.00064722480707,4046.70861144764,2789.01384513711
"log_lik_y[130]",-1.73112327415,-1.65883615,0.247491314345187,0.16199317554,-2.222053465,-1.48267496,1.00054872630144,3328.14935910501,3365.52020785689
"log_lik_y[131]",-1.63798618405,-1.60653105,0.143750892984178,0.11205498213,-1.92713278,-1.468633945,0.999470725418131,4254.11769359969,3585.24140424437
"log_lik_y[132]",-1.56263194065,-1.550874,0.0864188168238116,0.0710092011299997,-1.721449525,-1.44699478,1.00043066320761,3448.29499086368,3612.02792106147
"log_lik_y[133]",-1.5834654725,-1.56381005,0.105835156488524,0.08165085915,-1.77604235,-1.45408131,1.00098781505616,3215.97545436317,2984.06310933167
"log_lik_y[134]",-1.638817837125,-1.60152335,0.153103660197363,0.11306930292,-1.93512781,-1.46548056,1.00044134364914,3989.66524768682,3034.91421758162
"log_lik_y[135]",-1.1664087079875,-1.0899763,0.533291725750156,0.487784110275,-2.170267825,-0.455142886,1.00010037062034,4142.53529846323,3198.19948060253
"log_lik_y[136]",-1.967644729125,-1.9250295,0.269421517014358,0.2605914129,-2.45441847,-1.610829245,1.00061870688141,4218.14360857029,3158.53449735757
"log_lik_y[137]",-0.823516484795,-0.797903855,0.26361593703201,0.26514618249,-1.295417575,-0.443833392,1.00146930711081,4344.61217349588,3149.55410629493
"log_lik_y[138]",-0.58541276938725,-0.555769865,0.23174565386037,0.227500396179,-1.00203564,-0.2593021585,1.00221886798831,4687.90714168914,3255.44495719979
"log_lik_y[139]",-0.50950963907525,-0.476555125,0.223242547226638,0.213292225251,-0.9100627215,-0.20254157,1.00189867917178,4724.97620537324,3097.50085776975
"log_lik_y[140]",-0.42541914700925,-0.388545875,0.2151265552031,0.202871059503,-0.8256770705,-0.1416829275,1.00274906679891,4765.66129053784,3272.76306080118
"log_lik_y[141]",-0.388914075499,-0.34819086,0.212262939543565,0.195536837454,-0.78659126,-0.118005377,1.00225322572157,4776.47039734679,3257.45496482437
"log_lik_y[142]",-0.3466762518573,-0.30146394,0.209821035020708,0.185596775406,-0.7428633065,-0.0895375530500001,1.00210402665247,4789.66889905442,3266.89347385758
"log_lik_y[143]",-0.285669553949725,-0.23347763,0.209759837887793,0.169724890062,-0.693158004,-0.05191113215,1.00242991080881,4787.22702137954,3317.91980461034
"log_lik_y[144]",-4.54167778535,-4.39004235,1.32762077914485,1.27139384484,-6.910426115,-2.662217715,1.00075102147387,4762.96354005806,3053.25118162798
"log_lik_y[145]",-1.652955241875,-1.59879355,0.188186974052547,0.12083442042,-2.015710555,-1.464545835,1.00132382146157,3437.13281370374,2944.2899169932
"log_lik_y[146]",-0.5658202009855,-0.52824831,0.271176970128678,0.26761915929,-1.059168695,-0.181646113,1.00256870816124,5705.97162398984,3024.40600049202
"log_lik_y[147]",-0.152245111598344,-0.113280575,0.141858893813981,0.1152143019132,-0.441567715,-0.00673993887,1.00088908981595,4949.18319071947,3346.68057473562
"log_lik_y[148]",-0.0794681761821703,-0.0438253315,0.099232534061623,0.05608108875999,-0.2880679845,-0.000716961672000003,1.00067476874132,4563.28215767297,3279.36598477653
"log_lik_y[149]",-0.0448768844852317,-0.0160227105,0.0722476413076151,0.022841159739468,-0.193651163,-5.64036676500002e-05,1.0010840622704,4302.13006044936,3115.06327285775
"log_lik_y[150]",-0.0235817975758723,-0.00405437715,0.0512223156975671,0.0059903635501773,-0.1164865,-1.375222015e-06,1.00148960327004,3700.16611085203,3142.3000979427
"log_lik_y[151]",-0.0145235046372613,-0.001036005,0.040670488007122,0.00153566739837737,-0.0740274197,-2.94599345500003e-08,1.00167286278416,3327.31752558806,2959.54088361406
"log_lik_y[152]",-0.012537908554067,-0.000625159635,0.0383121712035652,0.000926808940693415,-0.0638645804,-6.81153266500003e-09,1.00158251898661,3229.13545696255,2859.30040663129
"log_lik_y[153]",-1.609199063275,-1.5809851,0.129005460640405,0.0928532364900001,-1.849557385,-1.46333745,1.00015381621261,3652.82180785528,3216.12381728927
"log_lik_y[154]",-1.590155335425,-1.56460515,0.119574312740271,0.0844135359900001,-1.81451519,-1.45421267,1.00089853176155,2877.51160806119,3298.51997221682
"log_lik_y[155]",-0.463089204459925,-0.412693805,0.282183680665783,0.260250229575,-0.9931527365,-0.106996287,1.00056611745359,4137.65705559727,3295.51843420372
"log_lik_y[156]",-0.329514250655567,-0.263694795,0.261346646943476,0.221223505146,-0.8215035975,-0.0401811869,1.00021230068896,3899.62769577734,3023.26873708312
"log_lik_y[157]",-0.242951847675693,-0.167937375,0.245766801723365,0.176541529038,-0.717415193,-0.0117972677,1.00056273892664,3541.80225685609,3007.60364307751
"log_lik_y[158]",-3.288820634475,-3.1992395,0.690303463486926,0.65747053428,-4.55059696,-2.330377045,1.00057615154898,4162.45066433299,2986.51926882864
"log_lik_y[159]",-0.6862105869695,-0.65340825,0.299099358762405,0.292236331233,-1.229176395,-0.268842931,1.00037804266561,4427.93036109984,2848.56863152445
"log_lik_y[160]",-0.51454362253525,-0.474709885,0.273263645615831,0.264287097333,-1.01485586,-0.1521110645,1.00078119544664,4675.03906850643,3025.97726229345
"log_lik_y[161]",-0.283179193100968,-0.22846377,0.230587365987195,0.1970665240887,-0.719582123,-0.0304497836,1.00024597588103,4577.35969923876,3400.76906713235
"log_lik_y[162]",-0.163221053171855,-0.09055801,0.209545458839604,0.1137491372892,-0.554698067,-0.002317380055,1.00095521264063,3860.10141736507,3862.30110844193
"log_lik_y[163]",-0.383739643431642,-0.31531608,0.288242500963715,0.26347862814,-0.94209875,-0.0391887127,1.00261581393654,5105.31623359352,2444.33165895659
"log_lik_y[164]",-0.0922081888979644,-0.0377770095,0.132283086261461,0.05316264106839,-0.3815895415,-0.000162346006500001,1.00071625312932,4809.08119360036,2838.88987025815
"log_lik_y[165]",-0.0399258182372642,-0.00606508585,0.0823399385749799,0.0089777416798104,-0.2050106385,-9.11317830000002e-07,1.00021278828728,4491.3296573563,2850.95774944007
"log_lik_y[166]",-0.0221294161044432,-0.0010607102,0.0599639053303282,0.00157256861677703,-0.1221704395,-3.90416231500003e-09,1.00038294055781,4368.82906723511,2944.16774554466
"log_lik_y[167]",-0.0132384950707504,-0.00011392316,0.0471153919038147,0.000168902472079236,-0.06877444075,-3.37599008000003e-12,1.0005453682389,4249.64557876027,3037.98525143845
"log_lik_y[168]",-2.3571114282975,-2.3048618,0.564629446366026,0.55096247766,-3.325270955,-1.526852075,1.0000456620892,3709.6143949461,3746.83498523071
"log_lik_y[169]",-1.587025624925,-1.5666477,0.109064693780735,0.08177665776,-1.787969685,-1.45573534,1.00040309682988,3719.35219496211,3729.13998260157
"log_lik_y[170]",-1.906825470175,-1.8594918,0.273649697355091,0.25457509623,-2.41692475,-1.5639324,1.00029846174049,3944.21749061913,3667.27442208335
"log_lik_y[171]",-1.5837909106,-1.56276305,0.110483804167883,0.0788321400300001,-1.786315155,-1.45339586,1.00055505981798,3530.42177210709,3246.87464953415
"log_lik_y[172]",-1.725017604075,-1.6724418,0.212415684298068,0.17701258071,-2.143545575,-1.485305235,0.999783597149356,3801.1991286086,2886.42887480708
"log_lik_y[173]",-1.661023837825,-1.6136424,0.178941747049922,0.13369175001,-2.01629754,-1.46423602,1.00041047245615,3560.10643127154,3035.80103300423
"log_lik_y[174]",-1.587949665575,-1.5642605,0.116643354530948,0.0810262397699999,-1.799344245,-1.453664005,1.00029957594162,3497.99790575515,3369.41241698995
"log_lik_y[175]",-2.18224814485,-2.10705295,0.435562726563347,0.41376393387,-3.02694281,-1.61664388,0.999511064320961,3849.42409875481,3788.364692033
"log_lik_y[176]",-2.56828017,-2.4885676,0.56420407236121,0.55226227308,-3.633688295,-1.802343475,0.999515859753143,3966.18298767529,3572.761023215
"log_lik_y[177]",-1.625153649875,-1.5738924,0.185335162463533,0.0947632700699999,-1.98332778,-1.45593245,1.00142684136494,3108.54066753708,3329.04452037587
"log_lik_y[178]",-1.566064749225,-1.5543604,0.0856129920994776,0.0733654973100001,-1.716985245,-1.45047801,1.00198867543879,2515.57172129274,3491.31142187494
"log_lik_y[179]",-2.105341050625,-2.0488233,0.349942662125803,0.32717861127,-2.780671465,-1.64731881,0.999938685197243,4356.9579774986,3245.11978351573
"log_lik_y[180]",-0.69735051456775,-0.657154595,0.31395847536909,0.294496391847,-1.28473043,-0.2608542285,1.00003627305502,4748.29992314888,3132.26254444897
"log_lik_y[181]",-0.46870396932025,-0.410713995,0.293147602575446,0.257025278055,-1.022642665,-0.103688989,1.00054299810086,4704.12447939285,3418.77801473036
"log_lik_y[182]",-0.29397212735132,-0.214538765,0.272649906765462,0.1975128452514,-0.8147645685,-0.02303434135,1.00098786374855,4401.31366867735,3423.81336756492
"log_lik_y[183]",-1.736024760975,-1.6910319,0.205296394320828,0.17761970541,-2.12699091,-1.49241825,1.00115005545703,2584.81936738323,3174.24911701095
"log_lik_y[184]",-1.59562659335,-1.5707892,0.120859224949039,0.0874722880499999,-1.816632315,-1.456983115,1.00115006138582,3353.86401729093,2801.6337822038
"log_lik_y[185]",-0.7452375835785,-0.69801391,0.364277271432791,0.342148015755,-1.39754893,-0.248322978,1.00052018796158,5322.72753136591,2917.75131183643
"log_lik_y[186]",-0.201828749854102,-0.119216055,0.246112207945987,0.139237496853,-0.683620048,-0.00419542998500001,1.00096943687989,3816.83977482802,3139.50522691621
"log_lik_y[187]",-1.7962809635,-1.76408005,0.202648321130733,0.19754192052,-2.179324985,-1.526166005,1.00073773136981,4196.61241242903,3919.72160073926
"log_lik_y[188]",-1.6099019477,-1.5884938,0.115154000718712,0.09840342372,-1.836548705,-1.46142449,1.00065865059998,3921.7183829635,3394.71117112096
"log_lik_y[189]",-1.783526001225,-1.74024965,0.216347751729018,0.20309284905,-2.19097522,-1.51324132,1.00122167541257,4225.21502180082,3638.77962193674
"log_lik_y[190]",-1.90322501965,-1.8514996,0.27842225047542,0.26909953539,-2.41960831,-1.543625835,1.00121985902814,4200.5104296735,3677.60585450756
"log_lik_y[191]",-1.89831967475,-1.8397885,0.288679351813522,0.27391516845,-2.43993135,-1.53470969,1.00107220668073,4114.20404714847,3541.18334013952
"log_lik_y[192]",-2.824118453025,-2.74883695,0.759329408434522,0.73703715435,-4.204051705,-1.73708399,1.00110817369981,4120.15674561418,3436.57159210801
"log_lik_y[193]",-1.6277763504,-1.58765535,0.153417997351887,0.10850786163,-1.93855601,-1.45900302,1.00127500383664,3443.30402127502,3576.46418497939
"log_lik_y[194]",-1.58577235575,-1.5635146,0.113720003991488,0.08148058254,-1.79591112,-1.452592895,1.00040326723176,3348.88954487317,3511.52027788616
"log_lik_y[195]",-1.563573444025,-1.550412,0.0912142834104905,0.0719811936899999,-1.726856925,-1.446806565,1.00102796475322,3094.56592298355,3243.60916194031
"log_lik_y[196]",-1.563365587575,-1.55096095,0.0862219982387028,0.0706032652500001,-1.720111805,-1.450670685,1.00197490512293,2780.61456220667,3475.64707125479
"log_lik_y[197]",-1.580505432225,-1.5604768,0.108602532081932,0.0788515620899999,-1.78426513,-1.44963074,1.00137795153295,3230.80518334137,3080.18455154047
"log_lik_y[198]",-1.569290372475,-1.5532801,0.0969352459817187,0.0741977548199999,-1.74637211,-1.448486765,1.0014502841734,2791.77253778858,3206.6188822723
"log_lik_y[199]",-2.048808221175,-1.97561625,0.384495958564654,0.34657324317,-2.77881159,-1.57967076,1.00033247341471,4489.41642948562,3866.18365587711
"log_lik_y[200]",-1.598432108,-1.568395,0.132409565027628,0.0882630327600001,-1.84547742,-1.45540692,1.00084925171215,3007.74991473634,3456.39598458233
"log_lik_y[201]",-1.819434261275,-1.73147945,0.30780223090879,0.24280710699,-2.420256985,-1.49189727,0.999632932326229,4311.29818781592,3822.7514594071
"log_lik_y[202]",-1.681966533825,-1.6123395,0.222837485248346,0.12486442374,-2.14545206,-1.473530515,1.00092328968274,2123.93843877304,3055.82960328425
"log_lik_y[203]",-1.560946933225,-1.55065595,0.0821698232059198,0.07068762519,-1.71162654,-1.44715131,1.00187023192824,2879.04161067655,3247.02940742874
"log_lik_y[204]",-1.8148451261,-1.78619625,0.196168901888929,0.18131486352,-2.18532363,-1.54631127,1.00148478515325,2217.3365294137,3352.84965974536
"log_lik_y[205]",-3.1064539092,-3.06363025,0.52023428022141,0.4961439357,-4.052179665,-2.334745335,1.00259760709466,4221.52853975569,2642.51879696431
"log_lik_y[206]",-0.8839615062185,-0.84513667,0.319638855614228,0.294448481628,-1.47571766,-0.43076168,1.00121877396691,4267.42383478872,2778.16022755506
"log_lik_y[207]",-0.5758292387945,-0.522776475,0.302009437997302,0.271475246217,-1.15406104,-0.1853232675,1.00040695410905,4092.23208135962,2907.97907773901
"log_lik_y[208]",-0.4038637127974,-0.338420215,0.285619043596558,0.239217791694,-0.9612004745,-0.0741141113,1.00030936289289,3794.54875439857,3065.63449647464
"log_lik_y[209]",-0.318714120927908,-0.244001925,0.274826533694177,0.210313244484,-0.870562397,-0.033260895,1.00058890007514,3588.48571582871,3301.08912998892
"log_lik_y[210]",-1.666834039675,-1.6162557,0.18929550171304,0.13517294154,-2.03049217,-1.46645383,1.00010660300417,3491.74649048086,3251.90976632968
"log_lik_y[211]",-1.5961931218,-1.569437,0.126711780529942,0.0840365849400001,-1.82963798,-1.456960155,1.00134779360752,3175.73903461846,3126.59485195083
"log_lik_y[212]",-0.299408112777329,-0.24917703,0.237848789217901,0.2212225140279,-0.7526774935,-0.02216154125,1.00071181887329,4918.08849941904,2963.4961512943
"log_lik_y[213]",-0.162940965456666,-0.10688846,0.174131321255016,0.1253043660162,-0.507373949,-0.00299508956500001,1.00032805260928,4541.57362942877,3062.11608918497
"log_lik_y[214]",-0.0635294501859129,-0.021250633,0.105428454646844,0.030780950203248,-0.2645543995,-4.54726402000005e-05,1.00050245864388,4111.23300502624,3190.4259741025
"log_lik_y[215]",-0.0332954466037975,-0.00466092245,0.0760062015881053,0.00690250883987322,-0.159141421,-7.72252548e-07,1.00038971118895,3881.75815602406,3162.85252674939
"log_lik_y[216]",-1.569626486725,-1.5546664,0.0934984921534891,0.0729640833600001,-1.74339031,-1.4503436,1.00091148344784,2276.85639707115,3328.12428346635
"log_lik_y[217]",-1.56538758365,-1.55136815,0.092339559832252,0.0719990590199999,-1.733500875,-1.449054985,1.00078823987902,2356.4426647424,3463.63840108836
"log_lik_y[218]",-0.64955722812825,-0.61491334,0.273207164313431,0.25376455881,-1.152835775,-0.2687524735,1.00030771289446,4113.28968500399,3564.36790372374
"log_lik_y[219]",-0.425320166506575,-0.379903595,0.255375461513197,0.234008283705,-0.914423512,-0.10300435,1.00011914040227,4195.90307598285,3652.98937471155
"log_lik_y[220]",-0.373728417270598,-0.32374813,0.251542154639449,0.222375122109,-0.8620509485,-0.0720153899,1.00013434538145,4198.27367656786,3526.66708498147
"log_lik_y[221]",-0.312477637384787,-0.25424894,0.247991177514815,0.20523394584,-0.800679791,-0.03941000435,1.00025799686955,3830.67420531813,3574.93931940872
"log_lik_y[222]",-1.643010125275,-1.58483495,0.198305129235499,0.10697337063,-2.029262735,-1.460944605,1.00030730334123,3284.43259417431,3000.66424658826
"log_lik_y[223]",-0.182401183886246,-0.0920019815,0.233165845499606,0.12610338711831,-0.6578895295,-0.000608465534000005,1.00087464542267,5372.17666248587,2750.91856455543
"log_lik_y[224]",-0.0936747073699969,-0.021531311,0.170333980006637,0.0318499645572171,-0.4225061105,-6.11365202500001e-06,1.00023021414668,5000.69487327649,2890.32081783007
"log_lik_y[225]",-1.6873721304,-1.6253187,0.207662611912671,0.14078436015,-2.10551366,-1.47434252,1.00010177959289,3630.52464785513,3325.80392752938
"log_lik_y[226]",-1.7579703716,-1.7152056,0.199140724462646,0.17381320404,-2.147014785,-1.511884895,0.999776406528383,4548.24321204757,3162.54399945182
"log_lik_y[227]",-1.250347727515,-1.21793005,0.355402823762205,0.345397645152,-1.880494105,-0.7274307595,1.00292888570742,5560.18755723094,3178.70177770054
"log_lik_y[228]",-0.8236360486525,-0.782866365,0.312741909200333,0.300046275144,-1.39789918,-0.383589529,1.00325533436444,6279.72602040928,3222.92597085367
"log_lik_y[229]",-0.67802004512775,-0.6320395,0.301777975173561,0.287410601667,-1.23607073,-0.2716096595,1.00231018089667,6348.31555318654,3194.14824895904
"log_lik_y[230]",-0.542576928494,-0.487605785,0.292193883546484,0.271705049217,-1.095294745,-0.169667686,1.00156611998822,6288.11477103697,3136.15851817667
"log_lik_y[231]",-0.4261667503497,-0.36372213,0.284823886984467,0.252795835383,-0.9761352695,-0.0908368616500001,1.00093139136988,5920.92414651131,3082.4902512888
"log_lik_y[232]",-0.40071077527535,-0.334603225,0.283628155933085,0.245268660357,-0.9416515925,-0.0759985019500001,1.00076038563628,5814.61150419039,3160.5408921559
"log_lik_y[233]",-6.4381398016,-6.23827545,1.89220097546218,1.87146781815,-9.806098295,-3.723740235,1.00082399376311,5781.31429461402,3292.07435639747
"log_lik_y[234]",-1.64984767,-1.58699515,0.212342245948988,0.1093499043,-2.06721334,-1.461197285,1.00045238443109,2992.10973602116,3460.3175642171
"log_lik_y[235]",-0.482135715250122,-0.43873798,0.292445203230514,0.274787167053,-1.012249965,-0.0954618811500001,1.00241729511258,5607.20176362106,2536.4238534073
"log_lik_y[236]",-0.186103379629344,-0.131637605,0.185507408303398,0.1388444418018,-0.5561480375,-0.00638600763,1.0010335553112,5176.00089549261,2649.90325866598
"log_lik_y[237]",-0.104344818159088,-0.054246204,0.138356779534615,0.0701709887571,-0.377250173,-0.000724648162000003,1.00100325863507,4751.70396245691,2582.6236633765
"log_lik_y[238]",-0.0682021166016982,-0.024977068,0.111759167809254,0.03543222055191,-0.2774130695,-0.0001019614335,1.00062483025986,4542.89025077396,2652.52138959377
"log_lik_y[239]",-0.0132429858853222,-0.000179843645,0.0592514729609289,0.000266635995949868,-0.06134708865,-1.11466258000002e-10,0.999841369939237,3906.71881368389,2714.44676436881
"log_lik_y[240]",-1.580945575475,-1.55912295,0.110496277564442,0.0773842328699999,-1.793715815,-1.453871105,1.00115504742186,2749.91613754488,3059.58519561088
"log_lik_y[241]",-1.608615696225,-1.58653555,0.117477511991942,0.09572377248,-1.834828185,-1.465346885,1.00011986203289,4142.01056313828,3431.60998249729
"log_lik_y[242]",-1.6564855929,-1.63480485,0.131887727506805,0.11916523521,-1.901928775,-1.486040795,1.00026087507266,4547.58096739925,3430.09566011183
"log_lik_y[243]",-1.636148574525,-1.6093026,0.131090740432917,0.11018660961,-1.88518175,-1.473240035,0.999921885352615,4510.2758204196,3328.04039294243
"log_lik_y[244]",-1.3153009670225,-1.26803375,0.388822415050196,0.36970017231,-2.02628683,-0.7573517735,1.00049171124161,5116.53756948128,2918.6566525798
"log_lik_y[245]",-0.9278171910375,-0.869704155,0.396944975198963,0.371375777178,-1.668917325,-0.3890917975,0.999992680554479,4949.98659754064,2959.78193491486
"log_lik_y[246]",-0.78168262008075,-0.709506245,0.401337559136993,0.36576290562,-1.544762015,-0.263092947,1.00041637563661,4837.32385304324,3078.93841880711
"log_lik_y[247]",-3.592170270075,-3.4118504,1.16119521799544,1.08247361397,-5.78657952,-1.99570585,1.00202612327606,4638.42225975139,2918.94174700567
"log_lik_y[248]",-1.7159887008,-1.66546485,0.207951251268892,0.17722874379,-2.124604085,-1.4804613,1.00072381913369,3304.84111425231,2994.02285587141
"log_lik_y[249]",-1.813190357375,-1.77949115,0.220310861259578,0.22119776721,-2.21788796,-1.522036365,1.00036094229731,3481.87816131453,3179.89013537094
"log_lik_y[250]",-1.552367890125,-1.5442849,0.0745021768346429,0.06562899399,-1.678422735,-1.44830542,1.00060369413271,2893.48731537661,2780.7432088767
"log_lik_y[251]",-1.5632156056,-1.5511751,0.0868787660350777,0.0713994214499999,-1.71504111,-1.44667757,1.00139222763798,2184.70794830466,1962.17431906653
"log_lik_y[252]",-1.17666606759,-1.12553725,0.40370348664334,0.386759724036,-1.9196548,-0.60544067,1.00066550043056,5473.92669535751,2807.65946564852
"log_lik_y[253]",-0.6895853082995,-0.612884,0.403630017098094,0.35786339043,-1.462890805,-0.1877176575,1.00027613692987,5218.74476470097,2859.73463789494
"log_lik_y[254]",-2.7121749836,-2.53403485,0.855966647147906,0.78099298263,-4.357959405,-1.634960085,1.00090189883889,4984.80480070432,2896.11658385935
"log_lik_y[255]",-1.610778344325,-1.57259055,0.148121968270103,0.0896726147100001,-1.8902992,-1.46133879,1.00023587100543,2654.07118848681,2994.55150611329
"log_lik_y[256]",-1.5817997769,-1.5589032,0.111098898481953,0.0770078748599999,-1.78141137,-1.45389073,1.0003352081304,2838.23569419745,2969.55905022832
"log_lik_y[257]",-1.5753355545,-1.55881945,0.096933556706058,0.07784635929,-1.757728555,-1.453722315,1.00009776223999,3486.84256775916,2963.36560405254
"log_lik_y[258]",-1.579799454775,-1.5592681,0.106783787371407,0.0773943886799999,-1.785121285,-1.453321465,1.00018557589712,2792.90924919852,3241.80425923443
"log_lik_y[259]",-1.593822609725,-1.56591005,0.124958536810881,0.0850314836700001,-1.82934459,-1.455701835,1.00049766918773,2750.70948907402,3030.99251733638
"log_lik_y[260]",-1.624256752,-1.5801931,0.164757990227185,0.10121865873,-1.935381995,-1.458303355,1.00043683055866,2761.50271164481,2876.7162800637
"log_lik_y[261]",-1.9535991808,-1.7935277,0.487962393654152,0.34640215113,-2.92428102,-1.486623165,0.999639822854086,4229.32881116599,3129.52873379948
"log_lik_y[262]",-1.566263698,-1.55300465,0.0886091043631756,0.0719003178600002,-1.7302498,-1.448700135,1.00088602525693,3443.43666190368,3287.07347949214
"log_lik_y[263]",-1.618302966075,-1.59644615,0.118118874109678,0.10253624535,-1.84570884,-1.46808611,1.00105966368234,2646.67409197908,3532.77430245717
"log_lik_y[264]",-1.5655292496,-1.55493445,0.0816604257258163,0.073136658,-1.71366284,-1.452286675,1.00144768242223,3099.26348816108,3410.29015023351
"log_lik_y[265]",-1.5725653093,-1.5614285,0.085851172404646,0.07695857841,-1.734346695,-1.45456874,1.00090661874874,3248.24361866553,2803.84254067353
"log_lik_y[266]",-1.553674854675,-1.54530965,0.074951063319969,0.0680554912800002,-1.69307347,-1.445658785,1.00072689971158,2742.1446536729,2337.17384284246
"log_lik_y[267]",-1.568022489725,-1.55397695,0.08919967073412,0.0746655151199998,-1.743264355,-1.45015486,1.00014723651278,2996.59420841579,2549.08053162101
"log_lik_y[268]",-1.3848903790975,-1.3304946,0.452131815751995,0.43502093376,-2.214014115,-0.734907443,1.00014032192754,4124.97982040626,3085.67035387343
"log_lik_y[269]",-1.73629668795,-1.6303539,0.306680512017435,0.16266034554,-2.366029405,-1.47126638,1.00116616996703,3135.97969668617,3525.03949149934
"log_lik_y[270]",-1.574597481825,-1.55565045,0.103266438470733,0.07560874524,-1.76148157,-1.45028402,1.00140843972057,2178.85529000851,2055.85935347494
"log_lik_y[271]",-1.61374159195,-1.57034625,0.162768872575109,0.0925859237100001,-1.924825735,-1.45656292,1.00099909322259,2302.68992831093,2583.19236376794
"log_lik_y[272]",-1.710590103375,-1.61528815,0.290936182389738,0.14393169756,-2.29732755,-1.46615891,0.999941161312329,3277.37556808268,2925.7486091126
"log_lik_y[273]",-1.59438429185,-1.56684205,0.128384335928751,0.0863311308299999,-1.827359185,-1.45460329,0.999841029871884,3196.05232558389,2815.82017186069
"log_lik_y[274]",-1.698346430925,-1.65747225,0.179486992227819,0.15208429257,-2.046199075,-1.486915995,1.00123718049917,3639.21302884601,3353.49480606325
"log_lik_y[275]",-1.581694038275,-1.559638,0.110168955213425,0.0789308070600001,-1.796614715,-1.45147013,1.00291767191845,1953.88219379756,2312.25426648502
"log_lik_y[276]",-0.505855504754472,-0.39815304,0.413803062501142,0.344968128519,-1.329375045,-0.0501523546,0.99985522421026,4983.57331290233,3170.02989740736
"log_lik_y[277]",-1.574757426075,-1.5586941,0.0992041689756019,0.0765060888900001,-1.758264065,-1.449321605,1.00094265641498,2206.30464148003,3128.42827221589
"log_lik_y[278]",-1.7096084188,-1.66407385,0.457277023029334,0.45358716291,-2.510587135,-1.03634957,1.00010944585319,3155.30368097918,3441.38907416999
"log_lik_y[279]",-1.370877856205,-1.3183907,0.459810380955204,0.43897606578,-2.22641358,-0.7123741315,1.00052297889482,5045.47224272252,2988.36458425737
"log_lik_y[280]",-1.255523477835,-1.1925192,0.519511721112144,0.486751531266,-2.23587568,-0.539618841,1.00069671983784,5102.46662955954,3061.87934761993
"log_lik_y[281]",-3.0004409152,-2.8270377,0.94127603349852,0.88465800549,-4.76153952,-1.74601774,1.00219190166717,4798.8420632809,3021.6720330966
"log_lik_y[282]",-2.696565812075,-2.5140738,0.87423290645239,0.79960873062,-4.36597652,-1.601497205,1.0019828011525,4621.5457711892,3145.9341136127
"log_lik_y[283]",-1.59647864035,-1.56900445,0.124923754298388,0.08976364635,-1.82956983,-1.453272925,1.00049948561832,2682.61256262178,2884.86894310788
"log_lik_y[284]",-1.63684101365,-1.596395,0.157765672587639,0.11306589294,-1.935282945,-1.4629969,1.00086295044534,2850.43384862493,3204.42767380476
"log_lik_y[285]",-1.714391270125,-1.65990615,0.206328069033831,0.15361730097,-2.116090885,-1.48888572,1.00044430167229,4191.93637648413,2879.81356304508
"log_lik_y[286]",-1.6289054526,-1.5830019,0.166915979121873,0.10380038424,-1.9465514,-1.45865819,1.00122277887244,2066.63569712367,2085.06994218947
"log_lik_y[287]",-1.916910671675,-1.79667025,0.412962770020127,0.3290119203,-2.741222335,-1.49699366,0.999550645813569,4276.6228407547,3280.68838589071
"log_lik_y[288]",-1.623582337275,-1.5831132,0.155367412915436,0.10064489253,-1.931641605,-1.459554875,0.99987136260564,3335.3557032021,3383.81030922459
"log_lik_y[289]",-1.60462202135,-1.57152215,0.1351105157983,0.0916612260899999,-1.860049175,-1.458831025,1.00121239906535,3053.79569190385,2710.83533511453
"log_lik_y[290]",-0.69889110749125,-0.648587715,0.375591872308947,0.349116710187,-1.39791775,-0.198533317,1.00153316935424,6593.02373625061,2926.43637524068
"log_lik_y[291]",-0.3272668454223,-0.24840379,0.297764877278302,0.2305033550358,-0.907035512,-0.0242020082,1.00079882686457,5476.02552443306,3068.46986952552
"log_lik_y[292]",-1.623621959775,-1.5868518,0.149687993532923,0.10733920218,-1.900184475,-1.460041815,1.00112252597974,2480.83421566452,2928.90987985947
"log_lik_y[293]",-1.57218143225,-1.5569218,0.0965490029170264,0.07623047355,-1.735698865,-1.45040232,1.0000076555108,2921.68083090666,3152.26824203765
"log_lik_y[294]",-1.553543646625,-1.5456661,0.07687286880836,0.0658808877299999,-1.6788909,-1.446393665,0.999942935331838,3165.64112911881,3209.43434904418
"log_lik_y[295]",-1.733777001475,-1.71057655,0.15991291698786,0.15477736134,-2.02140057,-1.516382125,0.999536038989105,4042.02155139185,3444.22638755328
"log_lik_y[296]",-1.548338092675,-1.54352725,0.0699704594528596,0.06292087683,-1.66840498,-1.444791715,1.00066838227637,3193.65461900882,3420.79545761577
"log_lik_y[297]",-1.563201830875,-1.5516775,0.0843925039590592,0.06962311839,-1.718231165,-1.45078822,0.999997161662117,3154.98067705678,3455.3086699125
"log_lik_y[298]",-2.7332959898,-2.6915662,0.518332165959665,0.520775777969999,-3.640090245,-1.957034725,1.00044492983775,4096.9501785254,3377.72409270283
"log_lik_y[299]",-1.687249230725,-1.63830395,0.189026518273593,0.15271721451,-2.0572596,-1.476032875,0.999853685291229,4176.04818917321,3612.8220638196
"log_lik_y[300]",-2.17288783741,-2.0731116,0.69354486972147,0.65721182058,-3.47240419,-1.20744093,0.999952687932543,4060.60275571425,3505.54464711895
"log_lik_y[301]",-1.54907905135,-1.54173485,0.0730805388351164,0.0647885080500001,-1.68146892,-1.444483445,1.00007425770177,2753.02304182157,3010.77093831097
"log_lik_y[302]",-1.598961255775,-1.577232,0.115347518035758,0.0892757968200001,-1.8134833,-1.460488265,1.00095862991881,2703.53277451442,3012.24094379276
"log_lik_y[303]",-1.560656894975,-1.54831555,0.0870981715086272,0.0695437251600002,-1.707133205,-1.449277865,1.00066236500943,2575.81952343572,2903.33399202849
"log_lik_y[304]",-0.87743961514,-0.842621425,0.308023319892997,0.298476401895,-1.444010455,-0.4275278135,1.00067767830425,3593.19482702089,2986.38997390656
"log_lik_y[305]",-0.67490423627725,-0.631372075,0.305107954748812,0.29101154796,-1.24083742,-0.25840432,1.00075132213176,3640.12177666295,3160.14143056159
"log_lik_y[306]",-0.39578472117465,-0.32850516,0.302030676830946,0.253598648457,-0.9849774815,-0.0555017866,1.00058458273815,3480.22905547101,3166.83697209174
"log_lik_y[307]",-1.6690533753,-1.6053071,0.218236532870773,0.12351258906,-2.083989905,-1.46846907,1.00108487772769,2429.49493074958,3139.52311101984
"log_lik_y[308]",-1.708410496275,-1.67003935,0.180842218025455,0.15798074103,-2.06774947,-1.490903655,1.00134251618747,2670.50816318858,3187.58097425767
"log_lik_y[309]",-1.792608042625,-1.72872075,0.255876205663136,0.21152506242,-2.29619244,-1.505738975,0.999874539859801,6074.78121380642,3155.64213909158
"log_lik_y[310]",-0.59706303549575,-0.535007165,0.356035490427388,0.326884574625,-1.256391365,-0.1359255955,0.999835370049988,6045.50875695044,3376.7168148736
"log_lik_y[311]",-0.291982176245857,-0.206540745,0.286291402034872,0.2124820377246,-0.8465111485,-0.0137419969,1.00046135338643,5320.6655592095,3660.97044018854
"log_lik_y[312]",-2.007876053075,-1.91175095,0.397490153922068,0.32652826878,-2.775415195,-1.553107415,1.00066298399713,2369.24123955533,3361.30449565342
"log_lik_y[313]",-1.56580162115,-1.55194815,0.089888639309584,0.07110416166,-1.725128795,-1.449894935,1.00048694800435,3727.60672350544,3031.80323242269
"log_lik_y[314]",-1.9364563483075,-1.8845433,0.521060110808903,0.50504598501,-2.865430275,-1.154971205,1.00066332336037,6015.87757330091,3062.25115322331
"log_lik_y[315]",-1.6216358747225,-1.55473325,0.575559970309691,0.55705559301,-2.68681533,-0.792347533,1.00349808493551,5932.59527737285,3114.87719525971
"log_lik_y[316]",-2.49583732525,-2.36619655,0.701708012502056,0.65328367188,-3.87911615,-1.610155415,1.00186981540081,5404.65584672479,3247.97539635014
"log_lik_y[317]",-2.67596395955,-2.5033034,0.900813005697733,0.83136528132,-4.442350395,-1.58331312,1.00148458958796,4884.71660760846,3333.36179989603
"log_lik_y[318]",-1.608378950125,-1.56962865,0.151229605414212,0.0904067982300001,-1.902365335,-1.46018642,1.0009992396365,2596.91144222269,2940.26493205055
"log_lik_y[319]",-1.5627237746,-1.55034605,0.0846332500061001,0.0682475621100001,-1.722198095,-1.4486003,1.00039532784532,2448.0323984712,3213.34527210277
"log_lik_y[320]",-1.563723055975,-1.5523355,0.0811578353186699,0.0697724162099999,-1.71601916,-1.450372685,1.0007085028111,2403.27305149464,2639.98448105315
"log_lik_y[321]",-1.5554193398,-1.5451661,0.0809736802572572,0.0665321939099998,-1.69574595,-1.44618112,1.00173009736074,2034.82984164673,2544.92321628435
"log_lik_y[322]",-1.633512568575,-1.5947884,0.150626426233104,0.10614222507,-1.92963236,-1.468470235,1.00049153415914,3606.89202269941,2688.97153863719
"log_lik_y[323]",-1.567980493045,-1.50127185,0.531885625121222,0.50661212952,-2.55047658,-0.8160767585,1.00101007295541,4792.90631269846,2942.19287606928
"log_lik_y[324]",-2.812703726975,-2.6913252,0.784328065669944,0.73383310749,-4.261088855,-1.765740855,1.00141688717884,4552.09482229826,3116.5855284148
"log_lik_y[325]",-1.60650694865,-1.5697492,0.145298057681269,0.0867733904100001,-1.89588702,-1.45624763,1.00029524304064,3022.65256585713,3222.87295468125
"log_lik_y[326]",-1.577459110425,-1.55595875,0.104004620475301,0.0743781131099998,-1.77497773,-1.453053765,0.999857772035527,3653.94680150582,3254.16849327487
"log_lik_y[327]",-1.5616113443,-1.54953335,0.0820898848533456,0.06951637119,-1.71117812,-1.44890148,1.00108717935956,2758.2878559793,2807.43820909273
"log_lik_y[328]",-2.3408462783175,-2.27324835,0.63328297514064,0.62611576818,-3.45340523,-1.41813513,0.999823926417258,5242.98182295462,2939.5023100856
"log_lik_y[329]",-2.2441049958,-2.0955952,0.657090225118858,0.59279633469,-3.52749489,-1.52387394,1.00014446196922,4593.71841015862,2975.49560934903
"log_lik_y[330]",-2.3343857769,-2.16428005,0.742630656223954,0.66134012028,-3.78040271,-1.527825135,1.00020553733246,4478.86467972192,2975.09157566982
"log_lik_y[331]",-1.672009867225,-1.6119408,0.199203365328554,0.13219150707,-2.07049859,-1.469593855,1.00033320303737,3085.21354741011,3379.9623648166
"log_lik_y[332]",-1.7112508475,-1.660095,0.198996839817779,0.16114816767,-2.10624922,-1.487179055,1.00049695933424,3153.69699577367,3757.62331533383
"log_lik_y[333]",-1.61825494825,-1.590816,0.128734740588506,0.10156417866,-1.874931885,-1.46432029,0.999992579330466,2764.79905384095,2959.85232425158
"log_lik_y[334]",-2.01982690969,-1.96871035,0.506532128220936,0.49241052651,-2.940207725,-1.282764365,1.00040995513414,5163.08400900389,3067.486615112
"log_lik_y[335]",-1.7781315534375,-1.7155345,0.542669280562915,0.53091794805,-2.751145095,-1.003647855,0.999903206710242,5634.56605381538,3079.46446999528
"log_lik_y[336]",-2.064239299,-1.9392408,0.507667406858455,0.4532197005,-3.066295155,-1.51527169,1.00067383113081,4871.78778827096,3502.4988967408
"log_lik_y[337]",-3.16868677895,-2.99946965,1.09279263225583,1.06337994987,-5.20087851,-1.74951277,1.0007746619965,5172.990377506,3909.05045955669
"log_lik_y[338]",-2.03664035415,-1.90359135,0.504732276614387,0.4011070518,-3.042805745,-1.521724285,1.00136422577907,1359.13828258259,3063.09259798619
"log_lik_y[339]",-1.751544762905,-1.7055911,0.576273145488417,0.58303645302,-2.792391345,-0.89093126,1.00106661920033,1816.19004653378,2848.38841287087
"log_lik_y[340]",-1.1341559733075,-1.08388385,0.463822002703795,0.462752129091,-1.959608925,-0.473661033,1.0028949624825,5629.49255576831,2988.67052033559
"log_lik_y[341]",-0.82158695124175,-0.728376675,0.494023933151812,0.470167857075,-1.750143485,-0.1972134415,1.00303184378942,6480.62636022738,2949.73411459012
"log_lik_y[342]",-3.715166206275,-3.41374535,1.45773858068935,1.36228834434,-6.537653275,-1.83484996,1.00208388486746,5089.706564724,3033.61004986078
"log_lik_y[343]",-1.62997697446,-1.6051749,0.422096683486716,0.41353079502,-2.362270975,-0.9765365425,1.00223837316622,2004.21091859741,2793.39368834284
"log_lik_y[344]",-2.1768717328,-2.11588835,0.347548053450967,0.31757299413,-2.82527185,-1.715376225,1.00300230962914,1915.23205015333,2308.66987516708
"log_lik_y[345]",-1.984084046675,-1.9337518,0.276205846713308,0.25712917125,-2.500015215,-1.618065485,1.00146792749292,2563.24664119829,2787.34804211615
"log_lik_y[346]",-1.4880773917575,-1.4616589,0.385989404254342,0.37696565361,-2.159837405,-0.9069449715,1.00082112732503,2667.6776432233,2960.41017614864
"log_lik_y[347]",-1.74302837865,-1.7015598,0.192346633200542,0.17006652558,-2.123928315,-1.50772285,1.00015997981639,3542.66564941598,3123.21330039068
"log_lik_y[348]",-1.341830790305,-1.30311385,0.383451238588474,0.37642457874,-2.01411845,-0.775799343,1.00111050333564,3888.24631823451,3034.93996420124
"log_lik_y[349]",-1.29026686805,-1.24607505,0.398112502223979,0.39116288295,-2.00051084,-0.7074928575,1.00059231930211,4088.44291346428,3111.79893180024
"log_lik_y[350]",-1.1887423113425,-1.1116853,0.503636049200267,0.476748421653,-2.14902381,-0.5042964595,1.00076213467101,3539.86867312173,3261.99767791395
"log_lik_y[351]",-2.733829568,-2.65105185,0.687432040709,0.66605671566,-3.978910765,-1.783840555,1.0005732008135,3612.15280584325,3369.10870973675
"log_lik_y[352]",-3.467114046175,-3.36174635,0.997178365326261,0.96466985034,-5.251499465,-2.04707596,1.00086736036212,3402.47491379952,3465.20310638845
"log_lik_y[353]",-1.588898413075,-1.56493935,0.117714809302151,0.08194686024,-1.81496255,-1.45432119,1.0002115709814,3108.54543018627,3143.3512701441
"log_lik_y[354]",-1.8228771811,-1.79008605,0.217581680214194,0.21111712503,-2.215416225,-1.53254827,1.00016894860538,3752.16380947643,3277.59085018783
"log_lik_y[355]",-1.57070608385,-1.5567381,0.0904969474107905,0.0751533646499999,-1.73887328,-1.44984768,1.0003526588793,3051.71858303219,2918.38971529537
"log_lik_y[356]",-2.7616123529,-2.7263575,0.489033956171566,0.49126662648,-3.639756545,-2.0378398,1.00177038375899,6011.64368201265,2617.18437888536
"log_lik_y[357]",-1.730365325575,-1.6724528,0.532018449512813,0.52103545536,-2.70329555,-0.955753251,1.0014648993173,5707.90811498284,2763.96938934353
"log_lik_y[358]",-1.49354286363,-1.4086403,0.562554430098112,0.54525372636,-2.536252625,-0.7052969975,1.00125432914268,5662.77262649915,3102.58166507061
"log_lik_y[359]",-3.1444292665,-3.0167656,0.933465655397467,0.91175963697,-4.841682575,-1.86186664,1.00011523988948,5352.45474965525,3234.06407759232
"log_lik_y[360]",-1.58373114715,-1.5668718,0.101833731378649,0.0820054970700002,-1.76788647,-1.45408623,1.00015298021924,3336.51564149407,3234.0624753317
"log_lik_y[361]",-1.639450595525,-1.61077545,0.135915866642428,0.11614162077,-1.89800459,-1.4699676,1.00020440087032,3360.17276051727,2930.27706453313
"log_lik_y[362]",-1.05228694405,-1.01720775,0.342967669982931,0.337159897011,-1.665511375,-0.559968106,1.00082318488102,4756.26920833983,3024.78952993958
"log_lik_y[363]",-0.77991744514125,-0.731680615,0.32844357783696,0.316567079682,-1.37502934,-0.3237429155,1.00062181010921,4907.9399032601,3246.82830923132
"log_lik_y[364]",-0.58913833797725,-0.529390965,0.317468982479196,0.293374493601,-1.165689455,-0.1727631675,1.00036682591896,4917.26120763988,3543.67773995737
"log_lik_y[365]",-4.206805105425,-4.0419453,1.18534036445436,1.11690151335,-6.390929165,-2.598633125,1.0005692464289,4814.76803623604,3610.56343322363
"log_lik_y[366]",-0.42187042364587,-0.35364639,0.304302575846744,0.257815852266,-1.002438625,-0.0692761459000001,1.00044253967548,4845.44326639531,3674.58815150671
"log_lik_y[367]",-1.694146395175,-1.61549805,0.24647658267647,0.13383089202,-2.15616817,-1.476234485,1.00120872843737,2026.26573657823,2586.14114654381
"log_lik_y[368]",-1.59802913385,-1.5759916,0.112859922553256,0.0914847966899999,-1.816723845,-1.456578825,1.00258424309674,2428.52058869717,3153.60859472576
"log_lik_y[369]",-1.5622754753,-1.55095195,0.0851449934853587,0.0720272284200001,-1.7150606,-1.446515885,1.00333060218321,2392.14538117108,3092.34895268821
"log_lik_y[370]",-1.64060023615,-1.6142965,0.137428585354921,0.11471076351,-1.89732151,-1.47293751,1.00298492498946,3005.53377690915,2956.32453881666
"log_lik_y[371]",-1.682664830225,-1.6461719,0.175109111257546,0.14098503006,-2.01515452,-1.479744185,1.00213420580079,4373.17462726717,2908.62944533425
"log_lik_y[372]",-0.546523801375,-0.496404195,0.313535855245893,0.291527529825,-1.134543155,-0.140579704,1.00123668336942,4615.11780314548,3158.22560711134
"log_lik_y[373]",-0.41725141103485,-0.357649685,0.292729345379759,0.261526244091,-0.9690633415,-0.0705174563000001,1.0009327345902,4185.8954360973,3186.12738627645
"log_lik_y[374]",-0.319690140419828,-0.25320662,0.271437184291844,0.220719428559,-0.838744771,-0.0306821980500001,1.00062264981018,3876.30786539877,3100.490142219
"log_lik_y[375]",-1.680486956025,-1.62495415,0.197256825135763,0.14241996447,-2.07474216,-1.47037805,1.00221785561238,3560.51666698474,3161.76099141338
"log_lik_y[376]",-1.80378960995,-1.75236255,0.246012600964918,0.21123580716,-2.280934155,-1.514207325,1.0027634045529,5581.36661005062,2877.26333468244
"log_lik_y[377]",-0.86299398286575,-0.81665485,0.380496308438199,0.353502700593,-1.578254335,-0.3268488405,0.999628268954508,6273.32657327329,2837.73632124622
"log_lik_y[378]",-0.39703848478855,-0.333417415,0.294675482437707,0.252948335619,-0.980356199,-0.05332473255,0.999609336120608,4933.0430724762,2857.57227986307
"log_lik_y[379]",-0.0965864605928191,-0.035202592,0.162565904178262,0.04967502679503,-0.409492333,-0.0001344297175,0.999896987630172,3751.96608334438,2781.30715560198
"log_lik_y[380]",-1.830458945775,-1.729621,0.327845384434759,0.23839555656,-2.50138087,-1.498516675,1.00234420833907,1605.28327731973,2407.34481724201
"log_lik_y[381]",-1.616806383025,-1.58632825,0.139302700593256,0.0994579229700001,-1.886842355,-1.461938625,1.0022923684843,2101.29302496954,3409.46076863383
"log_lik_y[382]",-2.4854047032275,-2.4262292,0.666341705054811,0.65324252973,-3.649451315,-1.48630625,1.00004084676365,3857.43323750051,2940.36092482372
"log_lik_y[383]",-2.807673378525,-2.64517375,0.87910812215588,0.82894990353,-4.491310495,-1.686733945,1.00055966354014,5456.0354342789,2962.85328808839
"log_lik_y[384]",-2.000726009225,-1.79022235,0.599007673289122,0.35962931529,-3.23108064,-1.48556444,1.00078464804746,3176.17578614134,2787.96141215704
"log_lik_y[385]",-1.69830583295,-1.62923005,0.228192628173954,0.14320240662,-2.168313345,-1.471089695,1.00181391848149,2724.29336434165,3058.18243927042
"log_lik_y[386]",-1.82336100125,-1.75509925,0.281550014474756,0.24083080119,-2.362447715,-1.503393645,1.00116605318337,4733.8648938953,3278.39827230171
"log_lik_y[387]",-2.21004358575,-1.98270735,0.721671387561992,0.57800006082,-3.69579819,-1.499889785,1.00055147476862,4654.99313134671,2803.80867801128
"log_lik_y[388]",-0.143826841838593,-0.052957846,0.215949135419397,0.0772208147676,-0.6019444045,-4.897654225e-05,0.999948231630228,5030.59497501792,2546.18162620273
"log_lik_y[389]",-0.0746795867176832,-0.00840418825,0.165401931762441,0.0124589858991191,-0.380341888,-8.97860307500002e-08,1.00015301102707,4779.85153061727,2539.61559077272
"log_lik_y[390]",-1.603369685225,-1.57014235,0.139277225807674,0.0895171641,-1.876863515,-1.45613452,1.00007327998608,2587.4904667271,2940.53472466695
"log_lik_y[391]",-1.56842848285,-1.5536231,0.0945170933664235,0.07356008856,-1.737944945,-1.449356885,1.00001706756281,3254.3175501684,3238.41832782389
"log_lik_y[392]",-2.27046083225,-2.237322,0.35528219078775,0.35014630917,-2.913112585,-1.75166122,1.00123433259216,4823.6678261047,3331.49768841965
"log_lik_y[393]",-1.340002421605,-1.28723785,0.41975855234088,0.40974549483,-2.119732505,-0.7245145675,1.00140355514741,4916.38259184161,3332.39908778164
"log_lik_y[394]",-1.2060122506975,-1.1519257,0.425195241025967,0.411564926724,-2.003174965,-0.599677486,1.00098193400152,4942.95664255608,3249.18325943308
"log_lik_y[395]",-2.61927031325,-2.54472945,0.573449353623159,0.56759739792,-3.694304615,-1.81456204,1.00048548615251,4991.71973799853,3421.9823281444
"log_lik_y[396]",-2.7605843765,-2.67601335,0.655402636586812,0.64374758868,-3.97366616,-1.849297945,1.00072054645707,4970.04656120373,3525.79603398341
"log_lik_y[397]",-0.9511023655985,-0.878425685,0.446308233622786,0.426724474659,-1.80203879,-0.3469886375,1.00054183802092,4894.21411685149,3501.76884095547
"log_lik_y[398]",-1.706369074125,-1.61886065,0.268030451470301,0.14433956082,-2.23156405,-1.46652892,1.00107649832061,3133.29853706277,3077.39925980989
"log_lik_y[399]",-0.73590525914705,-0.628821885,0.506189385009629,0.442115612127,-1.727700145,-0.135005625,1.00308660147907,5863.85247061407,2830.03017346859
"log_lik_y[400]",-1.606854936625,-1.57133635,0.147713619001548,0.0892158256499998,-1.884546875,-1.4519343,1.00049601078169,2755.22276080183,2775.81819507766
"log_lik_y[401]",-1.7464429529,-1.69463975,0.215473041854628,0.17255944335,-2.170610125,-1.4991947,1.00119495476325,3682.372325245,3193.54159728051
"log_lik_y[402]",-1.58526969515,-1.5612985,0.115648522773664,0.0816322525199998,-1.7952381,-1.451999435,1.00387213774212,2397.99406167872,2606.62008583992
"log_lik_y[403]",-1.8075995646,-1.7075015,0.322712780586441,0.23827502118,-2.44571492,-1.485156205,1.0016996667661,4391.41932842539,3489.04078992592
"log_lik_y[404]",-1.795442590125,-1.67974165,0.342104394340007,0.21499694097,-2.485547285,-1.47551187,1.00085281965752,3833.03212054887,3547.34433823796
"log_lik_y[405]",-1.6279988918,-1.57941375,0.178121596507306,0.09992383002,-1.9685626,-1.458392895,1.00040794774293,3133.61506902848,2857.98663789389
"log_lik_y[406]",-1.585482669425,-1.56220335,0.11297333919565,0.0815267655300001,-1.799041915,-1.452848595,1.00036630335923,2276.03102415808,2505.10114590433
"log_lik_y[407]",-2.163194530575,-1.9324816,0.716561484776345,0.52703583408,-3.615288515,-1.49412093,0.999874717318235,4357.65863855243,3195.61064795691
"log_lik_y[408]",-1.696575887775,-1.6280919,0.219122221532505,0.14565559071,-2.15563215,-1.476768945,1.00093519003871,2875.98101243628,3308.60185835532
"log_lik_y[409]",-1.7794089505,-1.722958,0.23180116371853,0.19917159444,-2.236570285,-1.50588796,1.00067783834468,3561.67254378657,3548.8440726192
"log_lik_y[410]",-1.6592234318,-1.60273995,0.500554595011851,0.4883943855,-2.55091645,-0.9360194475,1.00006917436365,5300.53882184208,2859.0048501982
"log_lik_y[411]",-1.0695310397625,-0.994137005,0.501978540847815,0.468995520777,-2.000188195,-0.397944413,1.00128207455594,6397.90495790096,2954.1932607545
"log_lik_y[412]",-2.9850713145,-2.73505725,1.11595586741926,0.98818959435,-5.11336581,-1.635047525,1.00073401784526,6359.97355555394,2863.59360595415
"log_lik_y[413]",-2.316151239425,-2.1917312,0.572479719626427,0.4904255475,-3.40652327,-1.65014481,1.00168592536276,2369.26588451453,2768.92584074021
"log_lik_y[414]",-1.3078466728925,-1.24768055,0.534869488700987,0.526396047702,-2.259690245,-0.5361942855,1.00156034675913,3616.64339271816,2951.42383197083
"log_lik_y[415]",-0.112381435120303,-0.0305571055,0.19947197356497,0.044947786702854,-0.494243735,-1.85725017000002e-05,0.9998560323602,4629.52203090305,2736.0001437623
"log_lik_y[416]",-0.0944749787017281,-0.0190560575,0.185976431873502,0.0281914925621154,-0.442724526,-3.80418015500002e-06,0.999817135956043,4585.0747759054,2660.21938360568
"log_lik_y[417]",-1.623337516925,-1.57708195,0.178337885619236,0.0966287515200001,-1.949401115,-1.453714925,1.0009993203019,2599.56033728069,2915.81000052645
"log_lik_y[418]",-2.03471712575,-1.805476,0.626950545839414,0.37752763314,-3.310969315,-1.4909419,1.00059959584313,3809.02885556838,3619.98778092741
"log_lik_y[419]",-1.69181679845,-1.6121628,0.24595911762416,0.13197445443,-2.186142765,-1.471000455,1.00004950173324,3803.21010670008,3618.92777550155
"log_lik_y[420]",-1.966283976025,-1.8751385,0.400689568892773,0.36926910636,-2.736855,-1.514272255,1.00021902860648,6156.76893156134,2573.64198384816
"log_lik_y[421]",-1.815118891825,-1.69132955,0.360304650982196,0.23669256807,-2.5397566,-1.47468385,1.0008400966451,3833.41179703439,2834.5669257861
"log_lik_y[422]",-1.60709712105,-1.5730017,0.138663949963478,0.0919663451699998,-1.874008415,-1.456525315,0.999838449623232,3061.74809976437,2745.66630496329
"log_lik_y[423]",-1.817846234225,-1.7663349,0.254472747316104,0.23801897616,-2.294758855,-1.506101595,1.00019933513681,6621.44910100501,3227.02938346994
"log_lik_y[424]",-1.5225780556925,-1.42392575,0.646689423800257,0.59862324921,-2.73679551,-0.637765175,1.00055288881046,7006.66470893786,3140.96364591439
"log_lik_y[425]",-3.066313087975,-2.8921835,1.04480148714785,0.97352201016,-5.024516235,-1.733085035,1.00032619455134,6373.26013333822,3436.16508014408
"log_lik_y[426]",-2.01261410845,-1.8897276,0.447261268651306,0.36648048402,-2.867576895,-1.525392075,1.00112269603846,2305.14549802216,2836.45518504899
"log_lik_y[427]",-1.2196351398625,-1.14892055,0.525000994143046,0.502900581267,-2.17830715,-0.4851638685,1.00094576249456,4298.28214674823,2737.62086592696
"log_lik_y[428]",-0.554312693834475,-0.45317285,0.425954166049477,0.36515681874,-1.39037892,-0.0690126380500001,1.00017529727244,4884.36998894729,3045.06210590141
"log_lik_y[429]",-1.764610201275,-1.7015231,0.250777872954606,0.20631631797,-2.237114385,-1.491163495,1.00119793953122,3031.45495153377,3108.7638437654
"log_lik_y[430]",-1.934883517675,-1.88589505,0.295348584204975,0.27850529805,-2.491831525,-1.55719939,1.00055645389703,5568.9379717884,3100.9146713955
"log_lik_y[431]",-0.98341766283,-0.939824865,0.38044148162121,0.372744446781,-1.67509431,-0.4473040485,1.00042567971429,5989.94917991073,3434.70371118631
"log_lik_y[432]",-0.5551833945295,-0.4902691,0.326268638866439,0.303121409934,-1.165575855,-0.142089767,1.00037410570065,5195.07821399674,3440.5245208082
"log_lik_y[433]",-0.232655371574515,-0.156091855,0.242439357677618,0.1635720689274,-0.700195655,-0.0117514052,1.00057091649911,4259.24372153138,2895.648555492
"log_lik_y[434]",-1.673722348675,-1.6035903,0.224937034932141,0.12391355823,-2.11134323,-1.470844035,1.00066109893255,3569.32120083688,3234.30321070489
"log_lik_y[435]",-1.92314441995,-1.754407,0.482515878715428,0.30799814094,-2.9035103,-1.48580731,1.00008000876074,4022.33810797013,3448.89291162657
"log_lik_y[436]",-1.619927081675,-1.57639685,0.165538473845094,0.0950687598000002,-1.927185405,-1.459044165,1.00069027440293,2941.83628532969,2683.82184788131
"log_lik_y[437]",-1.590786634,-1.56575355,0.119024411541861,0.08689088646,-1.813132175,-1.45476998,1.00285094118463,2611.88895493829,2746.4964468968
"log_lik_y[438]",-1.55237210356,-1.4604942,0.610882393254427,0.57536577714,-2.66906668,-0.7428445935,1.00050206346284,6606.58625523962,2963.79666740093
"log_lik_y[439]",-2.95565927585,-2.78872275,0.975118144499425,0.92752071279,-4.80607459,-1.6912026,1.00034634843286,6354.32932450058,3477.77816111909
"log_lik_y[440]",-1.94896964345,-1.8834064,0.332731877607009,0.29659613151,-2.584700645,-1.53945015,1.0000882271819,3904.46794307241,3328.87206331177
"log_lik_y[441]",-2.164404404925,-2.12303295,0.345786558271522,0.33602795415,-2.816016865,-1.67522625,1.00019331304193,4349.48716298135,3393.05560315139
"log_lik_y[442]",-1.4112599551725,-1.36039325,0.450302628621093,0.43389927273,-2.231744825,-0.7664664885,1.00044991170132,6080.54891425888,3272.51200992157
"log_lik_y[443]",-1.05020413468575,-0.990575445,0.425889216952971,0.403229771763,-1.844324235,-0.4617854005,1.00057917305102,5942.13691953167,3419.43897810894
"log_lik_y[444]",-2.9614244463,-2.8316544,0.82573728377813,0.78101692662,-4.46900158,-1.87347771,1.0001564489108,5381.35810210228,3389.60188753987
"log_lik_y[445]",-0.311880200081352,-0.21219062,0.317320883027734,0.212816051196,-0.93395766,-0.0191861107,1.00030564218929,4028.10102339906,3325.85066452812
"log_lik_y[446]",-1.61938856555,-1.5800797,0.157314847146797,0.09901203102,-1.91980558,-1.457230395,1.00044237661076,2835.99470471847,2601.31815981103
"log_lik_y[447]",-1.586479457425,-1.5638661,0.112793213002151,0.0833333136300002,-1.79645086,-1.455506025,1.00152894158469,2620.09351770368,2295.58162818264
"log_lik_y[448]",-1.600839775175,-1.56943535,0.133206551141261,0.08776117266,-1.844995155,-1.456336835,1.00190390023861,1902.65476270637,2384.8458108926
"log_lik_y[449]",-1.80914110345,-1.6915529,0.350414237685024,0.23146892349,-2.512685915,-1.47703966,1.00047096712538,4328.72113046446,3270.82711118044
"log_lik_y[450]",-1.612407535975,-1.57053615,0.166248686701408,0.0926422625100002,-1.915912885,-1.45737872,1.00092954431886,2621.01442919219,2756.37987970565
"log_lik_y[451]",-1.701553533925,-1.61639925,0.257488426514729,0.14392665672,-2.21309893,-1.46706696,1.00040680139799,2392.46214882845,2531.81216738891
"log_lik_y[452]",-1.6517612597,-1.60597885,0.173561087843842,0.12098742474,-1.98479304,-1.466109275,0.999905474995895,3424.66833964354,3396.83375981985
"log_lik_y[453]",-1.56575422395,-1.55227515,0.0882460925202335,0.07056249375,-1.728370975,-1.449851405,1.00087170516489,2472.97685125744,2384.9909878905
"log_lik_y[454]",-2.317537362375,-2.2513092,0.466599487310883,0.44652472368,-3.185556065,-1.66620458,1.00001098583163,6690.89961578171,2659.46770267279
"log_lik_y[455]",-1.14659355830825,-1.0601098,0.568766591539483,0.503376191934,-2.233714705,-0.4088408655,0.999867706506539,5879.59228507571,2925.72622563075
"log_lik_y[456]",-1.60090178835,-1.56871375,0.135034481026896,0.0875972712299998,-1.853579135,-1.45454571,1.00069440582275,3500.02950549055,3077.40463373944
"log_lik_y[457]",-1.752605531,-1.7060122,0.213576689868295,0.19189054584,-2.170407575,-1.49781971,1.00139427560036,5263.35631616666,3433.48788022175
"log_lik_y[458]",-1.8279036353575,-1.76499465,0.531240244476055,0.5147157246,-2.781844395,-1.075688855,1.00161872823898,5987.46629351698,3191.63297021936
"log_lik_y[459]",-3.959619105275,-3.84023095,1.05375231869284,1.00659629574,-5.871140435,-2.4153812,1.0028490276661,6252.13756965831,3049.7018097727
"log_lik_y[460]",-0.7690145824194,-0.640888425,0.556407558703029,0.458566504662,-1.87508859,-0.13640227,1.00263014874687,5866.13129635398,3172.86427519868
"log_lik_y[461]",-1.356611784505,-1.28448135,0.555584070505449,0.53200187691,-2.384642195,-0.5946051475,1.00021354281395,4932.60711452118,2991.63097946523
"log_lik_y[462]",-3.60384808905,-3.3948283,1.2959703030827,1.21205359527,-6.04385272,-1.906597685,1.00049987716132,5370.29657628084,3391.76598754626
"log_lik_y[463]",-0.56469215019007,-0.431174365,0.496758136839786,0.374172375906,-1.55832898,-0.05160846115,1.00028866714799,4836.8052567388,3027.68619210254
"log_lik_y[464]",-0.97902651052525,-0.90467351,0.483148319388578,0.440397115641,-1.880402525,-0.3127982605,1.00040970938667,3737.38733018366,2889.43062973071
"log_lik_y[465]",-0.423623510100875,-0.326602125,0.373992913895218,0.292066113927,-1.1530497,-0.0389302790500001,1.00214425802671,4715.68769093649,2639.16891996945
"log_lik_y[466]",-1.711550002025,-1.6502825,0.22035886168698,0.16509425583,-2.144394685,-1.475742615,1.000136866913,3338.66689833611,3236.63796182309
"log_lik_y[467]",-2.293066937625,-2.22908985,0.420369290877763,0.40137177003,-3.082815975,-1.715516345,0.999794905610313,5174.36462289655,3055.1034317794
"log_lik_y[468]",-1.164008903145,-1.10109995,0.476381220993481,0.449971449921,-2.042933045,-0.496936491,1.00046717950686,6781.2204256029,2942.64926637017
"log_lik_y[469]",-0.49216446466552,-0.3958178,0.399217220238266,0.330314021163,-1.266055175,-0.05617885375,1.00029741045696,5304.77332126578,2739.72950617816
"log_lik_y[470]",-1.62445354255,-1.57801825,0.17606623577542,0.0940668187200001,-1.954613155,-1.463929915,1.0006187789799,3018.04432019082,3130.60222798529
"log_lik_y[471]",-1.7852008227,-1.7132822,0.274733910851978,0.22213380672,-2.32439942,-1.486117985,0.999826060521738,4819.5076313156,3074.31378893875
"log_lik_y[472]",-1.710568453425,-1.6258885,0.252824513169589,0.15700103895,-2.231535895,-1.46935464,1.00098853985949,2956.33671280003,2628.47462880632
"log_lik_y[473]",-1.7917628958,-1.7190617,0.275074256558374,0.23292750537,-2.32755001,-1.48701598,1.00107059079811,2637.32748582098,3618.91605664996
"log_lik_y[474]",-1.71856738175,-1.6658601,0.213609870277287,0.17914952622,-2.13588463,-1.47529183,0.999780308462221,3764.78901624223,3275.95135821723
"log_lik_y[475]",-1.859252592475,-1.7812279,0.313010387241453,0.27840396234,-2.474948195,-1.49865156,1.00021988536624,5225.11565685234,3129.75710705972
"log_lik_y[476]",-1.69146609755,-1.6085392,0.255846341605454,0.13183790697,-2.2078149,-1.46543464,1.0009678426867,2130.64852863276,2751.78803019643
"log_lik_y[477]",-1.613299898175,-1.57456265,0.160369126804821,0.0920982965699999,-1.90922259,-1.457230935,1.00251073130816,2982.78809853945,3141.57355637356
"log_lik_y[478]",-2.030123232,-1.96766315,0.370264303405852,0.35647085838,-2.73040225,-1.543376545,1.00046568738122,5306.53739403297,2963.57735033407
"log_lik_y[479]",-1.696687703175,-1.62248685,0.224151176692683,0.14547693741,-2.167944575,-1.471260155,0.999857205127149,2973.26094480637,3172.45470987143
"log_lik_y[480]",-1.784502603575,-1.66704565,0.324986260887511,0.20214161289,-2.46875831,-1.47774694,0.999861366801529,3281.4396507275,3284.92291045945
"log_lik_y[481]",-1.905974236875,-1.84435945,0.326692397203003,0.30901735431,-2.5284364,-1.513101855,1.00076609300606,3247.60617943718,3364.04745993252
"log_lik_y[482]",-1.591950139625,-1.56528185,0.118704215523996,0.08459656296,-1.82738873,-1.45263961,1.00104802403718,2308.02856209477,2264.18425467103
"log_lik_y[483]",-1.729195831425,-1.63191415,0.28543047501617,0.16044763917,-2.32484513,-1.47265087,1.00209417794186,2550.36796701361,2936.16295012345
"log_lik_y[484]",-1.612123923275,-1.5760716,0.148486323305798,0.0939209308800001,-1.897496275,-1.46049913,1.00178732621905,2621.20266825932,2641.88557175243
"log_lik_y[485]",-1.6938777835,-1.6389305,0.199655662587016,0.15923576193,-2.086735415,-1.472764695,1.00040803120159,3980.02305552305,3322.64060697292
"log_lik_y[486]",-1.71084698945,-1.6317,0.236003984205075,0.16321713597,-2.18514699,-1.46801883,0.999946831331469,4522.1272232512,3066.59478675871
"log_lik_y[487]",-1.822423836525,-1.69578085,0.359487437656083,0.24183993288,-2.566895305,-1.47660645,0.999762954344014,4846.32379731167,3392.8247074159
"log_lik_y[488]",-1.70881664335,-1.6454737,0.231032382134786,0.16075542693,-2.137506535,-1.47313936,1.00000851057179,4585.61038505657,3246.48576247265
"log_lik_y[489]",-0.6908976265855,-0.59195208,0.482197064303895,0.416639799807,-1.62760885,-0.113175031,1.0016645022683,5373.25007858206,2768.37676225628
"log_lik_y[490]",-2.149816001525,-2.07741095,0.424426846511118,0.39445447734,-2.94826905,-1.58596689,1.00101228217697,4339.62596456089,2870.2189901893
"log_lik_y[491]",-2.232604859675,-2.16513375,0.435402326147315,0.40739342406,-3.03399234,-1.64476362,0.999797184855383,6911.67845783105,3310.70427929043
"log_lik_y[492]",-1.32884230798475,-1.2303655,0.620480976398962,0.564955760544,-2.47479633,-0.495314331,1.00002458229692,6373.73948824572,2810.02360036457
"log_lik_y[493]",-1.9897362724,-1.9573887,0.306260750928277,0.3025230474,-2.548175335,-1.566102255,1.00121736015936,4617.82090620695,3066.04598307681
"log_lik_y[494]",-2.102333574775,-2.0377453,0.417661494048076,0.40616798103,-2.887466855,-1.557690805,0.999884929409787,5350.10011410883,3050.50363028817
"log_lik_y[495]",-1.06432176977175,-0.964926015,0.605743981306119,0.564948518043,-2.212538235,-0.286018239,1.00020905506367,3929.18985889788,3168.65798590207
"event_prob[1]",0.963530151575,0.99999021,0.0960596588564768,1.45146540000141e-05,0.770948994,1,1.0003157206138,4165.51873406702,NA
"event_prob[2]",0.38263346517525,0.3039083,0.261851903329,0.231869981616,0.0860689808,0.9390908155,1.00120919084121,1688.95291209795,2914.86539428507
"event_prob[3]",0.25027907375735,0.22253391,0.154998868588309,0.147541494975,0.0493898773,0.5523635785,1.00068850808712,2989.67223371872,3476.47841350886
"event_prob[4]",0.66313158087,0.672522415,0.217881012842642,0.255606585528,0.292591407,0.9848599305,1.00271803868662,5886.96220316012,3090.80757034776
"event_prob[5]",0.168945922435925,0.14767527,0.113802834522983,0.1079301798834,0.0266376602,0.3796617645,1.00055904189582,1570.57058176326,2122.73720416824
"event_prob[6]",0.45188095966075,0.43554503,0.196310358169828,0.211707540828,0.161449176,0.801520537,1.00009817255516,4729.25507186936,2865.2273593178
"event_prob[7]",0.794222227857,0.851686405,0.199320933747652,0.195219383142,0.3915449995,0.9998056045,0.99985104721198,3566.62869331613,2572.92030716084
"event_prob[8]",0.8977809984175,0.9695799,0.147158116528069,0.0451007957819999,0.573499373,1,0.999763577007769,3617.66944623721,NA
"event_prob[9]",2.71157763846643e-07,1.8662227e-07,3.37217619825583e-07,1.770198721368e-07,1.759325935e-08,7.73826257e-07,1.00018973576318,2465.45408854369,2781.02029229229
"event_prob[10]",0.0525766406477275,0.0407902715,0.0457750843931057,0.0340858791273,0.005511266805,0.13610439,1.00008513587372,2568.14313358929,2612.80959833206
"event_prob[11]",0.13009975681115,0.11033617,0.0899595268341603,0.0798702313458,0.0229119499,0.305069007,1.00034284714682,3860.84561048703,2884.80914241841
"event_prob[12]",0.287479664371675,0.24336495,0.199463110650561,0.19273006809,0.04412069915,0.689678836,1.00192466438705,6201.92485718718,2806.14496943797
"event_prob[13]",0.3912986147954,0.378932285,0.196553097205084,0.210953794401,0.0963288923,0.7504321685,1.00111519322548,1970.74150394303,2373.46477052035
"event_prob[14]",0.8987367809325,0.959942045,0.134616680435211,0.059319908298,0.601922354,0.99999995,1.00019240447402,5213.64903322295,3055.19228394926
"event_prob[15]",0.644517215148,0.649335865,0.237620049606646,0.294116364402,0.246035434,0.995991562,1.00125253841023,2974.68197643234,2867.50741961825
"event_prob[16]",1.00845375514125e-06,7.2762456e-07,9.73029335663589e-07,5.48359209972e-07,1.688568045e-07,2.79701082e-06,1.00072386594572,3931.45250926876,3347.45085169593
"event_prob[17]",0.3120813900965,0.27646175,0.171859739849455,0.158591957706,0.0955155175,0.6589305675,1.00132200543308,4622.41035215372,2964.79526599398
"event_prob[18]",0.746357446465,0.776992835,0.202005184464392,0.241742370387,0.377728045,0.997898283,1.00027123127186,2817.16019901661,2744.51700558834
"event_prob[19]",0.167872288698175,0.14465479,0.116049545419872,0.103140686544,0.0278855325,0.3868526115,1.00030498657809,2648.34738590486,3010.6400249133
"event_prob[20]",0.287951064763,0.272201785,0.131860574850973,0.135505918674,0.100946316,0.5295822515,1.00083509981748,3266.1187889496,3423.23805893523
"event_prob[21]",0.377310151603,0.36161494,0.163184897510371,0.170563226232,0.134159671,0.67269674,1.00010003778716,4145.37037273827,3240.4647540097
"event_prob[22]",0.42295925406175,0.406426515,0.193846886064994,0.206510412549,0.1299196825,0.771549462,0.999489086178248,4173.28206087613,3189.66302753355
"event_prob[23]",0.4603208805775,0.44067319,0.224976903183257,0.249111663339,0.1228108995,0.8639289845,0.999767999518448,4123.85704359345,3481.47792132337
"event_prob[24]",0.0823031679376325,0.062163933,0.0743186466099494,0.0524241140493,0.009930789965,0.2252729425,0.999460592318639,3453.19781068639,3094.32988586861
"event_prob[25]",0.0786216661614,0.060695097,0.0672399997583165,0.050417821923,0.00968926631,0.208249388,1.00060328067332,3466.689762032,2980.5150158247
"event_prob[26]",0.0575899499700102,0.0351433815,0.0671679287219459,0.0369229439397,0.00322759673,0.1911730525,1.00021282605523,3829.71779526576,3752.22576608304
"event_prob[27]",0.057170274502572,0.029575968,0.0780419909944086,0.03441214223307,0.00179023271,0.2092604525,1.00109666782053,3531.73268054817,3407.52766829775
"event_prob[28]",0.9464849954025,0.997698045,0.108559882319603,0.00341287848300011,0.700616445,1,1.00028774521911,3021.7509586784,NA
"event_prob[29]",0.363262929725175,0.338810335,0.19713218868947,0.204513943389,0.0742336712,0.728237569,1.00038931439791,2694.21135735765,2949.66031001079
"event_prob[30]",0.9273850482,0.984394305,0.114596482371079,0.023137003407,0.674890297,1,1.0004549326328,4008.37136636204,NA
"event_prob[31]",0.9482188709375,0.99950597,0.111471630635043,0.000732448878000051,0.692339727,1,1.00003401047002,3869.86299190604,NA
"event_prob[32]",0.952802426185,0.999926795,0.1118434517811,0.000108533733000113,0.6893098765,1,1.00002662146567,3830.65867240079,NA
"event_prob[33]",0.162972058780175,0.099774326,0.174426072962813,0.0815349858057,0.0240772425,0.54775069,1.00267180397146,1844.65725645638,2349.65497229004
"event_prob[34]",0.0320824180085292,0.0229188185,0.0332852124507505,0.02177132858187,0.002452752155,0.09329622505,1.00217869169037,1899.66085084466,3312.7986729233
"event_prob[35]",0.11749783272,0.099940271,0.0823955870919925,0.0726751438938,0.0189532615,0.2730011865,1.00045924936182,2165.94099514636,3054.02516406164
"event_prob[36]",0.1577458544574,0.142580185,0.0892692776376041,0.083990275929,0.0398374558,0.3242059125,0.999916124547123,2665.6944862519,3132.09496153662
"event_prob[37]",0.393895755351,0.37814269,0.161949752126297,0.169360874697,0.1540773825,0.680970065,0.999902775198056,4499.44476433712,3489.04078992591
"event_prob[38]",0.50632284954275,0.496693805,0.203754338673389,0.228012745674,0.18416994,0.850586024,1.00100061737017,4300.75921938112,3115.84140688132
"event_prob[39]",0.629545859828275,0.64901368,0.251515363776295,0.309042247164,0.2012073535,0.989236183,0.999706947557353,4422.77321313669,3319.29905124084
"event_prob[40]",0.471328357525,0.457443375,0.198866261617995,0.215018564691,0.166741124,0.8215850025,1.00003241388312,4734.82257192448,3274.15829429249
"event_prob[41]",0.81209602486,0.85653973,0.169775755791197,0.172191854919,0.4821972795,0.999020941,0.99973689754815,4203.13716993262,3215.88840230557
"event_prob[42]",0.465026650828675,0.452719395,0.206717408857557,0.22720985847,0.1466190105,0.8261815005,1.0006172629719,2899.27258908717,2734.24456091595
"event_prob[43]",0.887655365875,0.952209115,0.14848073398933,0.0707252165129999,0.560171324,0.99999998,1.00087501048961,4545.56484486771,2698.975027999
"event_prob[44]",0.191094370408938,0.16889289,0.128021808174638,0.1246030161558,0.02811507125,0.435100639,1.00088194765339,1736.99304939338,2796.56856086116
"event_prob[45]",0.61285316119725,0.61974376,0.199348415066658,0.222324091017,0.2701496565,0.9242050225,1.0014886010522,4478.27369801845,2751.0497840381
"event_prob[46]",0.93311072459,0.988704855,0.116856291258399,0.0167461819770001,0.6600197255,1,1.00050059093088,2916.92128375762,NA
"event_prob[47]",0.5049185378045,0.504626805,0.211455081857064,0.233920877022,0.1565853835,0.8576249315,0.999899702750251,3380.30677540277,2907.08757392596
"event_prob[48]",0.8467551287375,0.91337997,0.17374415490875,0.126125034042,0.478249089,0.9999986405,1.00004460703091,3949.63209592458,3271.35012773988
"event_prob[49]",0.8359666813715,0.922372215,0.197247143518244,0.115084512144,0.4214484535,1,1.00154014173906,3564.63885888501,NA
"event_prob[50]",0.2271756434808,0.17011137,0.191074165133577,0.1402647029196,0.0320878117,0.6448075555,1.00086403905136,3603.53549774915,3231.61110133757
"event_prob[51]",1.92119423243625e-07,1.25685825e-07,2.13813980087318e-07,1.374632501592e-07,8.51096179e-09,5.939098745e-07,1.00169988146091,1278.38234307526,2305.36600593835
"event_prob[52]",0.126621475191975,0.109347345,0.0892123820200457,0.0839038344186,0.0176638838,0.291694749,1.00082817463463,1461.00867098986,2844.99800345024
"event_prob[53]",0.58437087059025,0.58909704,0.195322753777159,0.216586347474,0.255993895,0.8943851735,0.999647242694256,4581.02641833302,3258.19359894244
"event_prob[54]",0.8785155961775,0.945267085,0.152895721038899,0.080345637414,0.5501323265,0.99999345,1.00081130556686,3707.46510382562,3298.9754776829
"event_prob[55]",0.073463255008465,0.0593739795,0.0598182558212755,0.0456909143187,0.009815706855,0.182614034,1.00187168366729,1997.57973754557,2668.43542656573
"event_prob[56]",0.35043312233575,0.32122791,0.177932438937473,0.177205059255,0.10517403,0.691391602499999,1.00341578653445,5066.17898851729,3091.31424320995
"event_prob[57]",0.76926719037775,0.822680085,0.210896023137519,0.229077259887,0.364142363,0.9998220255,1.00020511369964,4243.16228891664,2926.20704700518
"event_prob[58]",0.112331628740192,0.088148485,0.0898398273311866,0.0692929018572,0.0163080773,0.2880520355,0.999609204074795,3588.69168315387,3022.40784903377
"event_prob[59]",0.1425283630604,0.126648225,0.0843195179104592,0.0780557654205,0.0361104446,0.3072358845,1.00101758548486,3518.2788089019,3252.53865464488
"event_prob[60]",0.147488831769175,0.126641595,0.0946764002361022,0.0841194229911,0.03339773765,0.333824335,1.00088998660285,4446.19581507878,3920.32549276938
"event_prob[61]",0.141768112548175,0.11590066,0.101122963995345,0.0844809527772,0.026581375,0.3422383485,1.00024638592608,4148.95890801729,3351.51545313188
"event_prob[62]",0.1318718035602,0.104130525,0.10267280053038,0.080792300316,0.0217455445,0.3399543855,1.00002008253857,4143.8976588479,3287.79830351536
"event_prob[63]",0.11882982146945,0.089886697,0.0998977662319082,0.0736919480388,0.01742394685,0.3189071325,1.00027171271031,4138.16244004158,3440.34023715706
"event_prob[64]",0.0960307461741825,0.0737348235,0.0841668390079527,0.0583360445598,0.0125015829,0.252854355,0.999566003653175,3620.81596792731,3246.24381969825
"event_prob[65]",0.084554771903475,0.071850974,0.0595037258620412,0.0494015389119,0.0160475849,0.195335627,1.00134322037974,2916.9640342201,3367.16496166931
"event_prob[66]",0.083852115913625,0.069535905,0.0608190387685171,0.0505193399928,0.01545964335,0.1985976595,1.00022450639793,2996.20445941514,3365.92472325261
"event_prob[67]",0.0654253327022225,0.0514606605,0.0521595906828277,0.0397826532432,0.0106489379,0.1666036725,1.00030039539674,2769.82601694207,3233.72145875612
"event_prob[68]",0.070388263520325,0.0533037095,0.0593413017172055,0.0440926233342,0.009672793205,0.1830096915,1.00075356048838,2933.21424112358,3323.2052678848
"event_prob[69]",0.062725675419015,0.0436109165,0.0607732392572896,0.040063224915,0.00632387656,0.177316861,1.00041749651889,3016.74735460584,3463.8592884005
"event_prob[70]",0.0516285616294775,0.032982328,0.0556271956803481,0.0326094667584,0.00413129001,0.1567930905,1.00037675266494,2894.76875977433,3483.9090703242
"event_prob[71]",0.0519612252104865,0.031434419,0.0594442509582386,0.0324776020905,0.0034478363,0.163545136,1.00034270048832,2924.71850619208,3379.48453438447
"event_prob[72]",0.0217725150446,0.0150083285,0.0219691722065599,0.01554362272974,0.001206911225,0.0638466992,1.00301212931068,994.040880818257,2753.78920273296
"event_prob[73]",0.0847165810283825,0.070288263,0.0626705839701792,0.0577959274494,0.0111921075,0.204079341,1.00255052502492,1071.07241375938,2696.99160992861
"event_prob[74]",0.23660524141925,0.22270874,0.11797621036438,0.117465649287,0.0707870444,0.4512554395,1.0013628854791,1551.26653827737,2956.39292981188
"event_prob[75]",0.5418539622855,0.536166655,0.181564875290958,0.195139092939,0.2426111845,0.845835094,1.00108711595428,4335.91951093553,2632.38280055883
"event_prob[76]",0.778032579043,0.8211825,0.186820600922664,0.196553597121,0.413418162,0.9962334095,0.999677092092668,3587.35168667879,2699.16797185799
"event_prob[77]",4.3426569404753e-07,3.10443565e-07,4.74875914047813e-07,2.83500258993e-07,3.34565322e-08,1.2383918e-06,1.00088763584927,1687.26948164158,2505.13773983952
"event_prob[78]",0.125317479252227,0.10155332,0.0998147492192254,0.0772010013012,0.0175446744,0.3146792765,1.00106091992992,2056.66600016535,2669.46070722181
"event_prob[79]",0.921737133975,0.98582039,0.127481683865818,0.021022689786,0.628898679,1,1.00077363749032,3959.10089597002,NA
"event_prob[80]",0.294080477974835,0.27526868,0.166837317230096,0.178090052847,0.0589794663,0.597023153,1.00011577840793,1653.53645265332,2247.95750975323
"event_prob[81]",0.67999010640725,0.69627582,0.185014706939033,0.202851607791,0.348392903,0.9471575235,1.00057049299281,4126.65577858942,3225.93787286838
"event_prob[82]",0.90611649385,0.957724215,0.124135342312909,0.0611328241649999,0.631405033,0.9999704675,1.00031795851285,2988.5193565016,3037.14524188305
"event_prob[83]",5.72217132065095e-07,3.35827275e-07,9.44890074600915e-07,3.29597295258e-07,3.197925265e-08,1.80405358e-06,1.00079138963051,3198.46075747669,2156.84042404424
"event_prob[84]",0.9361565896115,0.999504095,0.133057955860964,0.000735228752999945,0.627786682,1,1.00265641500348,4315.60265731242,NA
"event_prob[85]",6.12432223638025e-07,4.3677714e-07,6.35569588226634e-07,3.4335281358e-07,7.681990645e-08,1.725522745e-06,1.00068638791225,4168.47728750237,3112.90402317734
"event_prob[86]",0.248011507640425,0.21491882,0.148931006279729,0.128060301474,0.06412187735,0.542973665,1.00059173359241,4716.11627667252,3210.6584867009
"event_prob[87]",0.5387089696225,0.522216255,0.205747449405321,0.224154279174,0.230130426,0.910326613,1.00089104323748,4030.999661646,3172.44637193717
"event_prob[88]",1.20310808391625e-06,6.6787004e-07,2.13981732937967e-06,5.7249524115e-07,1.25096961e-07,3.856526355e-06,1.00071400483612,3289.22328398821,2957.92367300773
"event_prob[89]",0.78716208933225,0.843368335,0.205070014628797,0.214947392478,0.385093626,0.9999834535,1.00094846531606,3076.40753504071,2627.46066818254
"event_prob[90]",3.008918195291e-07,2.23165855e-07,2.85516729009966e-07,1.938369424089e-07,3.12154064e-08,8.281908705e-07,1.00160322259868,2101.55420984834,2954.37462360544
"event_prob[91]",0.06489576746248,0.053667531,0.0486080226104382,0.0395976344001,0.0102732064,0.157871913,1.00161756624834,2270.87301985374,3126.75205624548
"event_prob[92]",0.138643871526825,0.125088045,0.0782640219509344,0.0686397364968,0.0370939387,0.290763469,1.00109501624853,3185.63501265112,3381.86509492157
"event_prob[93]",0.35007247552325,0.330232455,0.151950382849459,0.147597114714,0.13630842,0.636018328,1.00068047229774,5205.93339878157,3278.80912261013
"event_prob[94]",0.47946101057875,0.45787125,0.202566519247887,0.216684970026,0.1862586885,0.844493136,0.999825146840123,5021.3970705287,3359.91130519146
"event_prob[95]",1.92655006877778e-07,1.32983835e-07,1.96078823964519e-07,1.33495742877e-07,1.314166805e-08,5.739428015e-07,1.00110013272903,1719.62215189913,2656.25154758516
"event_prob[96]",0.0512591922609225,0.040335499,0.0420630707729307,0.0354772992273,0.005601909925,0.1304371115,1.00089765976147,1840.05488399278,2674.74828541819
"event_prob[97]",0.107276650239925,0.093959855,0.0684659950466418,0.0659243516316,0.02223284075,0.236376201,1.00053565606132,2247.39650342011,2724.43100308844
"event_prob[98]",0.397065665858,0.37560873,0.172993820477701,0.179409470478,0.143420857,0.7120895265,1.00098834789014,4611.03346719763,2864.67011308689
"event_prob[99]",0.62024077734875,0.624555245,0.22447005331158,0.264657776985,0.251004871,0.9691361105,1.0020896472725,4942.60496230741,2694.41430514529
"event_prob[100]",2.49201344501915e-07,1.59442835e-07,3.25741836036161e-07,1.539650107002e-07,2.05774338e-08,7.66529034e-07,1.00039307687854,2302.21031584256,3050.5908329946
"event_prob[101]",0.0288273493135675,0.0203262265,0.0302608842155354,0.01852087189407,0.00294260401,0.08428820555,1.00036873900196,2382.53255393623,3038.35518877243
"event_prob[102]",0.0517373168575875,0.0410614545,0.0404898768002783,0.0322129980207,0.00831101095,0.13070375,1.00101302984757,2842.15472957562,3140.15193843679
"event_prob[103]",0.03883955023185,0.029748154,0.0323382710269798,0.0245127086883,0.00571644665,0.09996910335,0.999864460716986,2932.59458973584,2989.64080087788
"event_prob[104]",0.0342019748822125,0.024732402,0.0323261260005369,0.02203534813662,0.00381904358,0.0948709129499999,1.00051047492318,2974.73580368701,3045.57059373467
"event_prob[105]",0.036648429234087,0.02387935,0.0399985643395841,0.02343235741623,0.002841954925,0.1128124695,1.00092374672097,3094.84990888875,3335.46659999613
"event_prob[106]",0.0314131091045022,0.015428004,0.0465868786186245,0.0178833309879,0.001082451635,0.1170886775,1.0001740330648,3308.8469338791,3419.14548384777
"event_prob[107]",0.04791227774242,0.0364115055,0.0429491859937858,0.0329329137396,0.00449197169,0.127757889,1.00202957992591,1235.76684203828,2568.13795443076
"event_prob[108]",0.0669900795675225,0.057871889,0.0462245843309976,0.0414934935828,0.0112810635,0.1545593145,1.00182398189177,1417.48431795422,2965.76086690835
"event_prob[109]",0.0821568567636,0.073934549,0.0496184413230357,0.04751206677,0.01874986505,0.1761006165,1.00143556428594,1717.31079489442,2902.98322587997
"event_prob[110]",0.14923180596155,0.13907847,0.0779880883877445,0.0764340011715,0.04392527705,0.2979286585,1.00073703025095,2357.78765546835,2961.17831451733
"event_prob[111]",0.29582715833975,0.27677888,0.133161988338491,0.131683041987,0.1057655395,0.541596503,1.0010951885173,4240.18056572008,2843.97158084095
"event_prob[112]",0.3282952670695,0.30058184,0.15954060362882,0.154555408707,0.112158897,0.6310373915,1.00122119490405,4469.30444325465,3102.77885402644
"event_prob[113]",0.52905890488575,0.51201619,0.220101978798548,0.245759912454,0.186490887,0.910237709,1.00258880475824,4036.95578604404,3079.22003449386
"event_prob[114]",0.107268004663933,0.0876750375,0.0841588675418963,0.0725977380891,0.01364278125,0.2695018015,0.999815623253986,2990.25391679539,2674.46507391469
"event_prob[115]",0.18044052177365,0.1514844,0.12627546995953,0.1126719579657,0.03106040495,0.427246236,1.00206960908097,4487.30393962674,2806.37695887046
"event_prob[116]",0.256758299743275,0.2098899,0.192501882478454,0.1738803836112,0.032946839,0.659764477,1.00180512656345,5214.00681726355,3153.68127539959
"event_prob[117]",2.59986861063697e-07,1.8611818e-07,2.56840423529048e-07,1.75794076248e-07,1.96240127e-08,7.32316282e-07,1.00175489778263,1519.37805706293,2629.1295880855
"event_prob[118]",0.0963540191431475,0.0805094855,0.071180915775659,0.0617883083118,0.0145563629,0.2315155385,1.00128052595559,1902.37778815485,2910.94996660802
"event_prob[119]",0.273237549563525,0.23942391,0.165145453701176,0.150815439012,0.0672080611,0.6006986815,1.00257308355838,4675.66825594068,2846.09942483693
"event_prob[120]",0.86579451258775,0.96882872,0.193023042868563,0.0462145397279999,0.420467721,1,1.00014382240041,3872.12492199498,NA
"event_prob[121]",0.304274031612,0.259645935,0.185122200519664,0.167739466272,0.08303827925,0.667912263,1.00152277609659,2098.75058732784,3468.08536984404
"event_prob[122]",0.3479789465175,0.31049894,0.183511074084842,0.174633237513,0.11067357,0.7105095755,1.00088435451159,2354.77918356214,3164.16477226615
"event_prob[123]",1.86262849989012e-07,1.24369785e-07,2.01249860931758e-07,1.251455958648e-07,1.254377915e-08,5.434973015e-07,1.00063871125285,1874.60554659799,3163.24579139757
"event_prob[124]",1.86262849989012e-07,1.24369785e-07,2.01249860931758e-07,1.251455958648e-07,1.254377915e-08,5.434973015e-07,1.00063871125285,1874.60554659799,3163.24579139757
"event_prob[125]",0.0294140280525275,0.0213885815,0.0267669049634026,0.01964513459055,0.002872084385,0.0808402053499999,1.00040941220875,1980.72173346897,3230.26349699368
"event_prob[126]",0.081724111083495,0.060854909,0.071713742941612,0.0525618305394,0.0101528896,0.220074499,1.00025654784906,3581.00486413352,2856.24034558112
"event_prob[127]",0.069963767659495,0.0423364135,0.0815226292123738,0.0423328683141,0.00476181627,0.2286936145,1.00034438285043,4801.14387947587,2552.23844053847
"event_prob[128]",5.1903286128105e-07,3.7498643e-07,5.44708221560755e-07,3.27122183514e-07,5.201065305e-08,1.456576535e-06,1.0004558305809,1974.60240186107,3018.81502390761
"event_prob[129]",0.272817486540125,0.241208785,0.163024689296319,0.147647649135,0.0668094015,0.596793316,1.00085054930081,3737.9574073295,3223.47306019138
"event_prob[130]",0.78274185206175,0.83857871,0.211489094939507,0.216625569657,0.354978862,0.999975779,1.00113884959083,5055.88768598855,2744.60354074197
"event_prob[131]",1.40605385925355e-07,9.07597265e-08,1.62210396683236e-07,9.73689484656e-08,6.274272195e-09,4.37404589e-07,1.00183674211609,1284.7543065918,1968.44726437924
"event_prob[132]",0.031534680403288,0.023137971,0.0300963393728941,0.02238697118952,0.002235783605,0.0886699375,1.00163431078767,1296.17549196026,2142.90503228111
"event_prob[133]",0.0481681574623775,0.040106164,0.0365617333501034,0.0325400573568,0.00627561158,0.11586805,1.00136363202442,1411.57446368132,2432.64297742357
"event_prob[134]",0.07292122565475,0.0643770895,0.0461744308759345,0.0442152158217,0.01445830245,0.156369458,1.00096447677054,1692.47785731412,2383.65597160491
"event_prob[135]",0.112970266481675,0.102937305,0.0620860875503666,0.0601825917252,0.03128582145,0.226664125,1.00039256783837,2510.1829456586,2466.08789003065
"event_prob[136]",0.1803042609777,0.165200935,0.0949157464333654,0.092132737368,0.0536005292,0.355696279,0.999746258879801,3889.03767716646,3009.90482673187
"event_prob[137]",0.2216966072343,0.199161025,0.128180972055024,0.120896978727,0.0572393129,0.4659926265,0.999651127260471,4196.0498194084,3354.38078403192
"event_prob[138]",0.222677183525675,0.191674405,0.144408674470484,0.131619853575,0.04835746235,0.5041775385,0.999605674524811,4122.35638923206,3543.22620324669
"event_prob[139]",0.238357623986925,0.19837379,0.164166529148371,0.1463977965786,0.04470371275,0.562324219,0.999614522695219,4056.4023004404,3655.87381029183
"event_prob[140]",0.2148014111809,0.19503235,0.132955483223465,0.135123467178,0.03712340825,0.4634152205,1.00012491656237,1655.21375761982,2388.57498947246
"event_prob[141]",0.48657809808575,0.475379745,0.170544266730042,0.179923799244,0.211646613,0.778283817,1.0024844766061,3556.65085579005,2748.31455473841
"event_prob[142]",0.51576644214775,0.50576372,0.183875103093885,0.201430194693,0.2296714385,0.8303990585,1.00272069284663,3953.97626494502,2916.35383453822
"event_prob[143]",0.7902567962425,0.8315149,0.175937028522807,0.18275661789,0.445082399,0.994183469,1.00081270655775,3674.52156547562,2985.27130918042
"event_prob[144]",2.59569700049005e-07,1.8254256e-07,2.90202689704799e-07,1.769084414034e-07,1.816807525e-08,7.55825837e-07,1.00225697025204,1440.87495651741,2488.77868451967
"event_prob[145]",0.0731427907798025,0.059435308,0.0581034470560149,0.0477333863328,0.009438258635,0.182595468,1.00173646318883,1636.13890398542,2694.54370535213
"event_prob[146]",0.3830047246435,0.35564041,0.186489046517101,0.189531921978,0.118602385,0.7383843635,1.00052822272754,5356.51963087022,3260.29499806273
"event_prob[147]",0.8681219701175,0.94858001,0.171938965978272,0.0762205253040001,0.498293725,1,0.999956235671804,4533.06681316713,NA
"event_prob[148]",5.9023378293625e-07,3.86450445e-07,7.05845465513616e-07,3.15011172525e-07,7.12747826e-08,1.758711635e-06,1.00018035962079,3782.32297368111,3274.83484536165
"event_prob[149]",0.1480877584573,0.11867337,0.111735155281262,0.078534893556,0.030339979,0.3766913725,0.999960832360719,4248.53536492882,3425.05064498871
"event_prob[150]",0.30101961405855,0.26407284,0.167968671319948,0.149648706942,0.09153410205,0.6342760935,0.999698177864636,5647.64464889717,3362.06209555573
"event_prob[151]",2.64995212651198e-07,1.76340365e-07,3.21026832983709e-07,1.665722590287e-07,1.90927292e-08,7.89944806e-07,1.00042336990793,1881.25339696516,2130.43430220654
"event_prob[152]",0.0805377171694725,0.064809767,0.063560641205902,0.0505006117896,0.0114524439,0.2036809775,1.00053198072172,2045.91017395484,2496.553200591
"event_prob[153]",0.15991351565495,0.14567372,0.0888668202996947,0.081823463442,0.04486534745,0.3308024305,1.00178809636897,2782.66200038821,2789.87068849391
"event_prob[154]",0.261174962086,0.24369699,0.126098116828709,0.120199978815,0.0883919694,0.495692524,1.00047589827587,4480.6358200673,2626.24652525245
"event_prob[155]",0.339738478343525,0.313735545,0.169084689922846,0.166432013223,0.1082458595,0.6674664075,1.00063334982806,5020.97278498816,2994.04637402582
"event_prob[156]",0.465799188468325,0.43983735,0.224797170906472,0.246391040448,0.1371505555,0.8772555935,1.0008183691399,4852.17037444972,2946.14881571746
"event_prob[157]",5.64161328887125e-07,3.73407435e-07,6.46249894762614e-07,3.04608020367e-07,7.32173032e-08,1.69636516e-06,1.00183746673274,3061.66014175614,3096.9579347324
"event_prob[158]",0.09850279838091,0.0749596495,0.0819346139661499,0.053392310412,0.0186137585,0.266245816,1.00131853263038,3327.99578127536,3278.73126182068
"event_prob[159]",0.140742936495225,0.11692621,0.0944946566244811,0.0725279528484,0.03562725985,0.3286109415,1.00039121186029,4596.60124266768,3352.92999123497
"event_prob[160]",0.212914525687,0.181803335,0.134236314891211,0.113975853516,0.0562108214,0.481895766,0.999782936193722,6126.02435461361,3306.61655382169
"event_prob[161]",6.5163896663575e-07,4.46578275e-07,7.53101347617811e-07,3.51512517657e-07,9.760246055e-08,1.85016295e-06,1.00097691502591,4488.81132843717,3030.72295456893
"event_prob[162]",0.0876267888958,0.0673413945,0.0738144298996733,0.0477726463221,0.01745131235,0.229734929,1.00141884802808,4515.76121725588,3186.46697840941
"event_prob[163]",0.193908253431475,0.1690037,0.117695036602589,0.098022862539,0.0558120806,0.4222743315,1.00077915616315,4832.44591081408,3966.53272697233
"event_prob[164]",0.24153975307825,0.21203344,0.137963084282126,0.116392076388,0.07309841095,0.5072700635,1.00041155296866,5332.86304099978,3254.80977960216
"event_prob[165]",2.2370989083715e-06,9.4510595e-07,7.25753654817815e-06,8.55469236447e-07,2.075832925e-07,7.06624475499999e-06,1.00200989366667,1819.88855990895,2611.98549061232
"event_prob[166]",0.335104058464475,0.263377905,0.233681192773237,0.194543888343,0.075773237,0.8342255265,1.00266159056029,1575.3583791529,3019.8573069828
"event_prob[167]",0.41037997079,0.3540666,0.229510708386468,0.212165701293,0.1267699575,0.895567514,1.00384182623018,1490.56210430351,1840.31119804446
"event_prob[168]",2.33538899475812e-07,1.58915805e-07,2.48648230700855e-07,1.537011946323e-07,1.824828165e-08,6.757499005e-07,1.00121250687766,1654.44643207686,3096.79617933801
"event_prob[169]",0.0624812056051725,0.0506461125,0.0490373808383895,0.0409201402869,0.008687817765,0.1568345325,1.00036471389776,1802.45858599343,3298.39245622404
"event_prob[170]",0.128372729422175,0.11456094,0.076477926417786,0.0704029726617,0.0325343395,0.272906751,0.999804068310449,2908.51023273017,3090.28582986376
"event_prob[171]",0.2484996998644,0.22599419,0.136346303482999,0.128322328785,0.0741329515,0.511862293499999,1.00092139941693,5707.55001942437,2659.11575463936
"event_prob[172]",0.31338114985065,0.27247806,0.185923979571333,0.171480451548,0.08393145795,0.690407261,1.00124477308674,6011.5390643225,2684.31534931484
"event_prob[173]",0.148247700578043,0.130320575,0.100327525321035,0.087167228274,0.02538740055,0.3310644295,1.00080551491805,2132.38409319491,2397.82368805971
"event_prob[174]",0.37503815277675,0.35730613,0.166849644544458,0.166753685532,0.13331372,0.686819435,1.00161759799806,3732.09737937557,3056.51382410893
"event_prob[175]",0.66227665661025,0.66969789,0.205943285225651,0.236654769183,0.308577027,0.97245353,1.00085043557598,4456.74240578601,2923.40627003735
"event_prob[176]",1.90691427657593e-07,1.25460175e-07,2.04526285904291e-07,1.313912581527e-07,1.025269695e-08,5.56931406e-07,1.00232782647096,1138.2489882239,2505.9210135463
"event_prob[177]",0.04856849981327,0.0378052755,0.0411265664201584,0.0343392310044,0.00451676269,0.125561632,1.00202091375925,1196.51249272766,2804.74133156295
"event_prob[178]",0.11391851271585,0.10022128,0.0719554218548458,0.0673664002977,0.02203275655,0.2493768215,1.0015513724663,1522.63043100733,2822.24436420224
"event_prob[179]",0.215690827698,0.19725756,0.112218138577201,0.107563022889,0.0626767996,0.42350653,1.00355331542065,2597.43946577911,2695.48622578147
"event_prob[180]",0.42644320027175,0.407769065,0.181647810648408,0.190042536831,0.1628093335,0.7594170805,1.00499978468065,5244.42989951064,2774.24064531795
"event_prob[181]",0.8932781211165,0.964026395,0.148577279017648,0.0533251560450001,0.5584371975,0.99999999,1.00071827316224,3387.78253384601,3395.25315380713
"event_prob[182]",6.61759315730283e-07,4.6836721e-07,6.51172543045114e-07,3.819318447e-07,8.491674655e-08,1.9118905e-06,1.0007832967544,3044.25719151293,2802.91554702455
"event_prob[183]",0.19253960573145,0.160560485,0.132114912230635,0.1034146183917,0.04243139525,0.4647397985,1.00000348275819,4492.61022271356,2879.14073996681
"event_prob[184]",0.64819739633275,0.65582937,0.233263524480346,0.276356069199,0.2449249485,0.993368329,0.999954045210849,4772.55798580992,2222.51508422703
"event_prob[185]",6.863192011971e-07,4.2241044e-07,9.31219219601745e-07,3.50912583567e-07,8.069737405e-08,2.0518382e-06,1.0033916278451,2603.06227964564,2682.6548934034
"event_prob[186]",0.12609127894665,0.0955520065,0.106627696227274,0.0689934455679,0.0228704636,0.3362739905,1.00215104079675,2784.4893838995,2746.34206785042
"event_prob[187]",0.175450425152575,0.14348425,0.122622463698167,0.0942365215638,0.03987567215,0.4166658515,1.00102548164355,3997.96268697752,3144.00513842278
"event_prob[188]",3.30796409794087e-07,2.12983335e-07,4.43671440052751e-07,1.985651042928e-07,2.374425255e-08,1.007016455e-06,1.00084722303023,3028.03628379545,2919.34384372013
"event_prob[189]",0.0652994420597025,0.050294784,0.0610693322545964,0.0414689231943,0.007005339005,0.180174055,1.00012944869629,3420.92698506991,2707.21042791232
"event_prob[190]",0.124323230488795,0.0758863515,0.135054206135082,0.0814993804254,0.00753260256,0.408371640499999,1.00115586778345,4958.44094164557,3111.61408706691
"event_prob[191]",0.9507309530825,0.999996635,0.119738938053089,4.98894899996651e-06,0.664052059,1,0.999187030831969,4895.22796042042,NA
"event_prob[192]",2.8094058237852e-07,1.923692e-07,3.17604837039382e-07,1.874656134624e-07,1.94953526e-08,8.471156465e-07,1.00116617972844,2155.97134282555,2307.64724292101
"event_prob[193]",0.06111122555629,0.047635728,0.0532887416620576,0.0409063558134,0.007012009255,0.165644108,1.00081694685642,2292.46776402339,2535.81343550021
"event_prob[194]",0.319586825802,0.298102725,0.154380317404089,0.152099607828,0.1070447585,0.6081437185,1.00097923727025,4260.82780706182,3064.44413616024
"event_prob[195]",0.507140339729,0.48938669,0.219717725927413,0.243950369502,0.178546583,0.9001731085,0.999914233305732,4526.52775116324,3119.68138185371
"event_prob[196]",1.06646929839255e-06,5.63759035e-07,2.12576445812169e-06,4.93094590737e-07,8.955111995e-08,3.31395111e-06,1.0008672865808,4631.82496417067,2929.09040663371
"event_prob[197]",0.6670149612255,0.69319061,0.260502955287869,0.336735139524,0.212161848,0.999728114,1.00098165666605,4635.13814182645,2584.65072337394
"event_prob[198]",2.19260578979185e-07,1.37701085e-07,2.90783409412083e-07,1.361442469149e-07,1.226819695e-08,6.981019415e-07,1.00031855986647,2075.90509579844,2834.688103064
"event_prob[199]",0.0456793260710775,0.034694391,0.042464009303698,0.0296635301802,0.004706602305,0.1213727195,1.00124480218764,2272.02453647668,2867.91756741759
"event_prob[200]",0.045933100293215,0.0351521125,0.0398208680264984,0.0300252549282,0.00544421163,0.119556166,1.00341194751262,3000.43726713869,3365.5259221402
"event_prob[201]",0.04984386755769,0.0330825215,0.0529215620590859,0.0324787088514,0.004010054155,0.149169841,1.00108214412906,3674.57830963984,3305.44517455629
"event_prob[202]",0.044561599319508,0.0250643335,0.0595126026511245,0.02735251749678,0.00216755314,0.1526136035,1.00101840797034,3839.27632620763,3443.39462564051
"event_prob[203]",2.28965728917628e-07,1.51287335e-07,2.70977023671274e-07,1.498807316181e-07,1.41947604e-08,6.95379479e-07,1.00099226545712,2632.68383741391,2747.13142871848
"event_prob[204]",0.0420051438384422,0.030721573,0.0400558386249259,0.0282327233286,0.00375176339,0.118101214,1.00035128513925,2725.60834907705,2823.84764436759
"event_prob[205]",0.0843092168793785,0.048327183,0.102601335584684,0.0530150494986,0.003590789605,0.2883599515,1.00010029948808,4020.31723531637,2725.77949483622
"event_prob[206]",7.40041308919375e-07,4.89993415e-07,8.48246872861658e-07,3.80575851327e-07,1.12269926e-07,2.18362992e-06,1.00024721708294,4396.39270426763,3034.09266375377
"event_prob[207]",0.144073585112775,0.113545335,0.111051117111278,0.0767288799333,0.0314754749,0.3682644805,0.9998257472456,4331.8849844508,3158.81779666913
"event_prob[208]",0.313493313358,0.274757565,0.182808509303431,0.163570128204,0.08789899085,0.6741714815,1.00080707587437,4710.9110904819,2835.17357835592
"event_prob[209]",1.47716838475825e-06,7.88022775e-07,3.57952446443472e-06,6.60811617858e-07,1.73152923e-07,4.470512025e-06,1.00036211193882,3734.88758493322,3125.39209101248
"event_prob[210]",0.38919392919,0.326247895,0.243573325452235,0.227834084961,0.0910854861,0.8921502105,1.00038212016694,3042.38690400728,3029.61503109252
"event_prob[211]",2.681585712891e-07,1.60520795e-07,4.5357866398957e-07,1.666550822538e-07,1.07696287e-08,8.01054684999999e-07,1.00080924788992,2653.70030992081,2473.5612349202
"event_prob[212]",0.0964055413997018,0.057503658,0.111399601601968,0.0609900594219,0.004524165165,0.326132999,1.00051991955129,4318.57020969863,3133.73885920048
"event_prob[213]",1.94039355449557e-07,1.2304265e-07,2.30839634159445e-07,1.283965173477e-07,1.124052445e-08,5.903624555e-07,1.00073166733755,2653.59773245908,3105.63057576776
"event_prob[214]",0.0569496745672075,0.0410537485,0.0548727559171732,0.038462016915,0.00502578395,0.1573075135,1.0003472564378,3049.06155078188,2587.01771349193
"event_prob[215]",0.0671276352306622,0.0396627855,0.0812395117041743,0.0416646026727,0.003736026355,0.2182831125,1.00033261816937,4155.73272858934,2454.82832408592
"event_prob[216]",3.779662602947e-07,2.59650155e-07,4.29366575500725e-07,2.36543285076e-07,3.266190515e-08,1.06590866e-06,1.00140877230926,3520.50439951402,2581.92409292954
"event_prob[217]",0.15829773717245,0.133281205,0.110837858909885,0.0950559938727,0.02985998295,0.368379006,1.00138172439087,5011.72470136384,3031.53825185738
"event_prob[218]",0.442104130131,0.4064159,0.241451176347148,0.261469682901,0.1069311855,0.908276471,1.00038882123431,7383.77155143377,3058.15061901994
"event_prob[219]",2.1225265880605e-06,1.0825933e-06,4.27627789431934e-06,9.40182524505e-07,2.33601951e-07,6.49332134499999e-06,1.00265684619075,3762.15765604804,2912.66908969917
"event_prob[220]",0.44413445285375,0.387342435,0.257594482492517,0.266213269014,0.1101814125,0.9537463725,1.00128878838768,3318.48419110933,2931.54286467365
"event_prob[221]",6.51204837775525e-07,4.7022977e-07,6.49805849978267e-07,3.79097758431e-07,8.415913415e-08,1.819754535e-06,1.00124946935292,2371.18937909373,2580.32370583758
"event_prob[222]",0.27221156591015,0.240645855,0.157101034464417,0.146783856723,0.0738468974,0.5725179695,1.00046613829489,4467.28806911098,3016.93700485666
"event_prob[223]",0.5520822645455,0.53786098,0.240467707442624,0.28765427439,0.190105595,0.9632885095,1.0008605023907,4100.09900719453,2845.3011062027
"event_prob[224]",2.87761683035579e-07,1.7687846e-07,5.38758758773403e-07,1.769498948994e-07,1.686156845e-08,8.438952905e-07,1.00019817826708,2559.05408222699,2626.9464897082
"event_prob[225]",0.148943652779957,0.104458875,0.138897690270985,0.0988845919131,0.0130043242,0.432588796,0.9999989771196,4994.27049900377,2877.41962239175
"event_prob[226]",4.95339492414375e-07,3.3266641e-07,6.13879220159993e-07,2.85594980055e-07,5.2237007e-08,1.45464182e-06,0.999961046919,3802.13135156439,2555.34302390718
"event_prob[227]",0.218161637571725,0.18496223,0.1426740572429,0.118806112425,0.05120249685,0.4994976765,1.00102005932505,5407.80176464617,2879.66241000947
"event_prob[228]",0.3814213591045,0.33834835,0.230821240553115,0.234860304273,0.0852938765,0.8491083235,1.00135849177278,6052.01523776798,3214.19311521175
"event_prob[229]",4.921187022448e-07,3.57389675e-07,4.90341527826954e-07,2.90247682788e-07,6.02821307e-08,1.38573017e-06,1.00011391837995,2596.78389624954,2517.20387142409
"event_prob[230]",0.12226430247055,0.100565325,0.0880791325602411,0.0683467421196,0.0246850742,0.29309464,0.999905666739897,3326.74037232193,2744.50754675019
"event_prob[231]",0.37213875616975,0.333603265,0.198333425046442,0.187577825526,0.1149971675,0.772073375,1.00019923680269,5902.36371311733,3059.27914838475
"event_prob[232]",1.87046420796977e-07,1.2044343e-07,2.38826594794856e-07,1.252710408747e-07,1.018226045e-08,5.51730457e-07,1.0008749717116,2011.2491667072,2828.15989228947
"event_prob[233]",0.034797687044305,0.0255840455,0.0341298135752135,0.0238275658698,0.00286664409,0.0940600715,1.00087590507567,2092.45954413608,2921.15627887506
"event_prob[234]",0.060006431531845,0.0455122995,0.0534704280907463,0.0390555787902,0.006860854065,0.162496445,1.00069276096264,2910.6893337605,2679.84750313099
"event_prob[235]",0.110186854395748,0.0729461635,0.112723653279499,0.072554848695,0.00952162972,0.334467149,1.00031724911797,4835.00135163411,3149.90909050236
"event_prob[236]",2.99537948637557e-07,1.9110833e-07,4.56393469774391e-07,1.940838494238e-07,1.86632672e-08,8.80990945499998e-07,1.00011060525714,2658.75504505449,2373.28844491659
"event_prob[237]",0.155680618665155,0.1160206,0.135492012321322,0.102734639469,0.01688005,0.4361630655,1.00082853704412,4930.23343292905,2906.04669479573
"event_prob[238]",3.13520991166312e-07,2.196341e-07,3.34800407423298e-07,2.070425369628e-07,2.38685298e-08,8.70008722e-07,1.00082430787585,1684.64994086123,2681.51960015707
"event_prob[239]",0.0975440641764375,0.0819103615,0.0727446830641544,0.0612812605944,0.01502878195,0.23532147,1.00037829725392,2160.10668325679,3081.77642586001
"event_prob[240]",0.286437839318975,0.25499872,0.167598612921755,0.160575357747,0.07171867315,0.6202384675,0.999831425685834,5944.34328657512,2889.63601871343
"event_prob[241]",0.57580945778725,0.57287196,0.265482645006602,0.33192582234,0.147022999,0.986865743,1.00007942824489,5617.86497697951,2641.23058121404
"event_prob[242]",6.19556705003075e-07,4.3728886e-07,6.51969559319701e-07,3.34319146455e-07,9.01200059e-08,1.750930945e-06,1.00282364575069,4519.965042083,2994.50552676892
"event_prob[243]",0.19364488565455,0.16343875,0.126940279946348,0.100496402727,0.04818441985,0.4519158095,1.00158430215646,5392.32181304065,3171.1271428537
"event_prob[244]",0.118737604660225,0.094169019,0.0928860979472699,0.063665972286,0.02566562075,0.3041978105,1.00141707736039,6114.39706194962,2921.92758335916
"event_prob[245]",0.45899949012,0.41537669,0.252565471660821,0.267012301458,0.1209796895,0.9518975835,1.00115435370925,2908.03117243218,3296.63350049572
"event_prob[246]",0.57209954556025,0.560665625,0.273418628790171,0.352093059339,0.157473998,0.997954961,1.00080382424301,2153.49971732899,3050.50681011203
"event_prob[247]",6.80306492385175e-07,4.84915535e-07,7.09758306328008e-07,3.79127988645e-07,9.644357505e-08,1.84794027e-06,0.999838274558795,3743.42906574556,2895.63234002008
"event_prob[248]",0.1493628978276,0.12167936,0.110150160859655,0.0821980504863,0.03240249055,0.3618603565,1.00023120415553,5286.81022981818,2838.90383430448
"event_prob[249]",0.474412100973,0.441607255,0.240754819787931,0.261855863136,0.1379622695,0.922585587,1.00035744812699,5589.35577591413,3145.70142395809
"event_prob[250]",2.03212977501081e-07,1.3139586e-07,2.34667023760523e-07,1.317595167189e-07,1.288771485e-08,6.260504615e-07,1.00048966339754,2240.20319158258,2655.62818343681
"event_prob[251]",0.0455761923653002,0.032517352,0.0441531106146039,0.0301975908696,0.004168472015,0.130187384,1.00020359291567,2628.15607220105,2728.72363633591
"event_prob[252]",0.071305083542079,0.047751506,0.0758153781898271,0.0458238012393,0.005665151775,0.2142565635,0.999996689770657,4256.35666649202,2793.54702247757
"event_prob[253]",1.19960216552397e-07,7.10594465e-08,1.47246777005078e-07,8.07527356524e-08,4.277530665e-09,3.96466333e-07,1.0022239931905,1299.69226678037,2445.06460612813
"event_prob[254]",0.027371314028195,0.0185439985,0.0278961365010074,0.01902880731822,0.00167329944,0.0825952814,1.00162531112327,1367.96623753831,2442.68688451267
"event_prob[255]",0.031951443544085,0.02197892,0.032221690466868,0.02137833839442,0.00260877648,0.09507360495,1.00055918913051,1986.91915769906,2351.34214627652
"event_prob[256]",0.082629783162035,0.0512652325,0.0918198398049242,0.052775874984,0.00546189241,0.278474357,0.99958043850828,4176.51409106826,2674.12288831557
"event_prob[257]",1.31417518165246e-07,7.9742431e-08,1.59171238044141e-07,8.85649308915e-08,4.997254075e-09,4.382096255e-07,1.00217568624429,1500.46678567242,2178.17254997619
"event_prob[258]",0.0295124359036995,0.020506948,0.029170262119254,0.02046828715743,0.002017978455,0.0859832218999999,1.00108237258018,1623.17280712405,2252.14627159884
"event_prob[259]",0.0285583566223758,0.0187197805,0.0301011777148028,0.018689848338,0.00196119505,0.0896676767999999,1.00000955487484,2498.60541809399,2533.61223105302
"event_prob[260]",0.035271816139518,0.019880055,0.0439373014010033,0.02148173321343,0.0015881837,0.1206365995,0.999882250776631,3539.1700908022,2625.07675236429
"event_prob[261]",1.62789833076959e-07,1.04809165e-07,1.83489444276768e-07,1.123246292637e-07,8.386156155e-09,5.1816329e-07,1.00137884324804,1638.23639956485,2625.21850258386
"event_prob[262]",0.033592590657272,0.0237489985,0.0323218176560918,0.0232773040689,0.002582765715,0.0977397508,1.00089256524964,1830.94693050018,2784.20006662058
"event_prob[263]",0.10937347988005,0.0745848765,0.109145105183689,0.070650723276,0.008743606115,0.3340374355,0.999800084320452,4469.22425272775,2778.35814296679
"event_prob[264]",1.47290121744843e-07,8.79603655e-08,2.04881642056585e-07,9.68648881872e-08,6.155100905e-09,4.512025805e-07,1.00283312179527,1595.0786730471,2609.77354489754
"event_prob[265]",0.0310609121048067,0.021555825,0.0304305711618768,0.02132362267077,0.00238406095,0.0901694264499999,1.00228264240894,1592.55123601423,2528.02009414336
"event_prob[266]",0.0328852641833675,0.022608543,0.0332141087791186,0.02197286907459,0.00275276739,0.0968296590999998,1.00119331760672,2104.18415473942,2909.71024119633
"event_prob[267]",0.0451004351811468,0.0275550925,0.0534071798719824,0.02866343819892,0.002729571295,0.1460674855,1.00032683168621,3178.42077518009,2901.17675457022
"event_prob[268]",0.156242324052835,0.122299205,0.127994229958817,0.0947850316728,0.02177218145,0.42357689,1.00090311501284,4754.79696625393,2769.22447589686
"event_prob[269]",0.758429645574,0.828512515,0.240114279186798,0.243983342526,0.280801734,0.9999974825,1.00113000047096,5550.45433630983,2578.55177272002
"event_prob[270]",4.35040360466553e-07,3.1095154e-07,4.5887169641571e-07,2.6969576298e-07,4.160237935e-08,1.239194355e-06,0.999957561907632,3029.71027169695,2508.55577129846
"event_prob[271]",0.130084460590025,0.105293215,0.100214969448029,0.0782773014429,0.02065729265,0.320568814,1.00070849054273,5070.29679486963,3359.39238301951
"event_prob[272]",0.4341620196727,0.39308391,0.255215760134243,0.271830447525,0.0899323036,0.92554985,1.00005940828993,6564.71998397335,3062.42814117016
"event_prob[273]",0.13563398836907,0.11634479,0.0981825815544818,0.0866461796235,0.0209022702,0.3234219405,1.00131725951976,1886.33091758366,2606.41039220434
"event_prob[274]",0.3551309883526,0.322904185,0.198435233223869,0.204691432848,0.0864298172,0.727568949,1.00105114949445,4620.16137911374,2691.83570283812
"event_prob[275]",0.45702769939025,0.423248975,0.258188681347561,0.290908559151,0.0939430748,0.927811118,0.99981252655156,4029.9288019522,2185.12394216022
