"variable","mean","median","sd","mad","q5","q95","rhat","ess_bulk","ess_tail"
"lp__",-569.98339088875,-569.790975,14.4635079728828,14.455461195,-593.8692655,-546.5806105,1.00275432606482,1583.94578400007,2692.93896481166
"beta0",-2.07439354288245,-2.06129845,0.748441197621441,0.75466867833,-3.3101587,-0.8754179985,1.00039539950781,4077.49114026873,5351.40722570885
"beta_time",-3.561447882875,-3.5576864,0.481531611607293,0.477975414,-4.35078894,-2.778215055,1.00052135634686,4623.04347524293,5310.41967178623
"beta_time2",0.501807688501812,0.506593015,0.251741875469663,0.250265430072,0.0775695247,0.914381232,1.00018467022859,5019.40653230831,5086.33696933869
"beta_bm",0.6073146965377,0.599106495,0.727299613881413,0.7426619801118,-0.565196114,1.81546437,1.00033842976989,4293.18522349249,5392.72850109883
"sigma_y",1.812722492275,1.80864575,0.0968853028413176,0.0962588428199998,1.65972473,1.976234125,1.00027434159158,6909.97900854178,5898.03928258646
"gamma0",-4.09463972488125,-4.0368885,1.12698224356567,1.09186099239,-6.03868808,-2.32498394,1.00086562603899,3996.01737070159,5344.58637636428
"gamma_time",-0.228481493452566,-0.222753415,0.448327318787956,0.441508665339,-0.972776527,0.5067390005,1.00054695594456,10428.0849907377,5935.46134100449
"gamma_gap",-1.83127876078162,-1.82866225,0.526916979679479,0.52474788576,-2.698837525,-0.9730991815,0.999882679463696,9709.04709414312,6139.51034745286
"alpha_mrd",-1.2745888837875,-1.25008825,0.254738741904345,0.24369362766,-1.7244369,-0.898621958,1.00135905037811,3060.93873233358,4163.39154780914
"tau_b[1]",0.967730767225,0.971135565,0.229095995423074,0.216316981293,0.5893921895,1.33926616,1.00127003244758,1359.25784817661,1395.46345688968
"tau_b[2]",2.2027782605875,2.17932775,0.354175670214516,0.3441715053,1.657381445,2.815355395,1.0018030420887,1777.43946787886,3017.50738820678
"z_b[1,1]",-0.303881239264076,-0.2989795,0.975564357648668,0.969365852406,-1.919630145,1.27127509,1.00007938842059,9575.70491647882,6319.5366025809
"z_b[2,1]",-0.951774079880763,-0.889395955,0.636822705166754,0.630521113929,-2.103110895,-0.0212819226000016,1.0005623006014,7911.63140204065,5721.70378359142
"z_b[1,2]",-1.42913300296493,-1.45222745,0.803422003639973,0.778706427954,-2.73666477,-0.0788936125500006,1.00102335458659,6925.93307128556,4983.04387158224
"z_b[2,2]",-0.354990290433171,-0.317855675,0.532676324933354,0.510912722166,-1.28974224,0.458397124999999,1.00091520656089,5182.80427564171,5845.06498590764
"z_b[1,3]",0.297998298914141,0.27411801,0.823657938327292,0.81392567991,-1.03397678,1.67966176,1.00002972176172,7787.91201395138,6033.75013478167
"z_b[2,3]",-0.141784020709677,-0.126418815,0.412847721247045,0.389908329069,-0.8513213715,0.5078940215,1.00030643205914,5944.81844474787,5978.09447476147
"z_b[1,4]",0.329166377832958,0.33936316,0.79541734055759,0.795052189323,-0.9839678935,1.630493,1.00005341947706,6492.70669529174,5777.50001590216
"z_b[2,4]",-0.614798775660751,-0.606127035,0.626502608281603,0.620465194104,-1.649335415,0.3883485865,1.00057699422136,6826.63541009424,5855.19433217265
"z_b[1,5]",-0.135747552129725,-0.13277267,0.912943982306483,0.889268172429,-1.6428195,1.351558135,0.999922138733868,7504.65343096641,6140.85949674187
"z_b[2,5]",-0.34614532726363,-0.33197207,0.404203640291741,0.3887492264586,-1.033002515,0.275663001,0.999897252875124,6411.38009223712,5363.03289591978
"z_b[1,6]",0.297524744935466,0.296019215,0.722703556071539,0.716180197005,-0.8832632485,1.470067405,1.00000398492848,7488.9179278723,5871.83722665375
"z_b[2,6]",0.196488201718961,0.18994788,0.69443549324624,0.683718625527,-0.9399005185,1.343241565,1.00009686334779,8247.62719864249,6494.1541818652
"z_b[1,7]",0.323604305899188,0.307634395,0.775444371005058,0.771926238699,-0.9269839395,1.602186955,1.00018003684957,7130.31369013176,6280.20808774311
"z_b[2,7]",-1.00882482641942,-0.97486988,0.528956637041704,0.523032421191,-1.92103891,-0.2051994215,1.00032722394468,6845.05574895636,6190.2598466859
"z_b[1,8]",-0.978624728410984,-1.0138521,0.822322196802393,0.826088959962,-2.279052885,0.4241698805,1.0005832649597,6027.39108129844,5294.88693832299
"z_b[2,8]",-1.20852423110084,-1.17159925,0.660406850163027,0.646576515501,-2.34664376,-0.1853212865,1.0001038149703,6073.883574102,5778.69542610868
"z_b[1,9]",-0.923325114925362,-0.94124147,0.67267603803537,0.652890011928,-1.99809319,0.1965623055,1.00033171357676,7567.04935347113,5037.37620417044
"z_b[2,9]",-1.48729558898994,-1.46572635,0.712630427143226,0.71802629346,-2.70108205,-0.347234964000001,1.000045355973,8227.01585606181,5884.53351973069
"z_b[1,10]",0.58296706709839,0.56752918,0.885363297997492,0.8907122922873,-0.857804627,2.022137725,0.999857391942461,6804.5060002948,6172.42973825931
"z_b[2,10]",0.560854216291152,0.55657315,0.328464771343204,0.311076997056,0.0305802718,1.112896295,1.00040899579582,4643.3757538119,5617.79683057268
"z_b[1,11]",0.435346547975673,0.426880495,0.926826951452411,0.922759127913,-1.093765605,1.954854045,1.0008609357718,7195.34599745452,6027.17065630381
"z_b[2,11]",1.14883937476344,1.13544085,0.369581070904173,0.35361796533,0.5698010155,1.78019337,1.00020302704688,4774.96058771577,5146.81278984952
"z_b[1,12]",-0.0889987862376363,-0.084839888,0.964363169881129,0.9883757080932,-1.67908186,1.482354745,1.00023416952571,8346.93991201697,6149.6355113825
"z_b[2,12]",-0.197743794166607,-0.182291005,0.33503864311346,0.321110737185,-0.765418137,0.3230721935,1.0003077829512,5136.12089245045,5274.21412217124
"z_b[1,13]",0.178041551096512,0.168715195,0.781157605600006,0.770462341698,-1.06523659,1.466727265,0.999850641321242,8179.73430985642,6213.53560302095
"z_b[2,13]",-1.02144978309849,-0.982678125,0.57520276717242,0.568710059568,-2.015841395,-0.138530565,1.00085228770115,7333.24919821471,6272.99074987375
"z_b[1,14]",-0.387670659774665,-0.38583703,0.955320132640241,0.953285921217,-1.952764485,1.20025796,1.00050735005174,9501.40568461449,5720.20350725568
"z_b[2,14]",-1.05557368817158,-1.00610575,0.624809723260093,0.606684256605,-2.17124351,-0.1428675175,1.00011536462903,7888.85241097461,6005.92748369231
"z_b[1,15]",-0.309139588004683,-0.302916205,0.950881145451489,0.954733264989,-1.894284945,1.234717755,1.00039552458399,10767.9343977287,6056.90015058358
"z_b[2,15]",-0.901202459817027,-0.849988935,0.639914897821102,0.627807525975,-2.04180627,0.0580137334499997,1.00032600234568,8266.8457679891,5731.47614474149
"z_b[1,16]",-0.89454183554709,-0.921163865,0.837162105581175,0.842054945928,-2.2501089,0.528901467,1.00011991045718,6498.74935186279,6263.48864559764
"z_b[2,16]",0.5711434780318,0.56108971,0.437661367511982,0.424026320571,-0.128542815,1.29771429,1.00013377519423,4702.52207864161,5579.10245323678
"z_b[1,17]",0.449280556763104,0.442812475,0.756751706344228,0.7513581793074,-0.784091758,1.70157893,1.00117734152511,6618.72114860785,6168.47786026488
"z_b[2,17]",0.420472624527388,0.418803875,0.342968664732497,0.330710186709,-0.1489080995,0.9869237875,1.00003407715933,4756.60863861037,5234.10259221568
"z_b[1,18]",0.11420221417475,0.0969906755,0.806127327298508,0.8113749266553,-1.1980706,1.457983665,1.00057293363583,7497.62026978266,6710.12642060125
"z_b[2,18]",-0.00249909327502613,0.00373946795,0.341545493131875,0.32995863453,-0.573234052,0.544530374,1.00066813956644,5739.85226129462,6051.98125349549
"z_b[1,19]",0.162182208578441,0.14922323,0.769500810974806,0.752587219125,-1.096835335,1.434445865,1.00032080324541,7007.36891550872,6304.86524640198
"z_b[2,19]",-0.962167856029041,-0.924521105,0.568588559459349,0.571142450193,-1.964048465,-0.0904067726500005,1.00020007077038,6459.33113000662,5600.47979817914
"z_b[1,20]",0.67276589473981,0.657029255,0.825577602092871,0.825428350467,-0.672721883,2.028858885,1.00030887097472,6022.80538495921,5475.48704893347
"z_b[2,20]",-0.299108192223985,-0.277390085,0.45995854225265,0.4390833163227,-1.090642755,0.4147738315,1.0003719905619,5668.20438846494,5606.24820631614
"z_b[1,21]",0.602084681617304,0.611069925,0.848095298236783,0.8395275050757,-0.8064583455,1.99429918,1.00030412363489,6924.64700446781,6133.22602183809
"z_b[2,21]",-0.285991178078929,-0.264174465,0.435255414066846,0.4256997689973,-1.02660662,0.3804115275,1.00029916747931,5825.58886282282,5392.05435166217
"z_b[1,22]",-0.712386402094032,-0.721479815,0.921739299662858,0.901276683867,-2.21664827,0.828510652499999,0.999956718332186,7555.52545661701,5513.69530490409
"z_b[2,22]",-1.14621710485477,-1.1142771,0.724830262149191,0.721907599413,-2.416475315,-0.0309969790000004,0.999947145544593,7447.9159138225,5583.84534020119
"z_b[1,23]",-0.608385028303659,-0.608478185,0.966149188270477,0.9683024768298,-2.202448515,0.967277254,1.00030209057424,7737.34829637605,6299.30227556184
"z_b[2,23]",1.0763351586895,1.05670195,0.323731231875355,0.313551701085,0.5791927405,1.63746945,1.00076365204702,3022.97703880286,4710.32301575607
"z_b[1,24]",0.66436224565621,0.664442785,0.756787005947302,0.75204477285,-0.5553094455,1.926427275,1.00048744633955,6851.2264010034,5973.5809353953
"z_b[2,24]",-0.227634586831792,-0.211430725,0.424358912330099,0.4131425398863,-0.943646951,0.442267065999999,1.00004152139333,6030.09958779759,5525.81792986235
"z_b[1,25]",-0.126943491691828,-0.135647495,0.712885741095467,0.697029274893,-1.2765563,1.073462835,1.00034915005912,7808.90820882665,6485.75425703152
"z_b[2,25]",-1.05812478510611,-1.05489415,0.71754878800264,0.7182967197,-2.25904402,0.0891652756499995,1.00035404080603,8803.03545290545,6422.26475310505
"z_b[1,26]",0.591489984943652,0.598630645,0.948373016876449,0.967348100523,-0.9525383675,2.161483385,1.00068813403498,7017.44948946469,5672.74990745102
"z_b[2,26]",0.853510388649863,0.84477418,0.320474451604312,0.308163398949,0.3393125265,1.390337185,1.0006644632258,4358.03693109325,5117.95319065957
"z_b[1,27]",0.289671769532959,0.2872073,0.904243896796559,0.911637633816,-1.17487718,1.762351715,0.999958046959704,7811.45690153604,5971.28443049272
"z_b[2,27]",1.13583003911038,1.12607995,0.334495175558397,0.32253525633,0.612354724,1.704868125,1.00012319284345,3942.95851777911,4684.98438673157
"z_b[1,28]",0.84117033002191,0.842644815,0.741161904423738,0.727972293321,-0.368936889,2.03858823,1.00140360829272,6262.92169387781,4722.62349659628
"z_b[2,28]",-0.286633249715993,-0.2676802,0.423725517393442,0.40450358506278,-1.01348436,0.3834184145,1.00063308445448,5414.99095246153,5664.06173747686
"z_b[1,29]",-0.128686306346839,-0.13471329,0.740681506617632,0.730627125837,-1.33329926,1.101999985,1.00077359549348,9901.03732495323,6577.4534280718
"z_b[2,29]",-1.14175244856305,-1.09716385,0.651282376128379,0.629722919154,-2.27842606,-0.1315442645,1.00005847106007,8924.16362900204,6036.35950351948
"z_b[1,30]",0.840721060427321,0.838992475,0.869221817106238,0.858777628695,-0.5768233305,2.26352665,1.00035803117492,6438.62721895298,5833.87424425332
"z_b[2,30]",-0.173352507245641,-0.15364377,0.402422463325121,0.384469574055,-0.8666229865,0.455005913,1.00067311614839,5419.08726200121,5286.54934467972
"z_b[1,31]",-0.22488264008371,-0.223202735,0.848635163535904,0.847622175645,-1.63686317,1.152066175,1.00079232020704,10104.0988845209,6631.56989473079
"z_b[2,31]",-0.855541667109334,-0.811825105,0.688305387667436,0.6769099407,-2.03728775,0.2101406005,1.00123463905679,8744.71317567456,5245.62141746204
"z_b[1,32]",-0.482535198379771,-0.491915835,0.704155995436374,0.6895180860015,-1.61224366,0.692351781499999,0.999918064211152,7514.58475784848,5885.60757265529
"z_b[2,32]",0.0548170454886387,0.0578649835,0.391092420736974,0.3883289946081,-0.5892415395,0.693811858,1.00001818771455,5919.92005091409,5770.77020545075
"z_b[1,33]",-0.852476010431528,-0.846636985,0.786174116680636,0.761723059629,-2.13908125,0.4477581455,1.00020531354194,9235.60697240819,5961.40726645968
"z_b[2,33]",-1.30515780577581,-1.28680065,0.73513076217002,0.737210633376,-2.55606248,-0.1239866885,1.00003811275692,8681.7023795093,6123.7280713279
"z_b[1,34]",0.126864448593448,0.1282728,0.68040955046305,0.675418986249,-1.00124722,1.24723194,1.00058827489754,7469.90705715963,6112.21226447204
"z_b[2,34]",-0.0325775030616799,-0.037334624,0.454706582524381,0.4377104235336,-0.782612619,0.7110531145,1.00010492968558,7289.24412163715,6065.84191758384
"z_b[1,35]",0.590809237024333,0.587380825,0.729287715737395,0.716252028975,-0.596765369,1.79355144,1.00055384441251,7481.42120113031,6071.79549439422
"z_b[2,35]",0.025781951827915,0.0328094055,0.39503972399741,0.383326141044,-0.6298404705,0.6680878685,1.00070913576839,5806.63108498897,5452.77648094717
"z_b[1,36]",0.355721925090386,0.35616406,0.753345218003895,0.752457254409,-0.885230896,1.6005533,1.00006604727827,6956.72544998296,5627.02592995528
"z_b[2,36]",1.46961574676163,1.4596607,0.421049799448636,0.40705205541,0.793938854,2.177835985,1.00062465583298,5150.62065155814,5436.0839227748
"z_b[1,37]",0.709870385159494,0.71400459,0.764356245062913,0.753242483847,-0.5529256725,1.94947339,1.00045673136043,7003.62993153791,6281.68496149599
"z_b[2,37]",0.20220390099425,0.210188865,0.403628153684664,0.388113078381,-0.461564423,0.858009481499999,1.00123773053842,5912.08551001288,6139.72603845196
"z_b[1,38]",0.42650987989382,0.419402575,0.885610828256528,0.885218487594,-1.032902555,1.884625585,1.00026650700528,7204.1753797247,6566.17528337615
"z_b[2,38]",0.644228660566259,0.63598136,0.540959000423651,0.525894669447,-0.231655784,1.539716615,1.00013708383332,6792.96034822795,6014.63761757103
"z_b[1,39]",0.305869070262279,0.291957675,0.724988404166154,0.719704552182,-0.8427884305,1.540624275,1.00037947112736,7707.45499378504,6072.09509733496
"z_b[2,39]",-0.602367206518184,-0.580296295,0.643285178684539,0.631316640024,-1.70928165,0.414057628,1.00002924748015,7682.18821610169,6008.99508939262
"z_b[1,40]",-0.890525312759059,-0.90048219,0.749574556450629,0.727577291616,-2.08323689,0.3817974975,0.99995187015488,7263.19451489912,5962.24840769183
"z_b[2,40]",0.731963726562459,0.71528153,0.396897200212412,0.391993109298,0.1117272595,1.40790521,0.99998525547353,4522.39323497817,5943.00401216162
"z_b[1,41]",0.590126181096046,0.605209425,0.717258838433818,0.713454036603,-0.5852482155,1.75062891,1.00030659244004,7947.25975970711,5352.32190766473
"z_b[2,41]",0.736151984713586,0.72397977,0.717758909504511,0.703577563269,-0.4476155615,1.94343279,1.00039102061093,8710.45093449694,6333.24897280202
"z_b[1,42]",-0.330994064811591,-0.337518035,0.715036974399978,0.698723634651,-1.486515215,0.8408993805,1.00031555323558,8026.2593185048,5905.6831664603
"z_b[2,42]",-1.13177461694794,-1.11149835,0.754079195852993,0.75977638359,-2.397708455,0.0689871221499988,1.00016501828991,8860.2596092664,5597.33313815967
"z_b[1,43]",0.931333441668586,0.9295346,0.721670950867547,0.707944205745,-0.2352031805,2.14291955,1.00055115166633,6563.97705828871,6184.05726553909
"z_b[2,43]",0.58917781184495,0.58576584,0.344863750323891,0.337273671735,0.02915904365,1.16177334,1.00022169066566,4491.06196412706,5440.69664884877
"z_b[1,44]",0.727346182131036,0.72514028,0.841894410761403,0.825957067866,-0.6329964835,2.141748005,1.00009884393963,6914.07817039373,6032.05961063581
"z_b[2,44]",-0.173233925251755,-0.155740585,0.447639432076676,0.424973827992,-0.9397034045,0.5385641155,0.99987373987759,5977.39755749779,5792.64838993807
"z_b[1,45]",0.302431725896952,0.29827382,0.704787616077492,0.705909174159,-0.8577355185,1.458587905,1.00026555111054,7319.36961011894,5623.58286483544
"z_b[2,45]",-0.583090586262284,-0.566301245,0.574564641545944,0.565966930809,-1.548250445,0.3278611745,0.999988619527297,7929.4386336457,6523.34310621776
"z_b[1,46]",-0.386824275768493,-0.400335725,0.741122706930586,0.729078817005,-1.566911365,0.845385165499999,1.00028659880912,7805.67179338595,6221.89670713934
"z_b[2,46]",0.634160541114464,0.628095515,0.432597919837209,0.421560386121,-0.0568229214999999,1.35082266,1.0006622113357,6388.54415039778,5879.81907127615
"z_b[1,47]",0.309963294583411,0.313992015,0.732901846417071,0.741694230753,-0.8976062455,1.50428931,1.00059309598525,7275.2677051412,5895.82696329008
"z_b[2,47]",0.452594752309327,0.447258525,0.407498939203461,0.388623329997,-0.211369803,1.132851215,1.00062492019737,6230.6580714278,5766.01907017822
"z_b[1,48]",-0.353925275952116,-0.36821397,0.715655621900723,0.709569216888,-1.514307185,0.852688928,1.00020593659392,8261.78659048479,6282.9478418099
"z_b[2,48]",0.90954647383952,0.900304455,0.460803125674373,0.436345814772,0.16392199,1.684844165,1.00116014273813,6467.73836642698,5415.67039970956
"z_b[1,49]",-0.523532656139597,-0.530695125,0.688952280292269,0.6672683719926,-1.65189853,0.648963290499999,1.00034931891183,7269.64485727008,5424.29873706838
"z_b[2,49]",0.710411466251535,0.70141333,0.443315701930191,0.435947677368,-0.00646508343999999,1.45363782,0.999775411527825,6232.14701017348,6273.13121887533
"z_b[1,50]",-1.17032404192283,-1.18666955,0.779191348603439,0.766692979458,-2.40529133,0.124822743,1.0001894475205,6511.48934879787,5620.48882403804
"z_b[2,50]",0.386173906249747,0.3805401,0.537252434654939,0.523751541495,-0.4778411285,1.29002998,1.00042283198871,6273.0228458039,5843.65005682357
"z_b[1,51]",-0.96771180153578,-0.979266565,0.821159224401338,0.79935075822,-2.316343585,0.3974300695,1.00015576239059,5616.678303001,5639.13871681006
"z_b[2,51]",0.748359617719149,0.738110335,0.412280985843372,0.400978243512,0.102308979,1.43924397,1.0001684183462,3685.69012332987,5593.87909436923
"z_b[1,52]",0.402061439926105,0.400108575,0.744532425153988,0.713006031948,-0.820652971,1.622148585,1.00019094701842,7312.63676475567,5787.44328693198
"z_b[2,52]",0.19427851363736,0.19542051,0.51218478640376,0.492233155659,-0.6407734145,1.036691125,1.00011100363294,6527.78386267745,5493.12857832966
"z_b[1,53]",0.159179454637768,0.149165715,0.787729324736264,0.765114314391,-1.12766122,1.477327605,1.00010685069068,7252.82691435348,5731.11509967789
"z_b[2,53]",-0.169007372879177,-0.160509415,0.472926159927333,0.44760754059,-0.9537809865,0.600975236999999,1.00054838433762,6131.79989743478,5573.86722362647
"z_b[1,54]",0.619218171985561,0.61158207,0.698299975921898,0.708932217798,-0.5059541355,1.77257597,1.00099187118962,7334.41122777454,5992.61115775402
"z_b[2,54]",-0.516602385048754,-0.499517235,0.492967237876488,0.48777250893,-1.36143536,0.256166874999999,1.0002427938713,6653.01409157017,6279.86480030207
"z_b[1,55]",-0.516558032023571,-0.536560235,0.711933086622236,0.6919354297191,-1.66892144,0.6612377985,1.00152705642274,8089.43135807806,5863.2300060692
"z_b[2,55]",-1.30236441746213,-1.2831255,0.778607627477642,0.7749201789,-2.614679855,-0.0581051699000006,1.00040752695707,8841.97447214071,6254.60500810862
"z_b[1,56]",-0.488530991261336,-0.502405875,0.755656660921511,0.7685754240759,-1.70770712,0.766743236499998,0.999885086865777,7401.72056707741,5920.1141868453
"z_b[2,56]",0.982033935692969,0.974698895,0.511280962564363,0.505883957943,0.1669211805,1.83649674,1.00019110257688,6406.23023642354,6013.07011067635
"z_b[1,57]",0.134189345308026,0.14169973,0.806964276810387,0.79699794615,-1.20313306,1.437868085,1.00088946507687,8986.05598540237,6282.01266740966
"z_b[2,57]",1.23353138374143,1.2221998,0.641558338492904,0.644930466264,0.204348008,2.304079055,1.00075510296611,8922.42832026027,6516.98731855982
"z_b[1,58]",-0.269339522605247,-0.269267805,0.95733564516091,0.950338660677,-1.84875936,1.30840266,1.00075816338133,11594.6845299137,6287.78586900954
"z_b[2,58]",-0.77355941692632,-0.718522225,0.684508694555028,0.671178690945,-1.96984613,0.2481540665,1.00081044202987,8222.64042973499,5551.5348110882
"z_b[1,59]",0.272090659205213,0.265829225,0.741658360292346,0.73140712911,-0.9372413635,1.504243975,1.0006922080537,6955.82266364414,6134.22609862879
"z_b[2,59]",0.114397718152365,0.11605788,0.443124074996507,0.427946018451,-0.6225865485,0.8266048095,1.0010758254356,6069.2267211321,5897.0106153737
"z_b[1,60]",-0.723602507072515,-0.7212549,0.773717860404762,0.758998893324,-1.985932835,0.557794752499998,1.00085156641651,9429.02698851881,6203.74935224051
"z_b[2,60]",-0.938169549444935,-0.941330395,0.867341351183668,0.839848058763,-2.366334695,0.4670197885,1.00115986190045,10689.9088000678,6210.05553324666
"z_b[1,61]",0.501230439662782,0.51006632,0.788974035924748,0.787811207988,-0.783297569,1.8062763,1.00047796399367,7492.26839686049,5778.04036990736
"z_b[2,61]",1.35880457792368,1.3606271,0.551686204045906,0.536624238234,0.4571827915,2.256368175,1.00036840841407,7265.9163325675,5324.82215249306
"z_b[1,62]",0.470897357083638,0.46942553,0.78810459988296,0.76554918321,-0.844562364,1.76318147,1.00066386302148,8103.88466928294,5548.25405052475
"z_b[2,62]",1.26881969308296,1.2689438,0.629201813184649,0.639454453512,0.230358138,2.31262468,1.00055619900987,9301.00803345583,5490.40916808881
"z_b[1,63]",-0.600991345370669,-0.6179926,0.715527047209537,0.671391562653,-1.73549815,0.616251051499998,1.00116929130571,7926.0124516144,4830.05163006244
"z_b[2,63]",-0.06783432819363,-0.0716275445,0.625003231248039,0.6191431960077,-1.087777835,0.9721439835,1.00048945500086,8277.61332442682,6297.29625531445
"z_b[1,64]",-1.01784112626033,-1.02933945,0.765226250430819,0.73837104957,-2.239383445,0.279449559,1.00015265357108,8270.12001130361,5726.46199776392
"z_b[2,64]",-1.07292230630451,-1.038617,0.795162825973383,0.771522393285,-2.45564332,0.1673599405,0.999865390031773,9310.66816910981,5974.19981328165
"z_b[1,65]",0.465445077974279,0.467436155,0.842141416668244,0.846177856377,-0.922565616,1.844409265,1.00049265057089,8888.01517485343,6468.97745505324
"z_b[2,65]",1.15552054017515,1.14562485,0.624013133349141,0.616052346399,0.1510609545,2.19758616,1.00001790435075,8438.09318885074,5916.29588076084
"z_b[1,66]",0.628883393958777,0.64637102,0.779028177780571,0.786218487873,-0.6489760465,1.89281396,0.999945591282881,8184.33244343099,5625.42445376408
"z_b[2,66]",0.9337822222756,0.93842223,0.783470374011669,0.78022677495,-0.3520872855,2.22020392,1.00014444984448,9087.14218214704,5968.99778733986
"z_b[1,67]",0.00115096294882125,-0.00686670725,0.752984877862064,0.743420926017,-1.22761421,1.24615561,1.00011614287896,7804.98527858638,5617.54742822839
"z_b[2,67]",0.0978360315049757,0.0949723765,0.619645708126418,0.6008229924669,-0.906226128,1.11614624,1.00015319064359,8261.11779594999,6054.19507838916
"z_b[1,68]",-1.25805785798357,-1.27697555,0.764646737849263,0.76375627503,-2.486082375,0.0171992534499992,1.00182381113336,6946.09852760494,4064.61337420495
"z_b[2,68]",-1.01688877894495,-1.01102545,0.901574093753829,0.880543367949,-2.497908805,0.444520524999999,1.00046028956908,8367.85213787686,5672.22793960483
"z_b[1,69]",-0.521548865478075,-0.53445645,0.689562248331118,0.6596488450713,-1.62636512,0.6348103715,1.00042068565063,8122.60483686802,6043.10107167576
"z_b[2,69]",-1.34804086757517,-1.35217025,0.771945649719707,0.771331486296,-2.60675192,-0.0737307056000004,1.00112402031452,8677.2946596204,6273.51808888769
"z_b[1,70]",0.327360118911543,0.33268206,0.811888776207561,0.788785594947,-1.007144125,1.6650336,1.00058886807165,9450.76127678308,6409.04278250534
"z_b[2,70]",0.780687076441474,0.780155205,0.745015159003105,0.739214493297,-0.447322435,2.01010321,1.00093866541114,10186.4443513302,6623.11287361584
"z_b[1,71]",-0.22312771276594,-0.226681705,0.733948942293625,0.730328137308,-1.40941586,0.9943141525,1.00026326292806,8040.03371958832,5781.00295636693
"z_b[2,71]",-0.0870898501342265,-0.079876277,0.682016618740022,0.673754693619,-1.220074165,1.02858232,1.00017972925731,8306.326013712,6086.13548298198
"z_b[1,72]",-0.260711054303305,-0.27054854,0.700528374612444,0.698490784908,-1.397176245,0.897540419999999,1.00053737589845,8701.61144701277,6427.49470368436
"z_b[2,72]",-0.747770358375114,-0.74154359,0.692134097525513,0.686645811663,-1.88857308,0.363442221499999,1.00035792401283,8824.16934159804,5871.57837003361
"z_b[1,73]",0.656819417402868,0.66229558,0.752288382723878,0.748734749742,-0.584458279,1.898133535,1.0000696034232,8791.085308383,6150.73614478953
"z_b[2,73]",0.769842957390539,0.76617697,0.728977543878466,0.713533392768,-0.4292115455,1.97525048,1.00179992988423,9542.50578910334,5654.91629135709
"z_b[1,74]",0.266509464209369,0.260618465,0.781652503221598,0.78468465663,-1.003106185,1.56282917,1.00026691079679,9511.40848218264,6227.21879835139
"z_b[2,74]",0.277107969575582,0.265708295,0.849657334157754,0.83939860116,-1.11335075,1.66451106,1.00049303125365,10123.9537065094,6183.12556273929
"z_b[1,75]",0.139847183866414,0.138753685,0.718481914555676,0.708625920051,-1.028227505,1.34699531,1.00019902280223,7483.69636981023,5735.12753309069
"z_b[2,75]",-0.603139037082466,-0.59539548,0.736408921318531,0.718033810242,-1.808500215,0.594390827999999,1.00002285806552,7966.9559878339,5710.91540630535
"z_b[1,76]",-0.479825155704906,-0.483641015,0.716653185322386,0.7020085973712,-1.61905898,0.7213714905,1.00005779858995,7685.52890681515,4693.24690440778
"z_b[2,76]",-0.3086186699595,-0.2995199,0.739362104759705,0.725205354006,-1.530851105,0.8836533685,1.00042355147644,8567.52946557595,5878.81120337204
"z_b[1,77]",-0.73959402888905,-0.75299098,0.861281535377199,0.857404659552,-2.13562234,0.677331634999999,1.00067679714925,7000.17272597445,5878.8965925607
"z_b[2,77]",0.165249393174691,0.16282582,0.608482236615078,0.60648777504,-0.818594353,1.16810978,1.00095261253067,6842.77440260442,6322.09310934277
"z_b[1,78]",-1.41294546194869,-1.42862735,0.830383559589188,0.811195479423,-2.726965645,-0.00456497627000056,1.00118000012186,7181.59562953547,5020.08026657338
"z_b[2,78]",-0.983135101692665,-0.98356479,0.906607473238268,0.897486780204,-2.461571645,0.5309914285,1.00024037326399,8906.53813532604,6116.17974884401
"z_b[1,79]",-0.543568584393572,-0.553004865,0.707826133302824,0.693203692461,-1.66683781,0.667442364,1.00029876200464,7770.11640792997,5686.29379528455
"z_b[2,79]",-1.16963758393741,-1.1683255,0.826993302348431,0.81928016394,-2.535539375,0.192850177,1.00102660039736,8842.4565793502,6089.36320220057
"z_b[1,80]",0.556817054686738,0.54585899,0.739102792184228,0.7248166696596,-0.657850045,1.77290713,0.99993524986802,8975.46499590254,6085.53432570421
"z_b[2,80]",0.453756357347221,0.441849645,0.894403206793668,0.898597566363,-1.036409825,1.9161674,1.0004125757872,10434.0425635261,6568.13759901074
"z_b[1,81]",1.07356091012575,1.0839922,0.757335887935062,0.758710112496,-0.1825425835,2.29744102,1.00021681971589,8337.14010502045,5153.1080346214
"z_b[2,81]",0.665315153542814,0.67254323,0.746071086897227,0.725073595344,-0.573707153,1.872026735,1.0002146650643,8587.2214027505,6280.10167495895
"z_b[1,82]",1.00571563524032,1.0077182,0.781517051350416,0.77279279616,-0.296045439,2.271341,1.00060763342091,6841.95171940009,5818.2415023112
"z_b[2,82]",1.12869689447051,1.12388635,0.773870877355281,0.757019096001,-0.132007118,2.421361975,1.0003616767869,9396.92154753406,5987.53899606174
"z_b[1,83]",0.788115194222343,0.788898675,0.757602994150225,0.744939241851,-0.455883721,2.03185641,1.00037683382179,9375.3810913212,5972.77385782162
"z_b[2,83]",0.396696206231292,0.400639335,0.822368446953488,0.815705593101,-0.971951893,1.730573305,1.00140978034325,9669.6190215436,6173.15005267984
"z_b[1,84]",0.917074173473626,0.916718375,0.780128431501002,0.767312402325,-0.3769852005,2.188577785,1.00111420080352,6961.57510402043,4844.19812351326
"z_b[2,84]",0.97845796980001,0.98233205,0.773688721093997,0.760119101406,-0.2804337085,2.244905875,1.00033842268618,8558.14281665472,5768.67376210033
"z_b[1,85]",-0.323907260998748,-0.339737165,0.787079581531065,0.76688330082,-1.586627205,1.00330964,1.00041947288818,8669.5263511053,6438.93916463016
"z_b[2,85]",-0.86197143674572,-0.848620035,0.801635541024854,0.807999890796,-2.171382285,0.4451268575,1.0001158186381,8800.44352975881,6257.21235317502
"z_b[1,86]",-0.146363680087817,-0.15708764,0.73957405957447,0.7341990873,-1.32515748,1.075381465,1.00165095278898,8032.53037166207,5708.63643404463
"z_b[2,86]",-0.9175067372501,-0.92198743,0.887674816329616,0.883045559382,-2.36654326,0.55402269,1.00023904215763,9760.47870079948,6063.76956358755
"z_b[1,87]",0.430098627146175,0.422826805,0.829142681213568,0.816559785678,-0.9188177215,1.7938648,1.00020884431248,6669.74444006054,5812.16117170869
"z_b[2,87]",-0.126675537900905,-0.10747476,0.649596956385957,0.635402781993,-1.21992339,0.923604378,1.00017564558401,6831.12455372518,5615.98748573617
"b[1,1]",-0.31187790414046,-0.27219029,0.972074655624808,0.915230470287,-1.979867745,1.209867905,1.00007224915894,9298.28339514732,6036.30308837686
"b[2,1]",-1.41194688454104,-1.3884821,0.856770168681381,0.858268044249,-2.87566409,-0.0605478187500006,1.00123491649243,3520.49832123684,3729.47550520606
"b[3,1]",0.295692907767853,0.256902915,0.794700589452996,0.765863946603,-0.9515000605,1.63835782,0.999924510320851,7782.75503828362,6533.61267184142
"b[4,1]",0.327164954066632,0.317816785,0.767872346736506,0.751481125395,-0.90648304,1.59993268,1.00028392228226,6545.76829678728,6195.86911894643
"b[5,1]",-0.135283683980765,-0.119318065,0.899390893653557,0.822935158416,-1.64246891,1.315724785,1.00008570875727,7686.61663902068,6253.63016542688
"b[6,1]",0.290336009634984,0.275425525,0.688435388612243,0.680244145014,-0.8250775045,1.44123929,0.999867633133605,7809.43664061569,6405.60068951841
"b[7,1]",0.319700667688375,0.28834751,0.746575702268682,0.72124776087,-0.864588843,1.56614097,1.00020498514828,7040.38471099991,6072.97640164559
"b[8,1]",-0.976410661260494,-0.960503825,0.834935944361547,0.855059267895,-2.370141665,0.3431626715,1.00036836050049,4291.99134241755,6053.93686187798
"b[9,1]",-0.896228199217604,-0.90201953,0.653658094195176,0.655740288189,-1.969437955,0.1602700035,0.999987303366494,5737.40249957399,6083.35818343208
"b[10,1]",0.587395005008536,0.52414726,0.883900386330276,0.8524818041187,-0.77182958,2.101069995,1.00005295436413,5718.82339658846,5901.2027036541
"b[11,1]",0.445981264738851,0.39481039,0.918182632437016,0.875036531943,-0.990345662,2.01508983,1.00108231458979,6413.68139122807,6330.60368989349
"b[12,1]",-0.08771443664483,-0.074618971,0.951143444961328,0.9036139642194,-1.670603865,1.44197772,0.999925259700666,8236.79720137477,6081.71692113628
"b[13,1]",0.179846073955754,0.15596587,0.754221024992522,0.723415737198,-1.012209205,1.47192555,1.00001992988121,8144.52169228104,5626.5376309054
"b[14,1]",-0.391061874819727,-0.351482905,0.941360196897584,0.891097315353,-2.003716215,1.112337715,1.00044447021683,8738.68019474411,6372.9902756005
"b[15,1]",-0.316493481586611,-0.275699715,0.943775578591123,0.886670805489,-1.937257155,1.15087803,1.00035833374676,10168.299666759,6385.62023137552
"b[16,1]",-0.88800625230997,-0.855905105,0.844114544462607,0.838388824539,-2.30997546,0.437480033999998,1.00017065840807,4568.95493998835,6389.15967616651
"b[17,1]",0.443372948004908,0.41392709,0.727728166290535,0.7119415688847,-0.6940858465,1.676350355,1.0010783682977,6258.96878067817,5889.12291743353
"b[18,1]",0.120554650575362,0.087111058,0.77665896027473,0.7562902691148,-1.10605203,1.436153375,1.00037255350055,7482.7680713973,6316.86140846243
"b[19,1]",0.159564683209562,0.136351825,0.734671656480743,0.713230290024,-1.01827869,1.40557502,0.999951275786233,6962.53753968194,5843.33492629733
"b[20,1]",0.672235869034646,0.621958265,0.829223911032046,0.807060107721,-0.5836050055,2.12571666,1.00006483825854,4871.67579370329,5202.43208889634
"b[21,1]",0.602261779600208,0.573874075,0.841063864041107,0.8151984171387,-0.745431245,2.05100669,1.00031372321512,5670.47256102409,5761.17486095471
"b[22,1]",-0.72293274260279,-0.67158885,0.926831752300484,0.8872821467034,-2.33396128,0.693394925999999,1.00010119035571,6111.97694515706,5612.46299694035
"b[23,1]",-0.61421629017522,-0.562564545,0.980604642864934,0.9238660778445,-2.304468785,0.899579560499998,1.00090470634963,6318.33598670473,5623.1984238016
"b[24,1]",0.653310397181977,0.6158462,0.738409644328665,0.74473651854,-0.495843175,1.93321272,1.00006437226339,5851.74099504449,6257.52283029185
"b[25,1]",-0.126244109831714,-0.122260175,0.676316068215605,0.648956021784,-1.23268682,0.979464258499999,1.00037406699001,7831.82986505544,6861.49814265902
"b[26,1]",0.605756497992251,0.55064472,0.957751676688087,0.9340952943357,-0.8289364735,2.2704353,1.00096595626947,6141.16494795829,5979.25687620739
"b[27,1]",0.295826190064139,0.2655863,0.890408237063916,0.858156196905,-1.10158981,1.8072141,1.000312895392,7222.09567873835,5388.91447675023
"b[28,1]",0.823442858186724,0.793537295,0.727089429453354,0.731371932186,-0.320736831,2.061472465,1.001585946875,5062.09936207854,6039.28199551689
"b[29,1]",-0.13011673385949,-0.12922866,0.704950886157449,0.689543049279,-1.29066122,1.036790985,1.00045718530939,10490.2053298569,5829.84467266593
"b[30,1]",0.845778491286056,0.779018365,0.881922351191973,0.854947346421,-0.491971377,2.393109625,1.0008887160394,4936.75409673023,5427.10264716768
"b[31,1]",-0.224647932637466,-0.205561625,0.824858950298909,0.795355773912,-1.605680295,1.095684235,1.00080186398557,10224.65246142,6371.55442041802
"b[32,1]",-0.470826094058631,-0.462586925,0.672691634792384,0.6643505803515,-1.59641654,0.611487371,1.00001263009261,7132.34094548107,6381.06026957057
"b[33,1]",-0.842366330875084,-0.80386135,0.785624024062453,0.769840353933,-2.2027957,0.381659406999999,1.00031346398624,5834.19766874419,6002.36523973387
"b[34,1]",0.123613233936409,0.119571025,0.643371753694116,0.631269589713,-0.9199560095,1.17934219,1.00044238170604,7859.72387271367,6329.20238288083
"b[35,1]",0.575230891829461,0.56054316,0.696403185266741,0.696927249774,-0.541601313,1.7460198,1.00052709427183,7143.48806059693,6664.88080865472
"b[36,1]",0.35575185493696,0.33645254,0.725933125641702,0.717934698432,-0.8010157595,1.586714395,1.00013816170388,6571.59781814519,5747.29694803781
"b[37,1]",0.695984259037667,0.669521125,0.744002373225535,0.73818787434,-0.480071184,1.96462009,1.00050574468134,5466.97361774138,6066.39644853865
"b[38,1]",0.433223139876782,0.391724765,0.875209684906657,0.840199961286,-0.9584293325,1.92661306,1.00013627346752,6499.52452155981,5976.15176131378
"b[39,1]",0.297780040310001,0.27338513,0.683237064989953,0.672426031977,-0.7868533785,1.460847935,1.0002508908798,7573.89399577478,6173.17771724843
"b[40,1]",-0.872716868729211,-0.86235066,0.735547654966505,0.735567408492,-2.08316618,0.318480893999999,1.00004306656813,5491.40568703346,6414.82425861026
"b[41,1]",0.581067836075189,0.570853125,0.693675385741065,0.693040814025,-0.518703906,1.759320905,1.00050997011441,6548.32959923246,6105.73923527704
"b[42,1]",-0.321925470358063,-0.31513597,0.676600124836124,0.665549273571,-1.445782425,0.7805796875,1.00020468140387,8043.80437327615,6508.70530833899
"b[43,1]",0.911069230315808,0.875165235,0.71943742653245,0.728859540465,-0.2072731285,2.15111662,1.00064340991602,4800.82311137872,5893.08829557153
"b[44,1]",0.726656590204322,0.684631265,0.841028475137532,0.814508541861,-0.562567895,2.210769905,1.00007265091545,5667.02640716673,6141.22936956663
"b[45,1]",0.294003172992543,0.276482365,0.669285910886109,0.669465680079,-0.7812693585,1.42100989,1.00015240032909,7309.22430657805,6630.47212212465
"b[46,1]",-0.381605292941123,-0.375063985,0.702839429375708,0.6973717436322,-1.539173965,0.771416571499998,0.99998135294163,7084.93325155262,6550.4992437622
"b[47,1]",0.306492389487856,0.295618925,0.701172926508696,0.702369852135,-0.814275484,1.4781946,1.00070627753031,7202.60128252677,5750.03823997389
"b[48,1]",-0.347069468937185,-0.34074259,0.683695546085392,0.670080669972,-1.462774225,0.783133101999999,1.00018040370367,7900.72024641839,6503.9090279026
"b[49,1]",-0.509034886898105,-0.497692835,0.655891532322363,0.6452902280496,-1.604818085,0.572234072,1.00062771380388,6684.99689042991,6894.59193366885
"b[50,1]",-1.15135117983918,-1.1307079,0.795310924716712,0.80784116364,-2.48898359,0.0921909645499993,1.00048301515818,3729.77914492249,6321.50689874748
"b[51,1]",-0.953306492026309,-0.92069838,0.826428734402109,0.819593318712,-2.368080885,0.327506363499998,1.00038103835538,4117.06308869105,5633.19618632011
"b[52,1]",0.390932720852117,0.378816535,0.702622403975358,0.6747731419674,-0.7513120735,1.56387144,1.00006414696349,7143.54494685792,5967.9444582171
"b[53,1]",0.15893502491412,0.132382215,0.753009345243265,0.721174957797,-1.04107212,1.425280985,0.999977577189994,7441.61650703616,5607.26922109179
"b[54,1]",0.60108186125948,0.57848163,0.670273773923741,0.678832969269,-0.445133362,1.73574789,1.00066329245781,6578.26354656735,5975.72909690859
"b[55,1]",-0.506601412038323,-0.50619119,0.678168196201492,0.680854123719,-1.62656466,0.597443724,1.00079020769001,7417.57469016081,6092.60163674513
"b[56,1]",-0.477760319726061,-0.4732045,0.720933491581765,0.7330052421825,-1.66031424,0.6866009365,1.0000234170108,6967.45687280932,6925.49989967706
"b[57,1]",0.140541011106245,0.12768076,0.770094776169721,0.75046454364,-1.122910305,1.41517073,1.00068287367856,9001.02805563384,5742.21653584193
"b[58,1]",-0.274117197459279,-0.24212567,0.957552568924857,0.890025410379,-1.904174545,1.27236724,1.00050750885993,11537.2732777983,5909.51543325603
"b[59,1]",0.272551087980714,0.246981955,0.708259162283991,0.694524399954,-0.856775849,1.47132087,1.00050882063568,6468.65393104216,6069.74757178176
"b[60,1]",-0.711874160162847,-0.68564307,0.763538971727088,0.750285267648,-1.999396655,0.47476425,1.00088313528619,6940.42192344369,5721.71474388819
"b[61,1]",0.498986084844321,0.46854745,0.768073699066134,0.754294922283,-0.706953492,1.80314253,1.00044851295518,6838.56488427002,6353.22536030849
"b[62,1]",0.466725735375085,0.43740475,0.765696225842516,0.7326050765817,-0.7687717655,1.790731135,1.00090457547178,7177.67677813384,6229.76693032171
"b[63,1]",-0.591933208544281,-0.586613345,0.687630756768977,0.664271005503,-1.74597605,0.529869083499999,1.00100543192981,5972.55348689497,5628.21182653766
"b[64,1]",-1.00412000695394,-0.97492312,0.777877443915033,0.762019950279,-2.347353155,0.2309319655,1.00008960549458,4598.75386797068,6328.65885604528
"b[65,1]",0.46217192037122,0.430094275,0.829111527808836,0.798988284759,-0.8386899825,1.842343745,1.00073772013924,8141.72692408757,6401.43739184864
"b[66,1]",0.622045058576593,0.59856434,0.765541494247811,0.7728540875853,-0.583823127,1.92428919,0.999966821993061,6752.63144991969,6175.10762150442
"b[67,1]",0.00106320854043875,-0.0064367355,0.716747730317311,0.701899230417,-1.1605949,1.202848215,1.00044140974258,8121.60784309083,6168.0856329219
"b[68,1]",-1.24290530647809,-1.22072355,0.793859455483843,0.801220494732,-2.590353375,0.0111130439999996,1.00129125161792,4131.61257834533,4437.69781390692
"b[69,1]",-0.511706479254182,-0.50462509,0.658595093554871,0.6484082729901,-1.605960265,0.558517105499999,1.00044362433871,6970.23367526976,6493.95101299423
"b[70,1]",0.325540421273535,0.30042218,0.783749293881693,0.741691517595,-0.9277394795,1.667158665,1.00111845228549,8695.99415394955,6208.3706651605
"b[71,1]",-0.22040918109084,-0.20691031,0.702512890240766,0.694530256224,-1.378421,0.915036689499999,1.00012420287233,8277.24765637725,5887.12923837697
"b[72,1]",-0.258487211734112,-0.250260255,0.66670806773952,0.666427728897,-1.362508985,0.837705571499998,1.00059218272507,8923.92262310767,6484.73311662359
"b[73,1]",0.64516345883525,0.62318258,0.73472150529967,0.734813839977,-0.5159672735,1.889644815,1.0002305064374,7072.48062840628,6372.16237069947
"b[74,1]",0.265488507244553,0.240046545,0.750208515811231,0.737309040951,-0.925279538,1.547133045,1.00031508365437,9417.96913559288,6871.48706054646
"b[75,1]",0.133057400104841,0.124172805,0.684128625541294,0.667309349574,-0.981087167,1.257636285,1.00053745889994,8163.53731022935,6705.01217098121
"b[76,1]",-0.472557208923134,-0.458476225,0.682920158648048,0.681250022397,-1.60847796,0.619571285999999,1.00011550438853,6961.20206072449,6229.07322225345
"b[77,1]",-0.740304479287917,-0.710583745,0.858565402209607,0.851723462373,-2.19414865,0.5974486005,1.0010573335986,5703.18429341918,6380.49794646794
"b[78,1]",-1.40186219593987,-1.3674471,0.886195392515989,0.879790577799,-2.922649615,-0.00211191384500023,1.00098679737694,3915.03516691567,4890.21446516013
"b[79,1]",-0.532706879306254,-0.526350855,0.676111166267845,0.667424525355,-1.644047935,0.560432931499999,1.00063226924221,6864.88341653313,6577.95407147565
"b[80,1]",0.545579006738325,0.517450865,0.714493492280567,0.6940746732591,-0.590739723,1.78901494,0.999893672319071,7730.5411804455,6204.1941767212
"b[81,1]",1.05691499676084,1.0214883,0.773662564580073,0.78330242865,-0.13636487,2.378324175,1.00047841192143,4873.56579091967,6159.61359367816
"b[82,1]",0.993486082470699,0.95756733,0.79482813772946,0.792380217951,-0.2435412525,2.332640575,1.00050243709119,5057.63547369278,6087.94155667848
"b[83,1]",0.7764043189139,0.738197165,0.747861616102091,0.742064183931,-0.394045851,2.049625515,1.00088808399583,5951.33826963792,6298.40094716708
"b[84,1]",0.902833136941545,0.87184391,0.775981063917323,0.77849702553,-0.3191449475,2.23289434,1.00031557927611,4568.2249999902,5658.31336284184
"b[85,1]",-0.320814788742361,-0.312816935,0.754029157947685,0.729520661457,-1.558797405,0.9123663655,1.00028460791451,8354.03956523629,6327.27645989981
"b[86,1]",-0.146631209484049,-0.148422215,0.701113242477355,0.691144005237,-1.28936117,0.9989768845,1.00097564900948,8030.35189194667,5752.1429637858
"b[87,1]",0.429865301895717,0.39336908,0.802109558316271,0.78357226185,-0.819649475,1.80506814,1.0006037281319,6135.43332925536,5832.17135490869
"b[1,2]",-2.08844413159139,-1.93687995,1.43617697338107,1.36951683477,-4.706439845,-0.0440930311000007,1.00039202962213,7314.45344044691,5919.08472208598
"b[2,2]",-0.777694490230699,-0.694465145,1.15891588997362,1.1194415222025,-2.818013565,0.998746056,1.00105873554839,4792.68770228138,5374.5617508806
"b[3,2]",-0.301878027735356,-0.27664102,0.878747750654679,0.850281530091,-1.81859243,1.097861425,1.00021438705265,5933.66849294626,6433.17872086386
"b[4,2]",-1.34267744862709,-1.3236394,1.35573732562137,1.368219033447,-3.601864825,0.833317063999999,1.00084158229353,6857.89325762609,6198.69674835766
"b[5,2]",-0.74158224644533,-0.727509965,0.854061601340659,0.841469734056,-2.16985621,0.6096961975,0.99998039410797,6584.37987583154,6031.57589705983
"b[6,2]",0.434458486894672,0.40645011,1.50703516174737,1.483889506176,-2.017796895,2.9408306,1.00006866640926,8155.0885590192,6319.3950856906
"b[7,2]",-2.19133820214787,-2.1175655,1.14335238321111,1.11306743562,-4.22683106,-0.4497780625,1.00001960939591,7407.48776796663,5786.09345172592
"b[8,2]",-2.65835099152477,-2.55112295,1.49860972011896,1.46868238902,-5.354802435,-0.379250229500001,1.00030170087881,4739.75355250254,5292.33236378364
"b[9,2]",-3.2843366908964,-3.16636215,1.67000699584563,1.66124536809,-6.169420975,-0.717585453000001,0.999825338961872,5553.92121535225,6084.21714500096
"b[10,2]",1.2230073506843,1.21902235,0.707143141844822,0.685179312699,0.0641546362,2.377967735,1.00027560201473,4610.54829639569,5819.91060606904
"b[11,2]",2.4911616652205,2.4940237,0.762031298818016,0.75932359755,1.245937335,3.741114875,1.00027777733403,5448.61702612969,5611.87695419616
"b[12,2]",-0.414347524773018,-0.39858295,0.706253625991614,0.699966253602,-1.591834615,0.718635998,1.00018822288404,5340.77732608483,5973.48777851636
"b[13,2]",-2.22631284949622,-2.133553,1.25960372020299,1.2544004319,-4.36416184,-0.297334848000001,1.00073527142792,7180.73426975037,5859.86849404005
"b[14,2]",-2.32028859675624,-2.16518245,1.41964837943848,1.3425321063,-4.91223632,-0.2830879805,1.00007069709741,6655.28256488041,5550.8620766865
"b[15,2]",-1.98547406776236,-1.8375429,1.4504426771612,1.388686326447,-4.566166505,0.1169289105,1.00026023237392,6812.01656776076,5146.39832157316
"b[16,2]",1.23354755817707,1.23133225,0.921441728092544,0.911167657029,-0.283753595,2.745934505,0.999882557190131,5406.79773277971,6325.18356117497
"b[17,2]",0.917131302847185,0.9191782,0.737767026967553,0.729183488565,-0.309244774,2.12425838,1.00015505784013,4775.06659056805,5485.85016824457
"b[18,2]",0.00429159532051975,0.0089776651,0.726890193834325,0.71886455564826,-1.19819285,1.195074475,1.00086495788674,5781.43849236885,6544.3118612731
"b[19,2]",-2.09454134674591,-2.01654025,1.23551633701481,1.21525845756,-4.21700342,-0.200361608500001,0.999841379041961,6082.01678100162,5496.14055132455
"b[20,2]",-0.637706778203255,-0.608025245,0.977346315230484,0.9497260859394,-2.27325268,0.921336060999999,1.00026400310538,5859.50730860904,5842.37493072881
"b[21,2]",-0.608179554459297,-0.574868655,0.920303296859909,0.9205877920134,-2.18503092,0.8420366405,1.00015534196142,5907.7562506188,5782.22913575436
"b[22,2]",-2.5404809706873,-2.4088205,1.66961450602241,1.63947924336,-5.470820735,-0.0616103307500002,1.00007210379344,5154.9779237897,5204.51149749905
"b[23,2]",2.32617864907313,2.31100115,0.644568859637298,0.6394868928,1.30627734,3.426328945,1.00049760619202,4396.36642366163,5517.39934214046
"b[24,2]",-0.483412230838006,-0.4632664,0.902098710773655,0.892376695371,-1.996293945,0.959973793,1.0002847008907,6217.52960072018,6268.84537330791
"b[25,2]",-2.330695322899,-2.28458615,1.60281339849629,1.61052273102,-5.046537995,0.1885634,1.00017720324864,7467.20464725135,6142.89628547671
"b[26,2]",1.85572149062193,1.87235475,0.680486399107517,0.67114826058,0.7233462325,2.96247926,1.00053550071227,4249.97691076521,5474.10958728152
"b[27,2]",2.45987489221525,2.46495595,0.679643782574549,0.67887171702,1.33972683,3.56499381,0.999782715995852,5001.15096213475,5449.35972299228
"b[28,2]",-0.607372474809837,-0.58561598,0.889873312088986,0.876956447052,-2.10333638,0.824944618499999,1.00075132575822,5663.97543784965,6403.86428009932
"b[29,2]",-2.5061365505572,-2.39068535,1.46487589550385,1.39708689372,-5.11536087,-0.2928606325,1.0002841413499,7450.09288350886,5885.90354799736
"b[30,2]",-0.360499138577786,-0.336532775,0.850801507242556,0.827868005832,-1.814348375,0.9968611155,1.00061859769746,5553.0652527815,5419.67199002796
"b[31,2]",-1.88938552050909,-1.7641442,1.55207578964827,1.49558401776,-4.58136673,0.431870701,1.00059768606552,7728.99048396611,5548.11205760109
"b[32,2]",0.124051874841285,0.124215595,0.837008807276443,0.84433425069,-1.25471758,1.484051965,1.00000890882331,5822.57653013567,6729.12214825369
"b[33,2]",-2.88709818921875,-2.7822155,1.70316479166778,1.66288593912,-5.873002455,-0.267947366000001,1.00036271353388,5999.76727761893,5922.24763966227
"b[34,2]",-0.0663064045681261,-0.0818870985,0.974936077010119,0.9484578291279,-1.658534375,1.54397291,1.0002072825758,7332.95177692999,6463.1352769445
"b[35,2]",0.0675837790142537,0.069967186,0.847450038450694,0.841804408767,-1.317701925,1.448571025,1.00088093455585,5724.6441061106,5893.91369512781
"b[36,2]",3.18828336721375,3.19585525,0.875730201384921,0.86634181683,1.73418282,4.593370645,1.00001787456993,5552.40723371158,6576.42327257856
"b[37,2]",0.449382312434864,0.45631619,0.868503050167689,0.849149824446,-0.9723969975,1.86982788,1.00131324524967,5618.42154184882,5889.14251754076
"b[38,2]",1.41080367830043,1.3972081,1.16570333102563,1.159535803881,-0.498211856,3.34339452,1.00018840185044,6599.8407161331,6100.49176800756
"b[39,2]",-1.32123780155685,-1.28385375,1.40415952134406,1.374576007119,-3.74073995,0.88823572,1.00021987459913,7319.14054036453,5765.48821956455
"b[40,2]",1.58583539047469,1.56706675,0.840318377681326,0.847306211346,0.2414847575,2.98856485,1.00010086294075,5747.47390921882,6085.90571704366
"b[41,2]",1.63262879717005,1.56684785,1.59952229795054,1.560120246594,-0.9341817775,4.330000865,1.00047899787393,7725.73978352745,6217.82370735199
"b[42,2]",-2.5029547033749,-2.42669865,1.70962215187084,1.70455226235,-5.449458915,0.1471826205,1.00001162799835,7502.08536935219,5933.879809599
"b[43,2]",1.28380745734773,1.28574365,0.742117873445731,0.745626204561,0.0582953761,2.50444146,1.00069927334782,4061.32634923929,5799.68738092428
"b[44,2]",-0.363310029858361,-0.341036685,0.952870663122005,0.928265304162,-1.960735265,1.163427075,0.999887900048041,6034.54795519481,6276.08042171002
"b[45,2]",-1.27177102554147,-1.2401873,1.24751675356976,1.241225047545,-3.3519348,0.705822218499999,0.999991051183394,7939.12554379621,6668.1046394974
"b[46,2]",1.37570043719987,1.3689848,0.921885573562197,0.917088286695,-0.1263956085,2.87761037,1.0007382322434,7537.17325438825,6338.72193049169
"b[47,2]",0.98894165444885,0.98113513,0.871515439810852,0.858166671474,-0.4509883805,2.45511786,1.00061953410551,6250.37386141614,5677.82268806781
"b[48,2]",1.97804352404761,1.9643151,0.990094626267162,0.96477978513,0.3554235605,3.64047268,1.000991756263,7364.38272182164,6668.54761003888
"b[49,2]",1.54402030868136,1.54796255,0.949193685956256,0.94366259442,-0.0126393132499999,3.10787592,1.00006110900023,6806.79565519462,6700.95723700387
"b[50,2]",0.837694695237308,0.839907385,1.14937761654869,1.1427784482891,-1.036293525,2.717217415,1.00031137078845,6362.83424544568,6083.99742899968
"b[51,2]",1.62038817484053,1.6042865,0.870125663501986,0.86816689743,0.2196972215,3.05946296,1.00021081055752,4060.17875146484,5710.53488582131
"b[52,2]",0.428964383069385,0.424742755,1.10151466067079,1.079128438416,-1.36448627,2.2343522,1.0002582868709,6481.02865293901,6167.33486214467
"b[53,2]",-0.358004137845223,-0.356167855,1.00332585610667,0.973301124999,-2.006468595,1.282058095,1.00052298075571,6257.43366221309,5727.52858416401
"b[54,2]",-1.11414102903148,-1.0860029,1.04888878991077,1.04644939917,-2.86873066,0.549374560999998,1.00010830117316,7413.58824666172,6724.23942295711
"b[55,2]",-2.88444685509464,-2.78201915,1.78844803911088,1.76009638875,-5.96369822,-0.124599619500002,1.0007634087278,6269.12400433323,5926.53149095498
"b[56,2]",2.13624061041746,2.11902245,1.10170027364355,1.11260916396,0.355666972,3.97787155,1.00000388263734,7271.06584312849,6488.46469049911
"b[57,2]",2.70530650623274,2.67961125,1.42535873090976,1.45614166866,0.412139708,5.11719457,1.00038147462722,7404.3991152137,6171.50478740373
"b[58,2]",-1.70861992011707,-1.55668195,1.54721990271829,1.459495702749,-4.46361878,0.5315622185,1.00029059961141,7273.06956217997,5584.6863850384
"b[59,2]",0.258323070378429,0.252716,0.946332936133553,0.931449921549,-1.319107505,1.79732365,1.0006200895956,6115.52307650489,5607.46133195589
"b[60,2]",-2.09566982338564,-2.0279699,1.97251731439579,1.888337070753,-5.46766087,0.988068914499999,1.00123684069656,8148.55190062048,6042.18418774534
"b[61,2]",2.9696197614816,2.9768249,1.21765647646347,1.20353012787,0.9565922065,4.97156406,1.00057947764549,6222.00751027112,5340.40713232638
"b[62,2]",2.78764313535428,2.7655826,1.42389509458596,1.44070832157,0.482911458,5.17346438,1.00019500853815,6909.95965408411,6254.79715152431
"b[63,2]",-0.155658946809136,-0.15905877,1.3547077862369,1.346030753193,-2.38404093,2.110498745,1.00034525702845,8249.90563306336,6607.2353034377
"b[64,2]",-2.39187123238819,-2.23721205,1.83660183753999,1.75628084352,-5.67691182,0.369305519999999,1.00000245702758,7038.49441250584,5744.854092417
"b[65,2]",2.53661740003324,2.50675045,1.38940786429867,1.40761928412,0.3124818675,4.850307635,1.00007294643983,7791.82756995087,6377.80297016469
"b[66,2]",2.07297449355991,2.02966595,1.77728755533877,1.744875031221,-0.7499250005,5.08361208,1.00034093210155,7134.09150399009,5946.75802518531
"b[67,2]",0.216319261047984,0.210492985,1.32833754361756,1.313016179328,-1.940974145,2.366968485,1.00011442601246,8486.50212307715,6376.35936084857
"b[68,2]",-2.2829932009489,-2.2040361,2.06941536434427,2.005697611113,-5.84348134,0.9135577555,1.00090921466095,6334.41368221344,5107.69487446969
"b[69,2]",-2.99284891852602,-2.9573098,1.78919923728441,1.77201011757,-6.019327435,-0.155168774000001,1.00013536360617,6432.85834049782,6063.5633990951
"b[70,2]",1.7258083698377,1.6944802,1.65160012168787,1.631082011937,-0.924401355,4.47564986,1.00072415244365,8580.33479702661,6788.07339235462
"b[71,2]",-0.192297154624586,-0.177196465,1.48827169348208,1.472580804177,-2.652988215,2.229279155,1.00015031413594,8241.01819797599,6451.14534128346
"b[72,2]",-1.6460381405702,-1.61837125,1.52346055468646,1.501247757324,-4.22870272,0.782400704499999,1.00056776228105,8126.64339096275,6581.58364708663
"b[73,2]",1.70028187531071,1.67343335,1.61294874779682,1.591662294726,-0.914048337,4.410942485,1.00081690795001,8428.04587816843,5966.06813515552
"b[74,2]",0.615606528241841,0.573419615,1.88424203098125,1.831532556441,-2.430076695,3.690014915,1.00036977009236,9712.51918282767,5646.83637305973
"b[75,2]",-1.32681198802021,-1.30004525,1.61053408685944,1.59600348096,-3.987598565,1.323468055,1.00003181932256,7744.51882611333,5977.86581361189
"b[76,2]",-0.684752142341874,-0.65286504,1.61936806987144,1.583903218821,-3.356239805,1.90715540999999,1.00040530070406,8304.29075846763,6129.17164809822
"b[77,2]",0.355046540433729,0.358479535,1.3087035419883,1.319911588842,-1.784593115,2.49334172,1.00079296220975,7036.87694225897,6520.55917229053
"b[78,2]",-2.2107293785422,-2.12344445,2.08698180444571,2.024646869973,-5.716765425,1.089440335,1.00032842655595,6178.66263117832,5733.05040104442
"b[79,2]",-2.60733221524074,-2.52145135,1.90889154291016,1.84932815235,-5.894696915,0.405696748999999,1.00089137743648,6791.6613885576,5576.24111306211
"b[80,2]",1.01656562940717,0.956597105,1.99379380414465,1.946000336637,-2.20551617,4.330999755,1.00063902509927,9336.38497506908,6192.34645597902
"b[81,2]",1.47892743687285,1.46022235,1.64809072935755,1.626387685209,-1.177602655,4.24647427,1.00037172960842,6938.33964496185,6440.15793529187
"b[82,2]",2.50066027387532,2.45941945,1.74068747637789,1.72889032743,-0.276199425,5.478394385,1.00011248777729,6325.89910559959,5956.63086465606
"b[83,2]",0.886559396129277,0.86768669,1.82207763500082,1.786923531666,-2.09086769,3.90734591,1.00138600996681,8169.07412307976,5606.44183007599
"b[84,2]",2.17003241213374,2.13976705,1.73938308355334,1.734971619045,-0.5812378645,5.074646525,1.0001109512448,6185.09064267031,6035.87363234942
"b[85,2]",-1.9213595709768,-1.859056,1.81107256111739,1.789961601456,-4.965054335,0.918544582499999,1.00008791606382,6888.96878109395,6320.86631223546
"b[86,2]",-2.04863743765222,-1.9823247,2.01543731290982,1.957942857549,-5.40979335,1.165699545,1.00069577803228,8070.17520501783,6164.92427567516
"b[87,2]",-0.268060598591074,-0.231002775,1.40190978776828,1.374721843068,-2.61120304,1.987021865,1.00010387525777,6887.64907819836,5732.37375414361
"log_lik_y[1]",-0.117203372805204,-0.059795687,0.147051125515684,0.08395828964943,-0.4364901035,-0.000136931803500001,1.00005167011372,9857.95874080004,5620.1013832391
"log_lik_y[2]",-0.0371624344963609,-0.00674853115,0.0691493866844421,0.010002128427727,-0.182194071,-1.296535965e-07,0.999916768242845,9399.03542042546,5627.69405376768
"log_lik_y[3]",-0.0187245928163996,-0.00110375425,0.0452299992399639,0.00163642481756584,-0.10199932,-2.59837340500001e-10,0.999980074131872,9072.37661175229,5754.02403372139
"log_lik_y[4]",-0.0148895545306099,-0.000518859165,0.0397895527365207,0.000769260563522633,-0.0830893522,-1.86188689500001e-11,0.999951363680851,8941.40396705795,5820.59762616292
"log_lik_y[5]",-0.0126350044052339,-0.000279604615,0.0365920706223791,0.000414541800223942,-0.07148300315,-1.90290823500007e-12,0.999958441010804,8843.64603323072,5753.25702746033
"log_lik_y[6]",-0.0110065757930723,-0.000154735795,0.0343779011664209,0.000229411289590565,-0.0623378256,-2.37464560500004e-13,0.999965033111584,8744.55936925011,5797.59064730835
"log_lik_y[7]",-0.00964780138326322,-7.8434891e-05,0.0327406305986488,0.000116287569393032,-0.0539227385,-1.80146022500002e-14,1.00001641143455,8638.95588470211,5842.49381980772
"log_lik_y[8]",-0.00881995366557763,-4.51300025e-05,0.031992432300821,6.69097417062431e-05,-0.0478531176,-2.04863056500002e-15,0.99998439711603,8558.88341687881,5864.82095823371
"log_lik_y[9]",-1.4402571321825,-1.3850327,0.538242585354486,0.53088466368,-2.407421925,-0.658017021000001,1.0017487388223,4212.91097221825,5302.42388795578
"log_lik_y[10]",-1.0283344121175,-0.97906253,0.411506662692595,0.402597687492,-1.78033242,-0.446655032,1.0012966715788,5013.68670349659,5281.93468266627
"log_lik_y[11]",-3.5942564780375,-3.41228275,1.02562777428012,0.92603744562,-5.54693875,-2.2574529,1.00114401554474,10046.7619555685,6330.32033952811
"log_lik_y[12]",-0.206011770066875,-0.165031925,0.16732507379591,0.143797247979,-0.5368326355,-0.0184857350500001,1.00050561538199,11838.20009553,6346.16222331773
"log_lik_y[13]",-0.0729096033387557,-0.0350862505,0.0981624411224475,0.04742256628515,-0.282376924,-0.000312725254500001,1.00014669978929,11364.012419862,6192.18316591796
"log_lik_y[14]",-0.0535684909146434,-0.0188298505,0.0855685166067409,0.027117397248249,-0.2309255295,-4.63449818e-05,1.00017658657026,10625.2391436321,6301.91756021592
"log_lik_y[15]",-0.0482634824765785,-0.0146441205,0.0822471015419721,0.021367240429185,-0.216111552,-2.15059672500002e-05,1.00018502278002,10344.8079213258,6249.07332748411
"log_lik_y[16]",-0.0400504296384037,-0.0085708739,0.077939646423455,0.0126576469248075,-0.1921750935,-3.58179205e-06,1.00019366477719,9799.22364402938,6104.86140909933
"log_lik_y[17]",-0.0375602001354458,-0.00668802055,0.0771847676701712,0.0098950225858974,-0.183154889,-1.59591329000001e-06,1.00019571081517,9572.41937785249,6130.59831754539
"log_lik_y[18]",-2.4320440242875,-2.39007835,0.423500758163049,0.41079413781,-3.206049845,-1.81943143,1.00020241228711,10899.0290843523,6937.72845353669
"log_lik_y[19]",-1.05790685129875,-1.01091045,0.371013637993932,0.349779061737,-1.72654364,-0.528454623,1.00140766153596,12240.3905891668,6135.26359246351
"log_lik_y[20]",-3.43241177785,-3.28311905,0.969159132878169,0.89048580957,-5.2192494,-2.143786435,1.00193702168811,11262.9384717218,5527.5122435594
"log_lik_y[21]",-0.328060666450605,-0.262160665,0.268168981821608,0.221030967297,-0.8520773245,-0.03635639105,1.00171569151789,10903.4597249401,6641.25536010258
"log_lik_y[22]",-0.28134838099988,-0.207385675,0.261659661353288,0.1985663222487,-0.7899331165,-0.0200192829,1.00122916130625,10639.1647947596,6794.50811760834
"log_lik_y[23]",-0.239298660948689,-0.157570575,0.258750949966532,0.1711045983633,-0.7432434215,-0.00888351156000002,1.00098893040577,10304.1357194883,7064.62635614134
"log_lik_y[24]",-1.590871262475,-1.5707677,0.108717950077906,0.0860998452299999,-1.79780575,-1.457191235,1.00042680376938,6373.54067619834,6842.62147115458
"log_lik_y[25]",-1.7185270372625,-1.6692484,0.200440895885898,0.16225485444,-2.101522205,-1.48675196,1.00096569597927,8908.71052141924,6383.02777327213
"log_lik_y[26]",-0.788578671729875,-0.734200085,0.373807623176758,0.351443828799,-1.489413895,-0.2917534645,1.00109382095719,9346.69033367691,5685.45836522966
"log_lik_y[27]",-0.51337193151315,-0.443172645,0.349624625434773,0.302874364296,-1.184200895,-0.10661838,1.00056238322483,8710.62569110213,6019.04691473349
"log_lik_y[28]",-0.273358043686412,-0.24035655,0.176477554814321,0.162547549332,-0.613544211,-0.05280490285,1.00014543811665,12290.815964507,5933.14634509384
"log_lik_y[29]",-0.221592216433064,-0.187177985,0.158402130898485,0.1417597789986,-0.531605513,-0.0331597842500001,1.00010627149443,12308.7791627024,6171.28571045438
"log_lik_y[30]",-3.0225900881,-2.82896775,0.939051013756843,0.82124468307,-4.852576315,-1.870204205,0.999840094088744,12117.824032357,6098.5929320796
"log_lik_y[31]",-0.138751936155409,-0.103287185,0.126175230219466,0.0984082859067,-0.3881448335,-0.01036910725,1.00004909239695,11984.8406449142,6325.27922586576
"log_lik_y[32]",-0.116306396393076,-0.0806817355,0.116595140471716,0.0828512173293,-0.3449624695,-0.00619456403500001,1.00001788007078,11797.8422399412,6273.7364671688
"log_lik_y[33]",-0.0995738219571969,-0.06377874,0.109265971052269,0.0698617680642,-0.3115929365,-0.00367476211,0.999964879658388,11578.060830552,6275.11249265364
"log_lik_y[34]",-0.085113326763805,-0.0492882935,0.102931124185531,0.0575369528118,-0.2852150315,-0.002160544595,0.999924645880649,11347.5653945343,6381.466054718
"log_lik_y[35]",-0.0584177930010975,-0.023632627,0.092942870763348,0.03174720446373,-0.2341306965,-0.000362319079000001,0.999814696240037,10264.6622410044,6683.62482078646
"log_lik_y[36]",-1.5878560401625,-1.56385745,0.117841164807347,0.0823106902799999,-1.80943946,-1.45506704,1.00013438523439,6233.95961177267,6362.02643412985
"log_lik_y[37]",-1.5641227973,-1.5500675,0.0923504398452514,0.0698564054999999,-1.73357887,-1.44723197,1.00022888304389,5630.54441837647,6096.2703489207
"log_lik_y[38]",-1.57992854195,-1.5576742,0.11545892507149,0.0784687547699998,-1.784191215,-1.44963498,1.00075233013903,3871.83588533679,5076.98654334905
"log_lik_y[39]",-1.79970402215,-1.67882435,0.362806891874259,0.21355192488,-2.49814052,-1.47860008,1.00029750743295,8351.59066075466,5954.02691916153
"log_lik_y[40]",-2.65224693705,-2.58760325,0.506870319997752,0.47292278733,-3.5768769,-1.955070335,1.00005728835015,12265.8452307918,5912.39668839537
"log_lik_y[41]",-0.553104949191375,-0.525094835,0.250144746031234,0.245341070541,-1.005566265,-0.1940279875,1.00000968312476,12967.4949938019,6140.00302399612
"log_lik_y[42]",-0.260756141559534,-0.229435055,0.172289257258751,0.163618675941,-0.5863882515,-0.0420001781000001,0.99995840111575,12189.0328206781,6317.04960727396
"log_lik_y[43]",-0.148866039613649,-0.11560234,0.127494342645337,0.107543867697,-0.402243305,-0.01047178215,0.999928573784705,11328.9750480631,6464.63493339917
"log_lik_y[44]",-0.0908877010979212,-0.058881513,0.0965783205490022,0.066264933021,-0.287201877,-0.00249812121,0.999914658206229,10703.9154163719,6521.75541288506
"log_lik_y[45]",-0.0677119476308825,-0.03828574,0.0815753902793479,0.04737740969913,-0.2355630735,-0.000970092065000006,0.999907889789136,10379.9238449426,6506.57678804662
"log_lik_y[46]",-0.0351996870476115,-0.012720131,0.0560269520784873,0.017903934798708,-0.1468658165,-7.99745448500011e-05,0.99990543578309,9807.72865841105,6355.97962401809
"log_lik_y[47]",-0.0263189675756027,-0.0072888737,0.0475662424777535,0.010538707862382,-0.117092524,-2.20671995e-05,0.99990504050865,9585.46042934236,6381.88506090849
"log_lik_y[48]",-0.0182409509917615,-0.00328615805,0.0389596996532737,0.0048345229229388,-0.0868681274,-3.63374999500001e-06,0.999908696333241,9322.68197812788,6407.68874596994
"log_lik_y[49]",-0.0134504666986842,-0.0015294183,0.0333106703649756,0.00226254539741097,-0.0668480498,-5.93007763500001e-07,0.999910944401181,9119.77826512723,6573.70104932784
"log_lik_y[50]",-0.010727740037188,-0.000818206305,0.0298946786038875,0.00121219888173037,-0.05382750375,-1.29535639e-07,0.999914162452502,8966.19225830653,6602.30943736711
"log_lik_y[51]",-0.736917229114875,-0.696817565,0.316714261876089,0.308576102898,-1.320692655,-0.2883637775,1.00009775808726,9872.06125895799,5814.04225912224
"log_lik_y[52]",-2.22897914015,-2.1159877,0.525859103417243,0.45078126828,-3.27349166,-1.60883537,1.00011539932152,12468.8762865246,5177.17581645317
"log_lik_y[53]",-0.2720524308906,-0.234662245,0.182428547434278,0.170253414723,-0.624212206,-0.0441124043000003,1.00018331493372,13157.23687142,5599.82421232729
"log_lik_y[54]",-0.165421021763984,-0.13072559,0.137961110864857,0.1190266847574,-0.4386632825,-0.01377064465,1.00026206933345,12356.5032794167,5824.96191966639
"log_lik_y[55]",-0.107279413169043,-0.073758538,0.10710981968816,0.0803618029431,-0.321940789,-0.004119603845,1.0001718035796,11330.9490894566,5964.55777469531
"log_lik_y[56]",-0.0635770116707038,-0.034564946,0.078101407600063,0.04415164178544,-0.22319596,-0.000756357295,1.00025264475056,10104.062778701,5575.61091283897
"log_lik_y[57]",-0.0311916641383353,-0.0104413855,0.0503585707712011,0.014974577357943,-0.131310282,-4.61018187000003e-05,1.00023943499695,8916.66905498074,5371.52700295066
"log_lik_y[58]",-0.0187168864633758,-0.0038508416,0.0368189979429136,0.005667372830973,-0.0889938427,-4.00884971500002e-06,1.00028227687054,8264.77176842562,5390.87900791511
"log_lik_y[59]",-0.0120880126957395,-0.00142277305,0.028356443286857,0.00210676668328665,-0.06284604905,-3.306602365e-07,1.00025080874543,7789.37675659803,5444.92120641829
"log_lik_y[60]",-0.00865049691119642,-0.000595005295,0.023396612237124,0.000881943001927281,-0.0468762381,-3.70068583500001e-08,1.00030043332637,7458.33168914185,5361.99830633661
"log_lik_y[61]",-0.00647238142898806,-0.0002503213,0.019955453796789,0.000371111870556154,-0.03577980985,-3.96273387000003e-09,1.0002803647326,7198.13538296394,5503.44951604909
"log_lik_y[62]",-0.00512577099756574,-0.00011659568,0.0176766707138349,0.000172863213720789,-0.02740324015,-4.88685874e-10,1.00022695513098,6995.74537610435,5444.12212718985
"log_lik_y[63]",-0.00367868257998975,-3.2008214e-05,0.0150847138150606,4.74553571809951e-05,-0.01856421915,-1.410211805e-11,1.00022486562472,6716.14441321466,5444.5411319987
"log_lik_y[64]",-0.00350630936958912,-2.6050959e-05,0.0147684450736893,3.86231412886709e-05,-0.01774586,-7.42599512000000e-12,1.0002390639588,6675.66131314946,5483.95594901566
"log_lik_y[65]",-1.6880705583,-1.6332473,0.19913770241192,0.15073994502,-2.067471395,-1.472788045,0.999865809372469,5432.82377918776,5962.88393897878
"log_lik_y[66]",-1.687098197875,-1.64330575,0.179355013024944,0.14296052043,-2.043635965,-1.483347825,0.999876370940157,9288.0897900828,6894.46872980051
"log_lik_y[67]",-0.70247297727225,-0.672048455,0.282673630873143,0.2771490897,-1.20473413,-0.2944326475,1.00046516086096,12565.9821984035,5958.30912877066
"log_lik_y[68]",-0.401963747388021,-0.367884955,0.223593081373233,0.217689172071,-0.8201750705,-0.102663269,1.00027266766726,11243.5226521547,6059.14284456472
"log_lik_y[69]",-0.191300225350753,-0.15248516,0.157052479923724,0.1376740566054,-0.504934196,-0.01691293045,1.00016444941055,9463.90276046377,5921.70609342569
"log_lik_y[70]",-0.0962715928396434,-0.058933429,0.10847151355652,0.0702916049388,-0.323532275,-0.002020999595,1.00000728007206,8472.09411588245,5716.39624355607
"log_lik_y[71]",-0.0551413327581391,-0.0237712805,0.078774802911869,0.03253316156181,-0.222081424,-0.000254137957000001,0.999909066582825,7949.31188688385,5852.30330308764
"log_lik_y[72]",-0.0257267330829737,-0.00530603255,0.0500998287467591,0.0077992600181538,-0.126722349,-6.52596055500001e-06,0.999906467980827,7433.01328442755,5818.65704681795
"log_lik_y[73]",-0.0098860709211287,-0.000444146145,0.0283151236096556,0.000658438388380784,-0.053967217,-1.29156483500003e-08,0.999944836674449,6963.80926289778,5760.99770785034
"log_lik_y[74]",-0.00429571232749342,-2.10332525e-05,0.0178154192284188,3.11838963172823e-05,-0.0224648744,-4.13311811500008e-12,0.999975619333874,6627.50123340207,5804.84869854659
"log_lik_y[75]",-0.00316327484192466,-4.6563512e-06,0.015365015945007,6.90350627046489e-06,-0.0150294425,-7.06745593000002e-14,0.999976216343351,6508.23981563692,5762.19882342543
"log_lik_y[76]",-0.00267670885969829,-1.79181065e-06,0.0143005765334832,2.65653846915482e-06,-0.01153050935,-4.99618617000002e-15,1.00003113643894,6447.06875090904,5676.04778100411
"log_lik_y[77]",-0.00205630148832568,-2.79865535e-07,0.0130244173184495,4.14928642190157e-07,-0.007426047985,-2.75038544e-17,1.00003391814694,6336.07366689702,5762.07716794435
"log_lik_y[78]",-1.66356095395,-1.62960275,0.155611512571442,0.12652552878,-1.95636827,-1.477212075,1.00060938003915,6995.99948321152,6892.74281958833
"log_lik_y[79]",-1.5659679004,-1.5519339,0.0928400323409199,0.0725124833999998,-1.733432055,-1.448469195,1.00041589855545,5952.38194472918,5937.90783415767
"log_lik_y[80]",-1.6508987915375,-1.6172696,0.148521745764036,0.12247840143,-1.93627518,-1.473012705,0.999972474983302,8141.83946001883,7202.22790401283
"log_lik_y[81]",-1.741354311625,-1.69380515,0.211189591523824,0.18686964681,-2.14634957,-1.492321525,0.999991441471642,8242.86858597359,7380.2794956044
"log_lik_y[82]",-1.61911487713375,-1.5446706,0.570350008020999,0.52978197993,-2.682111175,-0.8346966955,1.00019493827194,8194.55572713885,6163.04335888894
"log_lik_y[83]",-1.6020338238875,-1.57284305,0.127418860128527,0.09085239366,-1.848677215,-1.45914589,0.999768098975495,6538.81808690466,6726.39204590364
"log_lik_y[84]",-1.5919740773,-1.5656944,0.120903209232712,0.0855449821799998,-1.823567945,-1.45411043,0.999900431150603,4760.06671802961,5200.18507613682
"log_lik_y[85]",-1.6518653720875,-1.59229425,0.19809497101409,0.11882512677,-2.039711875,-1.460878105,1.00011728454817,5152.4696767453,5791.64222516482
"log_lik_y[86]",-1.6824103666375,-1.60302915,0.24506386460593,0.12935944455,-2.175631175,-1.462632885,1.00015709349657,5408.08046218934,6295.44333371766
"log_lik_y[87]",-0.16355065844235,-0.13932453,0.114435864993307,0.101802988455,-0.385383226,-0.0271769053000001,0.999988331012256,9503.21084126659,6324.74486071304
"log_lik_y[88]",-0.136077939592708,-0.11227567,0.102066606324351,0.0883035314616,-0.3344440725,-0.01850937125,1.00006127914918,9506.82233404494,6405.92350800174
"log_lik_y[89]",-0.119120702944174,-0.0964687115,0.0942852382077713,0.0803584233564,-0.303983603,-0.0139343137,1.00006756681173,9502.61312230419,6382.23427694949
"log_lik_y[90]",-0.116513362289665,-0.0941856325,0.0930825042273209,0.078981867804,-0.2992376665,-0.01333321535,1.00009617202096,9498.02555438802,6460.0158774543
"log_lik_y[91]",-0.103024738070119,-0.081400108,0.0868598112866971,0.0717516219756,-0.2743590435,-0.00980682911,1.00006312320449,9466.4831159532,6339.28699829693
"log_lik_y[92]",-3.7235983553875,-3.5063424,1.1001985326543,0.95183260998,-5.787425575,-2.332047795,1.0004323329239,9358.95997098241,6410.11085456906
"log_lik_y[93]",-0.0923239961172665,-0.0704864115,0.0819727720608201,0.0650300554659,-0.2535604055,-0.00735681452000001,1.00007790160679,9362.86859585668,6366.55979967308
"log_lik_y[94]",-0.0830824277420018,-0.0612797765,0.0778714796521245,0.0592990243944,-0.239332866,-0.00547476946500002,1.00004189885679,9296.62716252379,6161.45106616476
"log_lik_y[95]",-0.0765688322631426,-0.0545916005,0.0751245869964121,0.0547822664445,-0.2287202855,-0.004296995425,0.999948192575561,9261.7420466375,6230.52900675658
"log_lik_y[96]",-0.071242985567469,-0.049009786,0.0730417210338187,0.0509680236786,-0.2181532025,-0.003321243615,0.999912222791784,9181.85284835614,6276.57635738308
"log_lik_y[97]",-0.0667269196170523,-0.0441526145,0.0714688478302247,0.0474955446756,-0.211320902,-0.0025986314,0.999951990946963,9099.08213850174,6488.96862033643
"log_lik_y[98]",-0.0625847148613989,-0.0394520355,0.0702839026119384,0.04411876779912,-0.2048349205,-0.00197330103,0.999829855152855,9012.31545090928,6482.31793068419
"log_lik_y[99]",-0.0594210963086691,-0.035878565,0.0696501570978636,0.04135540518249,-0.2007396685,-0.00157315662,0.999807160047842,8925.81266084666,6837.36644115356
"log_lik_y[100]",-1.904422705075,-1.8347149,0.314897313320169,0.27459642315,-2.518496305,-1.53113094,0.999944708923967,11811.9742541454,6469.76229309415
"log_lik_y[101]",-0.460904118829275,-0.42364743,0.260931674634331,0.255800220501,-0.945254745,-0.1091774985,1.000229755523,11185.4919806527,6602.92229671651
"log_lik_y[102]",-0.253703515673755,-0.21105193,0.194639987645947,0.1785646916697,-0.6341534785,-0.02741374655,1.00051623551603,10268.0041034647,6743.37461201823
"log_lik_y[103]",-0.109724609626322,-0.067350611,0.124166913106363,0.0812578211487,-0.368932292,-0.002239806745,1.00082152756212,9475.87000915264,6438.47102976607
"log_lik_y[104]",-0.0584689156939588,-0.0239376185,0.0874136889144939,0.03339140867916,-0.236044267,-0.000187641643500001,1.00058237259318,9084.99008815816,6369.77202036868
"log_lik_y[105]",-0.0305073636852052,-0.00631504025,0.0612778546343681,0.009291547055238,-0.142690944,-6.89250771500001e-06,1.00064041613617,8785.52257501322,6307.27269268894
"log_lik_y[106]",-0.019790692321946,-0.00214985545,0.049179764063241,0.00318424427328945,-0.09862290335,-4.01303788000001e-07,1.00062419003874,8604.32294657208,6417.49748187204
"log_lik_y[107]",-0.0132932453581205,-0.000606440725,0.0411655989717239,0.000899044870867563,-0.06903555085,-1.33298392000002e-08,1.00047717592792,8444.35781851257,6416.50650680185
"log_lik_y[108]",-0.0986381214180185,-0.044940917,0.136235181872228,0.06190908557799,-0.3802573115,-0.000235207451500001,0.999880466278182,7295.11050349591,5451.24231844329
"log_lik_y[109]",-0.0575765772505637,-0.0213763905,0.0852188730032692,0.031091161806684,-0.2329241715,-1.756788395e-05,1.00012936578299,9356.43298032964,5039.58742997497
"log_lik_y[110]",-0.0295660689076329,-0.0059638336,0.054850406370218,0.0088312417380222,-0.1404081395,-3.94020925000001e-07,1.00014005357621,9003.51011157488,5259.91529833982
"log_lik_y[111]",-0.0230282105594264,-0.00347491875,0.0466315667985197,0.00515006269025178,-0.1156468895,-7.84089764000005e-08,1.00014162406564,8836.87430564318,5444.94100345616
"log_lik_y[112]",-0.0177718053988013,-0.00186723145,0.0395398164338169,0.00276819409964028,-0.0939741585,-1.18394322500002e-08,1.0001385125802,8662.66937792983,5310.97702036229
"log_lik_y[113]",-0.0146728626843485,-0.00113412415,0.0351054889088163,0.00168142511932123,-0.08072710745,-2.71003002500004e-09,1.00013873376056,8544.51417297967,5294.50071978175
"log_lik_y[114]",-0.00969679868940536,-0.000333178525,0.0274988923967662,0.00049397025065096,-0.05464122895,-6.63049116500018e-11,1.00013039326464,8272.28174644336,5507.13270178311
"log_lik_y[115]",-0.00821973966350115,-0.00018914712,0.0251172550112829,0.000280429496338687,-0.04642420295,-1.12093113e-11,1.00012551610177,8168.4959863305,5647.01743454566
"log_lik_y[116]",-0.00725965019664393,-0.00011923594,0.0235467998232489,0.000176779201673139,-0.04050254195,-2.81078828500006e-12,1.00012377572528,8101.21840494624,5563.04990732644
"log_lik_y[117]",-0.00645032529654453,-7.46783475e-05,0.0222211008036452,0.000110718117587211,-0.03537713765,-6.04281965000007e-13,1.00011740866696,8033.45141927742,5549.49993698027
"log_lik_y[118]",-0.00583967682188775,-4.8761279e-05,0.0212330895592875,7.22934721694618e-05,-0.0316787992,-1.60065562500008e-13,1.00011709078431,7970.46249080888,5547.92403502472
"log_lik_y[119]",-0.13859995254621,-0.0749483065,0.1715155118197,0.10278232144173,-0.487704329,-0.000332295855,1.00029074778655,9153.33766796207,4984.13727218623
"log_lik_y[120]",-0.0352868690825798,-0.0042405338,0.0773124548807646,0.0062865825979446,-0.176647584,-2.99458433500002e-08,1.00028727576839,8398.68601539588,5196.91192115028
"log_lik_y[121]",-0.0248705469267395,-0.00142407905,0.0649218137157975,0.00211133561998979,-0.1302284425,-6.95300945500007e-10,1.00030888699123,8227.13377965788,5274.34444932261
"log_lik_y[122]",-0.0197989131231852,-0.00059519614,0.0590120047567636,0.000882437720049495,-0.104322254,-3.09519039000011e-11,1.00026437854028,8096.85254573833,5292.99153330021
"log_lik_y[123]",-0.0170582176940561,-0.00029179842,0.0562261709314258,0.000432620335286085,-0.09034374145,-2.36699050000002e-12,1.00025544393754,7991.44207804544,5311.64966047355
"log_lik_y[124]",-2.35696503624125,-2.30457365,0.755136503514301,0.75388267794,-3.680647865,-1.21057359,1.00008806775324,5219.14675558603,6727.0292310228
"log_lik_y[125]",-2.6128702666,-2.5455222,0.529493017546241,0.52257254091,-3.572003575,-1.881078205,1.00014144497282,9716.27619463375,6513.20126089119
"log_lik_y[126]",-2.887736485525,-2.80810025,0.650082139544289,0.63915916407,-4.07977921,-1.986688905,1.00011944888247,12502.8687900858,6338.48589015934
"log_lik_y[127]",-2.0178699821625,-1.90906975,0.4516185420178,0.3878170254,-2.90986831,-1.519407735,0.999966483194304,12600.998350373,6292.91536945077
"log_lik_y[128]",-0.909569333739375,-0.81092766,0.532026225132605,0.48992650434,-1.911881445,-0.227541507,1.00003654006724,12384.4772727709,6694.69133753991
"log_lik_y[129]",-0.878210877523937,-0.753560215,0.589560758129279,0.525708877428,-2.030632795,-0.1642665465,1.00006249446544,11332.9077867807,6971.05397872678
"log_lik_y[130]",-1.7320328729625,-1.66543665,0.241039023429817,0.17035496541,-2.20453827,-1.48376104,1.00091161384277,6590.63107853265,6031.32029849098
"log_lik_y[131]",-1.6373835961,-1.6058527,0.141788751860814,0.10937822196,-1.907923025,-1.47027847,1.00160051934544,7276.40516901475,6623.98147873937
"log_lik_y[132]",-1.5605202361625,-1.5482263,0.0865934619508467,0.0709282511700001,-1.71731063,-1.44841908,1.00007619441281,6524.04262295317,5830.23188678184
"log_lik_y[133]",-1.5798353689875,-1.56164485,0.100335435037223,0.07749676221,-1.770639395,-1.45504083,0.99997340760046,6045.49703729824,6458.63066249655
"log_lik_y[134]",-1.6344721097,-1.5987142,0.147735226471587,0.1098925359,-1.920021515,-1.4689092,1.00013097836674,6772.27254439249,6811.28056910094
"log_lik_y[135]",-1.17918476957588,-1.0848908,0.539857250635622,0.490533836604,-2.19262373,-0.465517952,1.00007137409783,7112.42586578382,6665.07793018822
"log_lik_y[136]",-1.970377208175,-1.92750645,0.269700740133271,0.25301569755,-2.466870085,-1.607893325,1.00144710325022,9019.07238528504,6444.8487373768
"log_lik_y[137]",-0.820999984955,-0.79695268,0.262724063940664,0.258296392578,-1.29589587,-0.437026603,1.00118846421362,9207.13092624643,6059.17457631165
"log_lik_y[138]",-0.5833598615335,-0.55551858,0.229412228365513,0.223733361621,-1.005368505,-0.255189592,1.00121454516094,9217.38367992698,6023.70501371097
"log_lik_y[139]",-0.5076659275335,-0.47794322,0.220350390545046,0.211743909006,-0.916064461,-0.2015651315,1.00095987099692,9170.3685375964,6202.29446747323
"log_lik_y[140]",-0.423854524928625,-0.39038573,0.211486653473288,0.199607456601,-0.820879207,-0.1406677615,1.00067299277293,9062.72663347106,6226.59007759352
"log_lik_y[141]",-0.387489180372125,-0.350715875,0.208233490238639,0.194300059947,-0.7815939985,-0.1153194955,1.0006191564129,8985.46742777593,6286.62156778042
"log_lik_y[142]",-0.345429849503663,-0.30705985,0.20526797397919,0.185717874174,-0.74345647,-0.0865969948000001,1.00056167214896,8867.38417278531,6473.36537385775
"log_lik_y[143]",-0.2847217329346,-0.237331585,0.204231079483077,0.173078027178,-0.683820094,-0.0496775508000001,1.00061442038252,8518.52755427768,6819.49372784141
"log_lik_y[144]",-4.5429056641875,-4.368007,1.33344823776893,1.26570192105,-7.00584998,-2.69067922,1.00089381278067,8238.32802869359,6783.97220219746
"log_lik_y[145]",-1.6515767686375,-1.59651315,0.189997139760219,0.11628187473,-2.033488505,-1.464856895,1.00021204297688,7849.53432332433,5782.66756018366
"log_lik_y[146]",-0.575015951015625,-0.54257813,0.279049880230386,0.277013683842,-1.077897145,-0.1781726295,1.00053967892456,11396.4029336339,5773.64730160972
"log_lik_y[147]",-0.157877125025759,-0.11310434,0.149132133459208,0.118336476636,-0.4538383805,-0.00735785166000001,1.00058606700437,8978.82878553977,5694.56520814553
"log_lik_y[148]",-0.0836095437831137,-0.043913381,0.105592135946698,0.05708308091556,-0.297356346,-0.0008121910155,1.00061364940882,8209.46356848113,5723.85076752886
"log_lik_y[149]",-0.0479720583194538,-0.016218473,0.0778042267241203,0.023267931583197,-0.1997898955,-7.13689069500004e-05,1.00063104370784,7750.95786102117,5817.78590500222
"log_lik_y[150]",-0.0257592955388397,-0.0040292788,0.0560434477889069,0.00595335568884,-0.126553757,-1.97209599500001e-06,1.00046596504068,7314.73192507316,5796.39104296762
"log_lik_y[151]",-0.0161767342461425,-0.0010410233,0.0450909136345456,0.00154298306502761,-0.08529342565,-4.19580037500002e-08,1.00059744851788,7010.15754611202,5533.60354929099
"log_lik_y[152]",-0.0140601580553229,-0.000609827035,0.0426345744694663,0.000904056908423308,-0.07454952585,-9.65150990500005e-09,1.00064056574115,6921.42184033981,5836.49063456437
"log_lik_y[153]",-1.6075368188375,-1.57959765,0.127735469728006,0.0943086307799998,-1.848903245,-1.45911222,0.999746577994249,6321.55524463854,6170.16925548439
"log_lik_y[154]",-1.5871628047875,-1.56301105,0.118613290316759,0.08168844306,-1.80012744,-1.453878755,1.0007355650617,5185.55832527442,5644.54937670548
"log_lik_y[155]",-0.469595328313175,-0.41951675,0.282412648665096,0.258391004697,-1.00323907,-0.1081744315,1.00027251174423,8412.8128777852,6591.7728055785
"log_lik_y[156]",-0.334953644556048,-0.27386575,0.26301040030606,0.219834479445,-0.848853764,-0.04174790655,1.00024590428651,8180.02320346655,6753.13374739697
"log_lik_y[157]",-0.24744864204026,-0.173574445,0.249095848204798,0.1754327332695,-0.737386019,-0.01298162385,1.00007172222714,7964.05333427124,6873.18544287119
"log_lik_y[158]",-3.2981120888,-3.21123465,0.703713411468716,0.66890493852,-4.572549615,-2.31787437,1.0007017598637,7694.20122658909,5655.65036073708
"log_lik_y[159]",-0.686066847008,-0.64929531,0.302178133143263,0.285972501906,-1.232643885,-0.2637745375,1.00055861488645,8173.11783636299,5378.09490171701
"log_lik_y[160]",-0.515473360989625,-0.47190404,0.278096870214107,0.259646537094,-1.03062904,-0.148655927,1.00062836291263,9103.64099232858,5871.98213860595
"log_lik_y[161]",-0.284804817174693,-0.223257185,0.236995776015184,0.190088334345,-0.738805438,-0.0308311185,1.00046860657073,8979.21022258465,6500.85622217432
"log_lik_y[162]",-0.164951757640255,-0.0878371785,0.215401331920203,0.1076673134208,-0.5865245405,-0.0026587373,1.0003115116713,8569.06081000945,6671.32307253788
"log_lik_y[163]",-0.382142481768696,-0.319501045,0.29018938167176,0.26711833701,-0.9430752845,-0.03402442685,0.999929846117332,12345.7183966572,4783.15014001631
"log_lik_y[164]",-0.0915757798411831,-0.038154131,0.133297531421866,0.05392013817687,-0.366170241,-0.000135600631000002,1.00001305189363,9433.53694883008,5213.11930720025
"log_lik_y[165]",-0.0397154813698355,-0.00597586505,0.0837072807311279,0.00885120612428073,-0.1964683415,-6.22956449500004e-07,0.999998922109719,8276.28671804439,5234.91257228735
"log_lik_y[166]",-0.0220830153410099,-0.00100619655,0.0615403685718649,0.00149177469680504,-0.118301914,-3.30238030000009e-09,0.999930163658508,7525.12711512405,5317.03084487772
"log_lik_y[167]",-0.0132718232883631,-0.0001072756,0.0488181603472246,0.000159046803419708,-0.0682998942,-2.83230155000001e-12,0.999861977798312,6974.51356499898,5471.93655265931
"log_lik_y[168]",-2.34147279724375,-2.31112745,0.540268148542828,0.52908197034,-3.278901505,-1.51596048,1.00030572990111,7898.87022822134,6831.77842048789
"log_lik_y[169]",-1.5854495053625,-1.5629386,0.109420620846704,0.0808104473399998,-1.797323335,-1.45392442,1.00038236104144,6810.85650724421,6690.46628620046
"log_lik_y[170]",-1.895743829725,-1.8522568,0.258984589800549,0.24246966723,-2.382047935,-1.56028983,1.00050739227969,7885.65021266877,6732.07842812693
"log_lik_y[171]",-1.5783279868,-1.56020755,0.103305953076331,0.0791165768399999,-1.772919655,-1.45353267,1.00036613886747,6419.96730760779,6389.17410980058
"log_lik_y[172]",-1.72755229195,-1.6753592,0.212741267281525,0.17421647124,-2.142712405,-1.48772304,1.00038309624392,7883.77388911863,6638.84596793126
"log_lik_y[173]",-1.6618467224,-1.61380275,0.179226036465535,0.1319491761,-2.01573459,-1.46835271,1.0003771965953,7282.28743618454,6677.99167695923
"log_lik_y[174]",-1.5826154056,-1.56067385,0.111883376166785,0.0787735031999999,-1.79483635,-1.451417725,1.00002828364993,6257.27594177259,5989.90833798868
"log_lik_y[175]",-2.1914997563375,-2.11421095,0.431643936156068,0.40731380844,-3.01001502,-1.629351455,1.00062863265241,8074.13860588108,6801.62332717104
"log_lik_y[176]",-2.581843176025,-2.50509015,0.558173943610832,0.53797853403,-3.615847115,-1.81512689,1.00060263641657,8123.83469490312,6683.85363330266
"log_lik_y[177]",-1.623462317975,-1.57657845,0.170660281052594,0.097391994,-1.96892471,-1.458251935,1.00050800422679,5858.82688152761,5997.50250895083
"log_lik_y[178]",-1.5614635940875,-1.5503248,0.0829493566923221,0.0696788641499999,-1.716769665,-1.449703045,0.999842817066423,5918.90723032125,6640.70646629108
"log_lik_y[179]",-2.0924301975,-2.0399215,0.351205438115438,0.32477709579,-2.75310315,-1.62667506,0.999997525099072,8491.08075642057,5567.16487224309
"log_lik_y[180]",-0.710392282071375,-0.66338707,0.324154196697426,0.307235965932,-1.30832465,-0.2655926665,1.00030436763283,8813.32315880904,6327.34591995417
"log_lik_y[181]",-0.478916281756625,-0.417864775,0.302178513073935,0.271097057196,-1.05611154,-0.108159831,1.00028083034461,8750.37485283472,6735.29155738513
"log_lik_y[182]",-0.301351895501313,-0.221316245,0.280418927406899,0.2095674662907,-0.8517612115,-0.02441875435,1.00040744300961,8690.4021953707,6854.37263985216
"log_lik_y[183]",-1.7328892139625,-1.68530925,0.202653855061357,0.17350882626,-2.12217085,-1.4931276,1.00005728253633,8660.65912496807,6545.00047321576
"log_lik_y[184]",-1.5934596361625,-1.56725815,0.118516672214902,0.08577611952,-1.81995659,-1.455543375,1.00016278511165,5222.0675625053,5263.64829292366
"log_lik_y[185]",-0.74405909678175,-0.687077605,0.363891292650368,0.337795102155,-1.443372285,-0.2552656515,1.0000153407525,11999.795138858,6090.74221069373
"log_lik_y[186]",-0.201310238488421,-0.115463585,0.246491526324326,0.1349714576826,-0.686227378,-0.00502751474500002,0.999998249785288,9204.54004403472,6724.20077721028
"log_lik_y[187]",-1.795060801175,-1.76151625,0.204746483622346,0.19391555505,-2.180561825,-1.526051175,0.999860002706359,8235.6834077035,6647.26071990193
"log_lik_y[188]",-1.6085457740125,-1.5846671,0.117890181012802,0.09728361594,-1.83389352,-1.46235854,0.999868094472413,7420.74118479221,6475.99224422099
"log_lik_y[189]",-1.7821749207625,-1.74113285,0.219970133227705,0.20413163274,-2.210099695,-1.50809456,0.999956779333615,8313.89878245393,6868.47084091241
"log_lik_y[190]",-1.9018641938625,-1.8530174,0.282850898254512,0.2675262744,-2.44352078,-1.538698645,1.00005116906514,8241.90868339574,7299.42956641737
"log_lik_y[191]",-1.8970231149375,-1.84275735,0.294219018931654,0.27450865323,-2.457292535,-1.52965882,0.99996938309764,8134.19274420939,6907.22927921118
"log_lik_y[192]",-2.833206559435,-2.74997785,0.775333007413219,0.74409262536,-4.216912915,-1.716279965,1.00018165590551,8005.8719053441,6699.7995529811
"log_lik_y[193]",-1.6278179782875,-1.58444355,0.162026057541506,0.10769361771,-1.947030085,-1.458655055,0.999862556175254,6562.79833293233,6697.68583601225
"log_lik_y[194]",-1.5833407461,-1.56144845,0.111988117840438,0.08239631043,-1.794534925,-1.45083457,1.00022809666501,7273.18594142851,6704.46510946261
"log_lik_y[195]",-1.5610836323125,-1.54877075,0.0889599992109042,0.07030578156,-1.722605685,-1.445050725,1.00059013926292,6568.85529198389,6504.74257882686
"log_lik_y[196]",-1.5606306727625,-1.5502365,0.0828922748984841,0.06957560106,-1.70950556,-1.447766245,1.00058897601348,5950.44598115623,6123.363168668
"log_lik_y[197]",-1.5779193577625,-1.55811995,0.106003284452037,0.07974653358,-1.777121105,-1.45230707,1.00039744787907,6454.67210878896,6723.52072457076
"log_lik_y[198]",-1.5662551491875,-1.5518368,0.0925614479492522,0.07298157804,-1.737650625,-1.44857168,1.00065059201464,5600.67035778586,6204.99164101571
"log_lik_y[199]",-2.0468447997125,-1.96730745,0.379005948633926,0.34114099677,-2.768752535,-1.579404875,0.999846225440159,8119.52690161118,6436.51214878306
"log_lik_y[200]",-1.5945975058875,-1.56653695,0.125137757994374,0.08822745036,-1.83165804,-1.453673555,1.00088863474215,5916.29628414264,5981.73584297893
"log_lik_y[201]",-1.8152921876375,-1.736821,0.298027380450462,0.2468343675,-2.40185892,-1.49049853,0.999740820850018,7593.77128869748,5987.34063040673
"log_lik_y[202]",-1.6787272605,-1.61986245,0.200922229065527,0.13561142049,-2.0720719,-1.471598995,1.00026960040224,5659.85845285908,5957.82060770715
"log_lik_y[203]",-1.5564627705,-1.547529,0.079176874122974,0.0682388889000001,-1.701084555,-1.44839781,1.00096503553716,6019.80137738714,6135.53137604293
"log_lik_y[204]",-1.8098370439625,-1.782893,0.192736701360836,0.18102516348,-2.165235555,-1.548430045,0.99981832367508,7689.24593952805,5901.18559292249
"log_lik_y[205]",-3.1018203584,-3.05714835,0.519547332864791,0.51188292078,-4.011085465,-2.33720061,1.00027182990541,8983.12057347948,5558.57674693923
"log_lik_y[206]",-0.886463143021375,-0.849971695,0.317199666939144,0.30599981853,-1.455122885,-0.43395553,1.00029611653283,9075.10054113057,5860.90775356938
"log_lik_y[207]",-0.5751682712045,-0.52728097,0.295103255165781,0.274807975344,-1.119699805,-0.187786656500001,1.00006033310452,8509.86596591061,6783.6310931608
"log_lik_y[208]",-0.400800286047138,-0.339644175,0.275727119324787,0.239554512393,-0.9275258325,-0.0767319988,1.00009701804925,8074.47202423332,6150.55640478189
"log_lik_y[209]",-0.314164353666075,-0.24429896,0.263224321596896,0.209463381099,-0.826644061,-0.0370167056000001,1.00023238635725,7805.26668003846,6218.62737239987
"log_lik_y[210]",-1.6647682191625,-1.60893485,0.194862494457768,0.13198090374,-2.05544004,-1.463437765,1.00036549883367,7099.02858464785,6665.05324894996
"log_lik_y[211]",-1.5977407234125,-1.56761515,0.130566075308749,0.0884909083800001,-1.84297047,-1.45373913,1.00005364904183,6110.42569883824,6152.85459459808
"log_lik_y[212]",-0.297501721511667,-0.23703885,0.244629046239683,0.215065199874,-0.77522245,-0.01985715925,1.00032064719026,11211.5855571095,5590.14588834091
"log_lik_y[213]",-0.16182374571668,-0.100852595,0.179292734446328,0.1210520460849,-0.5206382105,-0.00247246627500001,1.00032790434578,10276.6615368208,5592.26433340776
"log_lik_y[214]",-0.0634418799610853,-0.019288949,0.109684757703593,0.028029541175139,-0.278587869,-2.63317869500001e-05,1.00039094112381,9356.03829998793,5627.31243085886
"log_lik_y[215]",-0.0336808408746714,-0.0042509007,0.0797443019163872,0.00629623964262384,-0.1722114305,-3.902781685e-07,1.00025443234121,8888.51344915519,5500.58561716402
"log_lik_y[216]",-1.5639676255375,-1.551552,0.0891002771916308,0.07183686258,-1.72804875,-1.449987585,1.00041718541437,5157.4693819759,6230.5356412827
"log_lik_y[217]",-1.5604410101125,-1.5481747,0.0881676213463791,0.0697112589599997,-1.716002375,-1.447880155,1.00032631417404,5531.51309394531,5809.01767380497
"log_lik_y[218]",-0.6539614968415,-0.62039227,0.265653194911859,0.261641301264,-1.13835601,-0.2784850965,1.00068621482059,7138.25451507203,6627.51856456759
"log_lik_y[219]",-0.427889996970063,-0.37777143,0.249575355457245,0.228301459785,-0.902544855,-0.1116240505,1.00065454387161,7719.31979632548,6861.22758569973
"log_lik_y[220]",-0.375626398897813,-0.319610975,0.246199826073221,0.215860607361,-0.848848101,-0.0783264497000001,1.00061996540057,7782.00834567784,6907.31036715644
"log_lik_y[221]",-0.313398093061742,-0.24852174,0.243318585602232,0.198114041034,-0.7856582105,-0.0440947472000001,1.00056590570195,7785.01012501382,6682.85600052978
"log_lik_y[222]",-1.6437846813625,-1.5852408,0.199131444409151,0.10806463836,-2.031602285,-1.460857205,1.00045975920802,5298.29004418272,6010.3808825651
"log_lik_y[223]",-0.183270240097246,-0.09077226,0.237998445577648,0.12628811900418,-0.6610440335,-0.000454129311500003,1.00020193165251,9584.95824454877,5161.14715678875
"log_lik_y[224]",-0.0955460616206953,-0.0208653395,0.176357029527407,0.0308712648104448,-0.429453739,-3.87100466500001e-06,1.00025003502582,9098.37684034096,5051.76656171535
"log_lik_y[225]",-1.69232748715,-1.6318665,0.210965844413303,0.14815681104,-2.116247645,-1.47313122,1.00003265387544,7015.19086951461,6971.73812664877
"log_lik_y[226]",-1.7618431436625,-1.72521715,0.199795866725716,0.18148551078,-2.148241305,-1.511272415,1.00014747706726,9154.84913174698,6611.9405491301
"log_lik_y[227]",-1.24188173423875,-1.2080825,0.348128031419399,0.33747667674,-1.87100629,-0.733472153,0.999992334834117,12270.9862178385,6256.71363915784
"log_lik_y[228]",-0.81528983376625,-0.77877293,0.300707554746928,0.287704579008,-1.370419105,-0.3863387385,1.00042565972601,13289.6052720307,5656.7148139462
"log_lik_y[229]",-0.669898532132,-0.628579875,0.288806000473783,0.273047639886,-1.19912905,-0.270267491000001,1.00029251208642,12984.5194095535,5976.14727373015
"log_lik_y[230]",-0.534787226815375,-0.49009226,0.278717371179122,0.258672491133,-1.051926335,-0.167655435,1.00046395756543,12334.9763601549,6085.8082137734
"log_lik_y[231]",-0.4187753237304,-0.361798625,0.271192199017735,0.239353457007,-0.932522923,-0.0900584132500001,1.00045965639023,11505.3827232145,6124.08828839152
"log_lik_y[232]",-0.393420817211575,-0.332692875,0.26998576148663,0.235183377639,-0.909834158,-0.07501873685,1.00041538711357,11282.2064797897,6123.52255336103
"log_lik_y[233]",-6.458996239925,-6.24103775,1.87024048403206,1.79819461269,-9.882228555,-3.788533925,1.00069028603454,10763.5441345972,6462.66825968946
"log_lik_y[234]",-1.651028252,-1.5878624,0.211699558027981,0.11508222894,-2.06219786,-1.457365035,1.00040451274279,6231.45144370309,5802.55647802723
"log_lik_y[235]",-0.482789559387466,-0.431186845,0.292232319021503,0.27657554589,-1.04334046,-0.0958203927500001,0.999702964099298,13149.6169932234,5011.10677628054
"log_lik_y[236]",-0.185994220202405,-0.129685165,0.185009439251429,0.1375846380342,-0.563871301,-0.00699655112,0.999792416731572,10494.8884752896,4879.17776301879
"log_lik_y[237]",-0.104347474589564,-0.052875935,0.137956290558337,0.06885709403349,-0.3920194965,-0.000780503109500002,0.999854075320187,9389.19728027183,5095.22613541152
"log_lik_y[238]",-0.0683208223792824,-0.0242922295,0.111180201197226,0.03438300336093,-0.2929871075,-0.0001081672805,0.999926390609829,8791.89608118793,5343.09839036015
"log_lik_y[239]",-0.013283841270863,-0.00016474802,0.0541475658276271,0.000244255171591868,-0.0647017587,-1.49564052000001e-10,1.00009484882948,7337.81710877839,6096.4262654601
"log_lik_y[240]",-1.5809208765125,-1.5601931,0.107691729599133,0.0782860984500001,-1.780880675,-1.4523939,1.00021000187514,5806.02580393417,6674.48733322872
"log_lik_y[241]",-1.6072389835625,-1.58423975,0.118218645852252,0.0965066594100001,-1.839265965,-1.46204337,0.999909246521608,7423.41271160407,7256.04667230021
"log_lik_y[242]",-1.6548320673625,-1.6299148,0.134513338613201,0.12072359607,-1.91743871,-1.482752085,0.99994095330853,9651.52849624902,7333.34124205286
"log_lik_y[243]",-1.6353021189375,-1.60691215,0.133508727648657,0.1098651078,-1.89289404,-1.470587985,1.00008434880336,9544.48045578028,6477.66105448584
"log_lik_y[244]",-1.321357087405,-1.2772125,0.396585489263924,0.36916473132,-2.04771547,-0.7513704855,1.00030176917518,13333.8054951507,6275.82986737824
"log_lik_y[245]",-0.93087800849,-0.87154301,0.401712571326626,0.368429606349,-1.67871429,-0.3919504035,1.00065785791271,11895.825140751,6076.3557491338
"log_lik_y[246]",-0.783731954599125,-0.712261365,0.405615254580437,0.364278126198,-1.542712915,-0.264379031,1.00073035535128,11211.8725178375,6140.21771833055
"log_lik_y[247]",-3.596220259525,-3.43799875,1.16314861363304,1.12300878753,-5.768426225,-2.011178205,1.00041893184127,10147.0969413915,6524.03036704041
"log_lik_y[248]",-1.710928881725,-1.64956795,0.218719089577991,0.16558262427,-2.1373814,-1.47831939,1.00003319631061,6927.31708415424,6960.64383245892
"log_lik_y[249]",-1.8041327907875,-1.76345,0.225797810680513,0.21425438076,-2.231614395,-1.51817664,1.00010499563987,7901.6542031539,7109.15158004857
"log_lik_y[250]",-1.551331932225,-1.54356745,0.0759302839784731,0.0652662017699999,-1.685710365,-1.444833645,0.999921744334002,5646.84891129701,5712.30952841816
"log_lik_y[251]",-1.5605001439625,-1.5482161,0.0862377557315099,0.069296724,-1.713403555,-1.448491065,1.00018430667599,4551.25941524971,4535.01191082476
"log_lik_y[252]",-1.18506289126375,-1.131813,0.405491971348111,0.38017652043,-1.928494635,-0.6238563795,1.0002318496822,10981.9878286974,5822.03841851202
"log_lik_y[253]",-0.693957008260625,-0.6095485,0.41420755740365,0.359202808335,-1.452429795,-0.193252959,1.00065148087813,9560.30779258328,6679.24572015237
"log_lik_y[254]",-2.7125674601125,-2.55267505,0.860369008135518,0.80996046621,-4.35694256,-1.63934813,1.00080322929202,9346.9701681583,6778.12074715234
"log_lik_y[255]",-1.607692793925,-1.57039635,0.149658972516029,0.0907078401600001,-1.898128435,-1.45586631,0.999967511151884,5652.84250278159,6556.42298706626
"log_lik_y[256]",-1.5801594391125,-1.55766205,0.113227365743327,0.07959597555,-1.79157909,-1.45132255,1.00001637585276,5901.37471117434,6250.12377673348
"log_lik_y[257]",-1.5765743749625,-1.5593036,0.09889991264184,0.0778747510799999,-1.761107305,-1.45211022,0.999845584528248,6377.40399000676,6476.52088574863
"log_lik_y[258]",-1.5790752398875,-1.55825955,0.11039526221957,0.07763864703,-1.77750223,-1.45137312,1.00016462871067,5245.01764727871,5602.14802802289
"log_lik_y[259]",-1.5930294415625,-1.5647636,0.129008354031874,0.08394518265,-1.825372545,-1.45503826,1.00016333045265,5175.09436982037,5297.33181858327
"log_lik_y[260]",-1.623093526975,-1.57885185,0.170797208945415,0.0995191543499999,-1.939783205,-1.45724275,0.999934625125049,5237.7009611306,5573.85733339058
"log_lik_y[261]",-1.9502678517125,-1.7931832,0.48307664053568,0.34834272627,-2.930122185,-1.486694505,1.00019872724514,8548.14264476672,7154.67560795079
"log_lik_y[262]",-1.5651440211625,-1.55186915,0.0884025805359573,0.07130112507,-1.727762945,-1.44990609,1.00004652568973,6107.00324704665,6614.79847334849
"log_lik_y[263]",-1.6170034299625,-1.59397085,0.116640862382242,0.0992915752499999,-1.838294685,-1.469469265,1.00032571777265,5805.36423737036,6643.91844831909
"log_lik_y[264]",-1.5642815556,-1.5540011,0.0811894709955883,0.0700786472400001,-1.7129098,-1.4517341,0.999896572322612,6218.32163795986,6899.08210094277
"log_lik_y[265]",-1.571213265775,-1.5600949,0.0845939597632028,0.0737665406100002,-1.729658635,-1.45588317,1.00010018003518,6454.32095676519,6652.61957431357
"log_lik_y[266]",-1.551201525575,-1.54389945,0.073555910558438,0.0641995452000001,-1.684888375,-1.446223345,1.0000412142588,5274.5219293767,5418.19690861992
"log_lik_y[267]",-1.565276752475,-1.55285525,0.0861781514911982,0.07086412872,-1.73053819,-1.45035075,1.00012222913592,5674.61147498009,5532.43123290228
"log_lik_y[268]",-1.37632340568,-1.31869875,0.438747867003451,0.41577233796,-2.174146655,-0.748801443,1.00041067006313,8490.5048514399,6276.73526785764
"log_lik_y[269]",-1.7281150874125,-1.62978775,0.292637556499522,0.1626582699,-2.32326161,-1.467772195,1.00090068493438,6645.25324911818,6603.69948680111
"log_lik_y[270]",-1.5747565982625,-1.5570044,0.103083811621558,0.0768937146599998,-1.768527205,-1.44855331,1.00041909549684,4872.86696882794,5172.75397087318
"log_lik_y[271]",-1.6127268520875,-1.5730752,0.155760251111623,0.0950022651900001,-1.9224503,-1.455613685,1.00001388490198,5192.91326625855,5792.08164186036
"log_lik_y[272]",-1.7092025604875,-1.614091,0.282759965535363,0.14297504991,-2.26659573,-1.46569367,1.00007555689278,6943.18436600675,6259.37882361503
"log_lik_y[273]",-1.5914736855375,-1.56622115,0.12110466536747,0.0827906079,-1.81627972,-1.452798725,1.00048356319385,5894.80183751819,6336.42599462657
"log_lik_y[274]",-1.6897653072,-1.65144745,0.173280343745827,0.14966365155,-2.02328529,-1.48096424,1.00009504500628,9893.35090984233,6575.0625007316
"log_lik_y[275]",-1.5765853205625,-1.55689225,0.106484777467171,0.0756240160199998,-1.76853959,-1.452323985,1.00084567577288,4688.2069711253,4486.00980156668
"log_lik_y[276]",-0.50195836387737,-0.397836685,0.408362557833734,0.339231022494,-1.290055615,-0.0479113871500001,1.00030910490212,10410.0221224817,5700.58885932061
"log_lik_y[277]",-1.567350365175,-1.55231295,0.0924412305078072,0.0727444361700003,-1.741017715,-1.449091935,1.00048458532178,5613.56626040225,6462.0666340739
"log_lik_y[278]",-1.68575263923375,-1.64412585,0.442080246084066,0.43059085083,-2.492484305,-1.033769205,1.00085148810798,8394.2664911748,6689.25183691953
"log_lik_y[279]",-1.35756814486,-1.3143733,0.445975872230362,0.42975888984,-2.17138725,-0.7163039335,1.0005914117719,10942.5766152897,6291.80985290089
"log_lik_y[280]",-1.246558251575,-1.1847682,0.501958225615404,0.479661604632,-2.1744786,-0.5435449715,1.00050043045492,11308.326165223,6671.48285756019
"log_lik_y[281]",-2.9915878222125,-2.82717545,0.918801174209901,0.8685975186,-4.716154105,-1.78033476,1.00049216600755,11517.3933194462,7100.98566623591
"log_lik_y[282]",-2.6842651533125,-2.5104081,0.853932353154973,0.78472439031,-4.313799025,-1.623387915,1.00033236931674,10512.404694394,6973.66091180212
"log_lik_y[283]",-1.5993208519875,-1.5706118,0.12860371269333,0.0914104443,-1.852156505,-1.45455269,1.00095376213212,5430.10637014268,6118.37090339427
"log_lik_y[284]",-1.6393009859,-1.59549265,0.163737675020702,0.11621441643,-1.9650261,-1.46383253,1.00067663554426,6032.35039265637,6265.01464672982
"log_lik_y[285]",-1.7182383091625,-1.661052,0.214727856408283,0.165391443,-2.13524944,-1.48813559,1.00059143123988,9049.88160857697,6226.80098530829
"log_lik_y[286]",-1.633350749825,-1.58722,0.16788554905381,0.10787716359,-1.96376946,-1.460616835,1.00098620820361,4573.76963105019,5521.71501661577
"log_lik_y[287]",-1.925277567025,-1.79865065,0.418898057890213,0.33810203742,-2.7754123,-1.49444232,1.00056859290216,11795.7661317656,6732.29870382593
"log_lik_y[288]",-1.6219483877,-1.58128955,0.154485914454259,0.10044778086,-1.933525015,-1.457114015,0.999929175713186,6542.18094316139,6128.17568401444
"log_lik_y[289]",-1.60498678965,-1.5722949,0.136880696731827,0.0914911718700002,-1.87345233,-1.457031295,0.999982622773574,6701.63274747344,6147.94049354933
"log_lik_y[290]",-0.69659902270975,-0.641210045,0.376556660819887,0.356760906831,-1.391836835,-0.1889351835,0.999944521801806,12825.7575838081,5529.05421022521
"log_lik_y[291]",-0.327139243006828,-0.24558953,0.297791139786382,0.2325027678981,-0.9008286365,-0.0214673906500001,0.999957913980597,10506.4090825068,5790.22631223037
"log_lik_y[292]",-1.6134151384125,-1.57983925,0.139722396974803,0.0998926954200001,-1.884078515,-1.4571622,0.999935625975338,5077.56993231069,5962.98647766806
"log_lik_y[293]",-1.5674666919375,-1.5536827,0.0909418401766544,0.07370753313,-1.73417277,-1.449923345,0.999971910555372,5894.23017178422,6072.24910057672
"log_lik_y[294]",-1.5506516307625,-1.5435509,0.0746076210622014,0.06555063858,-1.68279473,-1.44553322,0.999955871665039,6146.81938511887,6201.69743489043
"log_lik_y[295]",-1.7307865649,-1.7058879,0.159446753159878,0.15186004932,-2.030529575,-1.518268925,1.00005057510762,6879.01620635905,6965.10684023714
"log_lik_y[296]",-1.5462290026375,-1.54042785,0.0698346242794397,0.0635405295,-1.667422855,-1.443939905,1.00008950154519,5721.44268363192,5541.52482464771
"log_lik_y[297]",-1.5613773131625,-1.5512605,0.0822455616322313,0.0694347540600001,-1.70810109,-1.44823232,1.00033630120901,5729.20420688651,5823.43048297326
"log_lik_y[298]",-2.75332099235,-2.7187303,0.51339803952687,0.51375929934,-3.663134885,-1.97602777,1.00033451877692,7379.22202166113,6456.16031279377
"log_lik_y[299]",-1.6912750926375,-1.6461522,0.18805079015417,0.1560718194,-2.06619672,-1.474336885,1.00044874927353,7475.3629891444,7240.93634424638
"log_lik_y[300]",-2.14411080698375,-2.03677255,0.680985368208925,0.6326617437,-3.40189249,-1.206901355,1.00039515976146,7080.86493104162,6244.61047958998
"log_lik_y[301]",-1.5473015478125,-1.5412099,0.0717119358764763,0.0622778732099997,-1.66919172,-1.444156255,1.00063444868386,5088.7287587068,5149.85236396436
"log_lik_y[302]",-1.59442198755,-1.57353155,0.110533743041438,0.08821981497,-1.80317481,-1.46117653,1.0002227306433,5635.54677024183,6128.36252451642
"log_lik_y[303]",-1.55894108655,-1.5484335,0.0853025350385449,0.0684016042500002,-1.712058565,-1.447756755,1.00039726424989,4897.32328672572,5256.94513417063
"log_lik_y[304]",-0.8937882553675,-0.85956159,0.315892348534213,0.304412710056,-1.46294496,-0.439081267,1.00020744219082,6946.75590361117,5115.2042202939
"log_lik_y[305]",-0.69020941498175,-0.646394155,0.312239981151606,0.293211763425,-1.27055865,-0.2646454325,1.00051099043314,7360.67109766289,5761.18637800611
"log_lik_y[306]",-0.407323649371627,-0.33141656,0.307574089712867,0.256051817721,-1.006090955,-0.06401447515,1.00038845692771,7633.02179475103,6319.68166949818
"log_lik_y[307]",-1.6656072291,-1.6091218,0.19450031437203,0.12636288756,-2.040758015,-1.470473385,0.99993524567407,7845.63453533639,6528.91143764741
"log_lik_y[308]",-1.7040590222375,-1.6658038,0.177395688491774,0.15774656436,-2.04349169,-1.48650282,1.00018354179493,8066.26705166324,6377.00612583675
"log_lik_y[309]",-1.790873833625,-1.72926545,0.255939887818887,0.2131852779,-2.2800064,-1.500947315,1.00015685198793,9927.02379467106,5548.50998372813
"log_lik_y[310]",-0.604601656592475,-0.53617499,0.367422472945634,0.34198422552,-1.306781275,-0.132283173,1.00007484751789,12319.4343154112,6359.80557947737
"log_lik_y[311]",-0.299664079467039,-0.208514945,0.298581639889037,0.2162012762238,-0.9123462005,-0.0136261366500001,1.00000505108696,10858.1433131412,6792.11204756611
"log_lik_y[312]",-2.00723896665,-1.9285212,0.382437529782219,0.34300781256,-2.74198321,-1.547978445,1.0001472607016,7609.62034781858,7036.79223034639
"log_lik_y[313]",-1.56566502065,-1.5510723,0.0924970497484655,0.07187281563,-1.73530983,-1.448473915,1.00013400330291,6866.39150185054,6206.05050058706
"log_lik_y[314]",-1.9304416013075,-1.87188755,0.527080154317871,0.50421268968,-2.886945995,-1.1631794,1.00061010878179,12594.4736904459,6293.53844866559
"log_lik_y[315]",-1.61264447816375,-1.5520755,0.572022200039277,0.54715716237,-2.655510675,-0.8010433905,1.00116899332074,13516.5501900366,6133.91415261069
"log_lik_y[316]",-2.502791062225,-2.36985415,0.700900596295504,0.65370613875,-3.82091592,-1.619979425,1.00130764011442,12782.4636592394,6025.08044189315
"log_lik_y[317]",-2.6834684377,-2.4920848,0.903385673612929,0.82022569209,-4.40704524,-1.597045185,1.00116218411167,11682.8549235679,5978.59866454823
"log_lik_y[318]",-1.6075516073375,-1.5713609,0.146946632915571,0.09030457296,-1.888979905,-1.45648156,1.00055170617712,5806.38048888999,5815.78926438197
"log_lik_y[319]",-1.5608778126125,-1.55072375,0.0829686162573096,0.0701349860399999,-1.70762688,-1.44850435,0.999973066923902,6426.42719403512,6283.43369637243
"log_lik_y[320]",-1.56239890415,-1.55355385,0.0812171836623711,0.0705130490400001,-1.708743355,-1.45034997,1.00037322734593,6102.04090685538,6140.9378256208
"log_lik_y[321]",-1.5554799688375,-1.54518135,0.0817794861176837,0.0665764495200001,-1.699417695,-1.44618557,1.00064727542067,4309.85952135048,5052.47948752781
"log_lik_y[322]",-1.634862649725,-1.59467015,0.15504504335782,0.10914767766,-1.935859205,-1.467733525,1.00067217564621,7191.88210172728,5059.48904588736
"log_lik_y[323]",-1.573545529265,-1.4950825,0.544236430337248,0.50431150497,-2.562885535,-0.830071466500001,1.00027820851105,8636.55797462877,5582.56861320609
"log_lik_y[324]",-2.81357304155,-2.70254275,0.784059834686094,0.75709940103,-4.22744361,-1.7536994,1.0002556488663,8189.88369237054,6326.6331592584
"log_lik_y[325]",-1.6017181064125,-1.57081775,0.135213013393797,0.09002851284,-1.85925951,-1.45539147,1.0001037039261,6401.78951713679,6517.53794056315
"log_lik_y[326]",-1.575097647,-1.55707165,0.101009084390047,0.0770861561399999,-1.764379225,-1.45083086,0.999996669843632,6747.95726879916,7306.00634636492
"log_lik_y[327]",-1.5604520096625,-1.55013405,0.0852424622593322,0.0705958522500002,-1.710417115,-1.447566615,1.0002459414712,5164.61778752157,6028.11032372754
"log_lik_y[328]",-2.3315375908375,-2.26805035,0.641090417985073,0.61879557894,-3.508394875,-1.38660764,1.00071221573646,12024.6845909191,5080.28653334714
"log_lik_y[329]",-2.2624932440625,-2.0915298,0.676953873944258,0.58614064677,-3.598436765,-1.522944845,1.00033050730174,11402.8685561484,6594.70808835402
"log_lik_y[330]",-2.354755879425,-2.16129265,0.763931816531485,0.65964788064,-3.86221449,-1.525523475,1.0001849052174,11254.3492568498,6778.65394611057
"log_lik_y[331]",-1.6728525872625,-1.61957495,0.192205146644299,0.13412815332,-2.0579029,-1.472234255,1.00030268031427,7018.43219817893,6841.14449214127
"log_lik_y[332]",-1.7144054623125,-1.6703815,0.195477026907503,0.16073326206,-2.09884902,-1.48919167,1.00013338324884,7505.75740079411,6835.25855985299
"log_lik_y[333]",-1.612722967375,-1.5850225,0.126568564723573,0.0974651603100001,-1.85792224,-1.46267854,0.999891232599118,6391.85687591454,6147.52215706295
"log_lik_y[334]",-2.0070337657,-1.9587805,0.507510785994104,0.4879184709,-2.91377621,-1.25988562,0.999890730783144,10973.914538855,6235.34766361093
"log_lik_y[335]",-1.77012987513125,-1.70564655,0.551118676644641,0.53437566777,-2.762407525,-0.985013205,0.999791942538188,11815.1290341011,6222.66806755793
"log_lik_y[336]",-2.0727671087,-1.9458797,0.526475436927239,0.45360487998,-3.101747835,-1.51183563,0.999899254809084,10627.6976785935,6374.00300102047
"log_lik_y[337]",-3.1800098021375,-2.99715765,1.13165202871735,1.05863763138,-5.30592404,-1.72332814,1.00001886274068,10976.4101280408,6294.74729827067
"log_lik_y[338]",-2.0114997459875,-1.9080107,0.428144103712341,0.37196484381,-2.865132895,-1.528657555,1.0005312939375,3905.00804158199,6488.53333499594
"log_lik_y[339]",-1.7469812239325,-1.70189075,0.55405945968526,0.55231142127,-2.745688125,-0.935933023,1.000160506203,4707.84975509161,6449.20141879339
"log_lik_y[340]",-1.12858558292363,-1.06248125,0.466408596282942,0.441029622453,-1.97096185,-0.491593625,1.0001422413962,9012.15338788743,5713.75490604844
"log_lik_y[341]",-0.813735143051875,-0.71331797,0.503132988683804,0.440030854137,-1.763832395,-0.2000696305,1.00000850942126,13035.1361773989,5976.69609048486
"log_lik_y[342]",-3.7415400787,-3.47423285,1.45240593844366,1.3614834408,-6.467040675,-1.8584182,1.00019610798856,13429.2312130732,6533.29267955208
"log_lik_y[343]",-1.6197320154425,-1.59238875,0.412898260618438,0.41883798411,-2.335994415,-0.994229991,1.00033046404314,6325.80785519513,6067.33594693548
"log_lik_y[344]",-2.1818064700875,-2.1303179,0.338243723213676,0.32315172141,-2.801335475,-1.72639604,1.00031697477213,5999.37153475241,6613.98565173094
"log_lik_y[345]",-1.9900527430875,-1.94712225,0.280363778536511,0.26856372375,-2.51530265,-1.617566155,1.00025028622881,7002.40925697141,6216.01149175471
"log_lik_y[346]",-1.47991251704625,-1.4474237,0.38668426004228,0.38982268668,-2.157552715,-0.893924872,1.00028603359926,7271.42554261058,6268.83271149648
"log_lik_y[347]",-1.747994314575,-1.7076151,0.201346535345246,0.17936776494,-2.137800425,-1.50415696,0.999964538924529,7821.59701593358,5970.40485145892
"log_lik_y[348]",-1.33537196281875,-1.29868705,0.391497595949837,0.38497376925,-2.030805595,-0.755768896,1.00002601975627,8282.64028962454,5981.73729902177
"log_lik_y[349]",-1.28414193184125,-1.2409781,0.406730100646548,0.39623055801,-2.014597365,-0.688738786,1.00009685780194,8405.42710584055,5958.51195826573
"log_lik_y[350]",-1.1814192906825,-1.1075869,0.503067480916916,0.472145267412,-2.10616071,-0.493273469,1.00009296152238,7729.590620236,5713.0785905936
"log_lik_y[351]",-2.744969173025,-2.6471081,0.690684150372853,0.66997018662,-4.03143333,-1.80329324,0.999896990561423,7723.61262590144,5760.6954149967
"log_lik_y[352]",-3.479259352125,-3.3563831,0.990522202445877,0.95635216782,-5.2965601,-2.095206885,0.999867853899439,7395.99743366098,5785.27837896377
"log_lik_y[353]",-1.5922595965875,-1.5640072,0.126307865230978,0.08420159832,-1.82832473,-1.45195812,1.00012240464233,5347.33255664745,5749.46010058665
"log_lik_y[354]",-1.8185896131125,-1.78133925,0.222012847990652,0.2105114088,-2.232199695,-1.527027995,1.00015197529375,8535.4042542926,7015.79373612694
"log_lik_y[355]",-1.5685030534375,-1.5564385,0.0888814301345778,0.0755793897600001,-1.734674035,-1.45059217,0.999931725876323,6923.72916617962,6893.8264647035
"log_lik_y[356]",-2.7504810415,-2.7006891,0.487688336627023,0.49054104204,-3.60616012,-2.018582005,1.00024648399902,11486.9851743602,5632.88042673919
"log_lik_y[357]",-1.74569759628875,-1.687021,0.54283983206687,0.52152345315,-2.76352731,-0.9763142625,1.00028079734383,10751.2952539086,6265.86148088306
"log_lik_y[358]",-1.5092112327925,-1.4315803,0.578600756971755,0.55772980536,-2.58995151,-0.713359035500001,1.00001851158593,10128.447653087,6476.55028121165
"log_lik_y[359]",-3.1358832729875,-2.991314,0.951703246172817,0.93367513365,-4.893695535,-1.836483435,0.999992877442979,9371.80277706989,6728.17525741759
"log_lik_y[360]",-1.5857802419125,-1.5671015,0.103624054829375,0.0822107630400002,-1.78383266,-1.45489974,1.00003786512885,7392.3102148441,7069.43703409973
"log_lik_y[361]",-1.6404723474625,-1.61097815,0.137169613412801,0.11493078135,-1.903072745,-1.47147108,1.0001839753694,8691.29457072958,6231.20895303775
"log_lik_y[362]",-1.045773455425,-1.01221535,0.335761997345103,0.329219462061,-1.64450916,-0.5601579335,0.999924543029053,9920.47759700555,5709.40566473401
"log_lik_y[363]",-0.773643199891375,-0.731307285,0.322907744034453,0.31293008397,-1.34634543,-0.3241427385,0.99996783672259,9177.02981554521,6048.17817995603
"log_lik_y[364]",-0.583692768001875,-0.53168271,0.315085811808284,0.289878129912,-1.164645045,-0.175672828,1.00006963506837,8570.41513694385,6112.46002632606
"log_lik_y[365]",-4.2251844925375,-4.054127,1.17600684713866,1.12800448236,-6.38706329,-2.59815859,1.00015357501456,8303.8668019433,6278.55197701849
"log_lik_y[366]",-0.418042986039438,-0.348195045,0.306744907211509,0.255693317628,-1.002891015,-0.0689935084500001,1.00017829988875,7999.97186450803,6517.38528095235
"log_lik_y[367]",-1.68988670045,-1.62459955,0.216225479729915,0.14251203393,-2.117771055,-1.473456325,1.0008118207531,6921.95358361929,6464.9538277549
"log_lik_y[368]",-1.5883523772375,-1.5703061,0.103528951731092,0.08540398692,-1.78138567,-1.458187365,1.00045500582832,6778.07320946489,7593.05896035158
"log_lik_y[369]",-1.555793331175,-1.54826525,0.0763576191910081,0.0665933511599998,-1.69057277,-1.44930243,1.00077014105416,6408.64678748135,6874.62129873683
"log_lik_y[370]",-1.6335751718375,-1.60966315,0.124879190157889,0.10916546886,-1.871452045,-1.476472485,1.0008711705893,7405.35147104324,6721.30455342304
"log_lik_y[371]",-1.6761397267625,-1.6403074,0.161820852871334,0.13384386477,-1.99273674,-1.48620337,1.00038534000228,8783.03786165502,6454.93694322949
"log_lik_y[372]",-0.540010554969875,-0.492564955,0.297703620400774,0.277208779176,-1.103988875,-0.145705157,1.00021752040962,10184.1797527297,6807.54011522902
"log_lik_y[373]",-0.409287935857288,-0.352606525,0.276739032832318,0.24499549872,-0.9507192715,-0.0736098061500001,1.00014497288762,9836.37181970468,7088.2935187333
"log_lik_y[374]",-0.310808852400629,-0.246167225,0.255491629496137,0.20708675106,-0.820722138,-0.0340504223000001,1.00002255489876,9606.83955979184,7106.99310485095
"log_lik_y[375]",-1.67567456515,-1.61952975,0.197380626173378,0.14102987871,-2.077905875,-1.46641058,1.00016220170518,6498.06503698644,6791.49529725653
"log_lik_y[376]",-1.799033812925,-1.7450264,0.246603440314501,0.21363265245,-2.268326495,-1.50738526,0.999870494226467,10883.004072314,6685.89953228162
"log_lik_y[377]",-0.86702215610325,-0.819520875,0.385217387390394,0.377283634245,-1.57644641,-0.3225758285,1.00080702983958,13020.4956708608,6054.13657405206
"log_lik_y[378]",-0.398915021708731,-0.33339152,0.299008208641561,0.266372833839,-0.968966215,-0.0511837842,1.00090860293454,10379.0755470506,6140.54760998908
"log_lik_y[379]",-0.0991166136764581,-0.0325980725,0.171887191323105,0.04670233432767,-0.4137851105,-0.000136796935000001,1.00049008674191,8400.1505653105,6481.60725631891
"log_lik_y[380]",-1.832322994025,-1.75209695,0.304659737744837,0.25237476957,-2.438234985,-1.49842741,1.0000754026141,7438.12387906052,6379.30955058395
"log_lik_y[381]",-1.6105349850875,-1.5797531,0.133528425480181,0.09500641647,-1.882685155,-1.46081632,1.00016751044844,6133.17325911874,6452.53096793495
"log_lik_y[382]",-2.48162446057875,-2.41811525,0.672243426177735,0.64862252574,-3.68356138,-1.48609651,1.00068484622647,12240.5537224234,5607.37841441699
"log_lik_y[383]",-2.8013184139375,-2.65844505,0.886708664794726,0.83603057874,-4.50189483,-1.6670245,1.00045373807225,14144.83067402,6462.29202601137
"log_lik_y[384]",-1.9965351861,-1.7922843,0.596548747857945,0.36600516246,-3.214228535,-1.480856415,1.00005775624686,8481.0741634227,6467.5640182977
"log_lik_y[385]",-1.696730635575,-1.6240326,0.232905594150745,0.14500176411,-2.16795233,-1.471150245,1.00044270640645,7708.11854174311,6114.08117026785
"log_lik_y[386]",-1.824696200325,-1.74966555,0.292350885418263,0.2347904664,-2.39288795,-1.503723015,1.00133938110348,13540.9032861613,6564.78780248066
"log_lik_y[387]",-2.1996192112375,-1.97276265,0.718122115271414,0.56104942089,-3.64575034,-1.49657162,0.99993019507961,9439.46084296218,6877.84634483433
"log_lik_y[388]",-0.140252530714717,-0.0558389855,0.201246155055208,0.08125445297802,-0.5590725545,-3.26127484500007e-05,1.00069306640255,9386.72686618328,5657.65346243152
"log_lik_y[389]",-0.0703626453945235,-0.0095803726,0.147617276391271,0.0142027766104369,-0.3538960795,-3.80724505500008e-08,1.00039591658292,8809.30884850453,5882.06263738771
"log_lik_y[390]",-1.5983217771875,-1.56887115,0.130869452817306,0.08815383927,-1.846170605,-1.45426111,1.00029971749085,5689.4684503306,5634.22950158723
"log_lik_y[391]",-1.5656236675125,-1.55109765,0.0941449963876229,0.0707737642499999,-1.727609205,-1.4487514,1.00035022807695,6344.92877885886,6219.93489443054
"log_lik_y[392]",-2.2740407813875,-2.2366876,0.352937224638268,0.3456363141,-2.913460595,-1.76928614,1.00005540928491,11493.7016008194,5301.48873740899
"log_lik_y[393]",-1.33369125525625,-1.284921,0.416472952895804,0.39829278048,-2.083739275,-0.7435714195,1.00004794348025,11314.3594677046,5640.28208481834
"log_lik_y[394]",-1.19847862165,-1.1421691,0.422230484646398,0.402657806922,-1.96567879,-0.6080330175,0.999933970743411,10873.8283479375,6040.04503563972
"log_lik_y[395]",-2.629596983575,-2.55664805,0.569334897761226,0.55121192511,-3.66382063,-1.835774995,0.999845285398061,10476.7157483955,5892.61753868567
"log_lik_y[396]",-2.7729832748125,-2.68938355,0.650124971643348,0.62813603307,-3.94726519,-1.86654882,0.999895494919523,10071.7226354694,6018.98420316575
"log_lik_y[397]",-0.94131924824425,-0.867938,0.443937949171679,0.415500228969,-1.768475675,-0.357799832,1.00005497609585,9663.55064179778,6090.53413367355
"log_lik_y[398]",-1.6968642081875,-1.6181984,0.251031468577653,0.1422562113,-2.18171901,-1.46726787,1.00129455452088,6071.51728280543,5741.87397518643
"log_lik_y[399]",-0.724487133849062,-0.621059105,0.500679708517151,0.419811963354,-1.68350744,-0.1283462715,1.00031389373906,11526.5055402984,5517.5796055737
"log_lik_y[400]",-1.608917084075,-1.57421555,0.147545480499053,0.0911445399900001,-1.88688666,-1.45842004,0.999926150986053,6177.61893536404,5905.79180788312
"log_lik_y[401]",-1.743505075525,-1.69049365,0.219747754506545,0.18018578949,-2.158832335,-1.494928925,1.00074947426628,11596.5925647059,7032.25246304962
"log_lik_y[402]",-1.5858005403125,-1.5634095,0.116113230778546,0.0812057826300002,-1.79990931,-1.452399645,1.0002465292867,4286.25106913361,4069.18996183981
"log_lik_y[403]",-1.80782642175,-1.7086322,0.324499379551303,0.23907028782,-2.46164161,-1.48161633,1.00034153685494,8813.28309645489,6242.94538240614
"log_lik_y[404]",-1.7952784475875,-1.6748274,0.343483901969817,0.21598946754,-2.493502305,-1.47743543,1.00052131674497,7166.33632466566,6314.93510454318
"log_lik_y[405]",-1.6302757293375,-1.580288,0.180603402308311,0.10272409077,-1.98465317,-1.45828411,1.00060902367197,5500.43337410359,6356.78469791559
"log_lik_y[406]",-1.5844728461375,-1.561313,0.116000553755366,0.08132980212,-1.801852645,-1.451304295,1.00063858827454,4709.29344020555,5363.8689801161
"log_lik_y[407]",-2.148926781275,-1.90934305,0.700927396751181,0.5050002468,-3.593707,-1.494087845,0.999875056561876,8699.31970350918,6567.34423280087
"log_lik_y[408]",-1.6995247996125,-1.63660695,0.217926242768783,0.15190652883,-2.14201072,-1.47206398,0.999837684291192,6115.62592466821,6672.86918720194
"log_lik_y[409]",-1.7849073082125,-1.73216465,0.237935405096796,0.20533602285,-2.26235251,-1.503300325,1.00000047551621,7676.31928963417,7113.71259309163
"log_lik_y[410]",-1.64963951204375,-1.60470805,0.501955257292674,0.49447193355,-2.544315065,-0.9069133775,1.00097297139652,11619.2921669202,5688.52005850087
"log_lik_y[411]",-1.0577244218545,-0.985105275,0.495893028619257,0.475416572421,-1.97489067,-0.3945190045,1.00092619726061,15097.7103802204,5527.39060750321
"log_lik_y[412]",-3.011024080925,-2.77886395,1.11663621564418,1.02971937012,-5.16952246,-1.6467545,1.00046781366679,12899.928728943,6014.67881087246
"log_lik_y[413]",-2.327014044675,-2.22368095,0.552993076055847,0.49784477442,-3.371484905,-1.641432105,1.00014039059978,4813.1624340749,6262.97887753124
"log_lik_y[414]",-1.29046661451325,-1.2337516,0.515783151024416,0.510422115,-2.224463825,-0.5403391525,1.00072635341683,8031.97698245185,5891.18342120214
"log_lik_y[415]",-0.102041403720585,-0.028721542,0.181341865957575,0.042000874336638,-0.456248831,-2.38170522e-05,0.999835472843071,9188.42568667743,5912.87827027777
"log_lik_y[416]",-0.0849705730840007,-0.0179328045,0.168130893351612,0.026471620150668,-0.4036588035,-5.06381386500005e-06,0.999853636057043,9054.32810711141,5801.18734253499
"log_lik_y[417]",-1.6227302298,-1.57638895,0.17520539115649,0.0984557595000003,-1.94856297,-1.45696169,1.0006824177789,5207.67190209402,5714.31380680631
"log_lik_y[418]",-2.0664033702875,-1.82442195,0.664912455723512,0.41020250628,-3.41575355,-1.486989735,0.999882842221087,7091.36735024224,5510.47593448883
"log_lik_y[419]",-1.6932402143875,-1.61717525,0.237507879050118,0.14313895134,-2.16668693,-1.46921496,0.99992940634023,5917.63220665488,5787.31408283938
"log_lik_y[420]",-1.9508957791625,-1.8638959,0.38184689540977,0.35079309342,-2.7032099,-1.50894361,1.00108117892974,13270.5031956426,6498.46510365868
"log_lik_y[421]",-1.79829301,-1.68401735,0.34047236107256,0.22159992246,-2.50722074,-1.477331835,1.00040744969862,8072.85796009222,6520.75695456038
"log_lik_y[422]",-1.6045096495375,-1.57214675,0.139984171456228,0.0911904264599999,-1.869644245,-1.453334625,0.999885906566805,6224.28777543354,6519.69872256921
"log_lik_y[423]",-1.8143090439625,-1.7675889,0.245880658897202,0.22598953041,-2.2813178,-1.511327075,1.00030483789867,14630.6878220951,5638.46098913525
"log_lik_y[424]",-1.51473308396287,-1.42164455,0.63307745125758,0.59510956134,-2.68930553,-0.6587735465,1.00051669194577,15586.7544592641,5883.89584735299
"log_lik_y[425]",-3.070080764975,-2.8920242,1.01784630706603,0.95913500802,-4.940947965,-1.737527665,1.00049777028558,13455.3953287333,6048.6444105532
"log_lik_y[426]",-2.008062780675,-1.9006288,0.437286743803166,0.3717434175,-2.880826305,-1.52605325,1.00067852693121,4472.32979655713,4795.98451463989
"log_lik_y[427]",-1.20405175236013,-1.14172045,0.509123301591672,0.49748287176,-2.138335105,-0.4889347575,1.00014087154174,7347.79293278274,5406.37354688961
"log_lik_y[428]",-0.531880933026425,-0.430791625,0.405481960987943,0.345973079277,-1.319079085,-0.0734171118500002,1.00056575680077,9688.20090750469,5058.85345979364
"log_lik_y[429]",-1.758650411075,-1.6956128,0.24556257285878,0.19902933897,-2.232899135,-1.489098915,1.00053069530758,6496.86274295653,6256.38544588448
"log_lik_y[430]",-1.933572016575,-1.87965975,0.293397465673524,0.27166776924,-2.475056975,-1.5607771,1.00010292796554,12204.9613664471,6244.96283378465
"log_lik_y[431]",-0.9810183057625,-0.93178122,0.377862674240872,0.364966186032,-1.674363165,-0.449663818,1.00030433179081,13316.4773024103,5866.58933025101
"log_lik_y[432]",-0.550455867491037,-0.48933493,0.322726075287145,0.295174644282,-1.172118425,-0.1374663355,1.00019422653851,11347.9986000027,5765.04029334061
"log_lik_y[433]",-0.228109002503731,-0.151995865,0.23712976883612,0.1593371228442,-0.7132826815,-0.01058988725,1.00025528328084,9152.20192306222,5667.41181413022
"log_lik_y[434]",-1.6763334669375,-1.60537885,0.231931906573164,0.12843860169,-2.14129843,-1.469036035,1.00038824350992,6883.56383920625,6290.69669190892
"log_lik_y[435]",-1.9227586842625,-1.7512792,0.492370173030205,0.30865708251,-2.950500415,-1.482027385,1.00050292236797,7316.09644315079,5815.03132758633
"log_lik_y[436]",-1.61444847145,-1.5763246,0.149684893714094,0.09904108998,-1.910974155,-1.456546845,1.00064276108786,6571.64882876985,6930.14282074383
"log_lik_y[437]",-1.5839242738125,-1.56396235,0.107274403710288,0.0821119477499999,-1.78983538,-1.451502415,1.00056392653898,5104.70292145959,5285.22223304817
"log_lik_y[438]",-1.53411437081375,-1.4482614,0.572002860602642,0.54656671692,-2.602295535,-0.7559586045,1.00086279013557,14839.4962230262,6387.16993821385
"log_lik_y[439]",-2.9640219388125,-2.81891955,0.945797734101686,0.9051984648,-4.724655575,-1.71653311,1.00025650010111,12549.1728089319,6448.37592821268
"log_lik_y[440]",-1.937433069125,-1.86844905,0.332644322278424,0.30366205485,-2.57558647,-1.528883865,1.00050189986087,8146.01709477281,6239.94215581646
"log_lik_y[441]",-2.1629452643,-2.11445425,0.354375599054968,0.34613906376,-2.823674795,-1.671920865,1.00081556057148,11013.5036336503,7021.86835958008
"log_lik_y[442]",-1.40461960459375,-1.35259475,0.461368525674262,0.45460207674,-2.253442685,-0.7503071435,1.00066811103847,13630.855377515,6091.61380294821
"log_lik_y[443]",-1.03857001191625,-0.976597505,0.434600879181779,0.414903037689,-1.85021543,-0.437889922,1.00048977856921,13318.4746432988,6411.94287527769
"log_lik_y[444]",-3.0096595340125,-2.8617968,0.870986302615777,0.81007766574,-4.639404445,-1.868264185,1.00032007040091,11790.8258801406,6204.90125213575
"log_lik_y[445]",-0.302024637864159,-0.20918531,0.311602469294862,0.2140000273866,-0.8985255525,-0.0155748011,0.999791417983317,9139.25042566987,6998.92678036579
"log_lik_y[446]",-1.6126552971875,-1.57851105,0.143966220172392,0.0969489189900001,-1.889661445,-1.455480555,0.999916765883953,5440.6702186538,5943.5228325651
"log_lik_y[447]",-1.581741495725,-1.5609954,0.105321818928102,0.0811839142799999,-1.783675425,-1.45011889,1.00027824586626,5332.65406811176,6250.09599381867
"log_lik_y[448]",-1.59837501345,-1.5699102,0.128299359618293,0.0896417025,-1.84143871,-1.45349275,1.00121819920926,4127.61560496347,4569.04806160673
"log_lik_y[449]",-1.8012579521125,-1.68173345,0.350804205312342,0.22113542388,-2.52960064,-1.47380266,1.00011239060701,7906.05141008664,7050.34571141578
"log_lik_y[450]",-1.607554415275,-1.5710434,0.152697433590062,0.09097967487,-1.894569895,-1.45453487,1.00047737126971,5666.65631902883,6195.31518231753
"log_lik_y[451]",-1.7088071792125,-1.61958575,0.270843337735839,0.14895941655,-2.235186055,-1.466753585,1.00039719513937,4518.69610312305,4778.20049282211
"log_lik_y[452]",-1.647454585075,-1.6001147,0.173201273655976,0.12174036315,-1.993475465,-1.46134676,1.00033870335154,7042.45150373194,6703.0180540674
"log_lik_y[453]",-1.56230602785,-1.54857895,0.0869848802337703,0.07127265915,-1.72369871,-1.4481246,1.0005632086347,4941.80498402334,5193.86511617049
"log_lik_y[454]",-2.3204847328125,-2.26024225,0.456766553625844,0.44573457201,-3.16037308,-1.684999575,1.00123331449992,14323.5661575379,5253.62167887809
"log_lik_y[455]",-1.13391630634838,-1.0451852,0.543804339795473,0.503299104147,-2.145334625,-0.4261898135,1.0011551387897,12402.623084638,5945.12600424564
"log_lik_y[456]",-1.6036941773,-1.57093445,0.140399615041862,0.09295116222,-1.87447919,-1.45451324,0.999962927473656,6302.15150133478,6272.86793305959
"log_lik_y[457]",-1.7560293636,-1.7057921,0.22546076930192,0.19425381024,-2.19532995,-1.494494925,0.999875364757124,10955.0498944903,5883.56501692581
"log_lik_y[458]",-1.8258813892575,-1.7708746,0.538307695049456,0.51793682136,-2.78339835,-1.039773075,0.999951860754204,12341.7555342776,6097.06764322881
"log_lik_y[459]",-3.977035175125,-3.8527199,1.07672293955661,1.0061501814,-5.968128795,-2.45258043,1.00101984237053,14373.1654754063,6365.99379286748
"log_lik_y[460]",-0.7657557744141,-0.63819105,0.551488212566141,0.45616733169,-1.851650875,-0.1285619525,1.00082642508001,12789.5806927309,6748.89435015779
"log_lik_y[461]",-1.343402760936,-1.27273625,0.538673027696658,0.507221166774,-2.353083905,-0.592205152,1.00066539921094,10429.0318630449,6021.54640084169
"log_lik_y[462]",-3.6381506183125,-3.4304142,1.28522530246234,1.21434665856,-5.990889275,-1.94258685,1.00122459735651,13062.4992614849,6390.53623387555
"log_lik_y[463]",-0.546160651746296,-0.413525095,0.472450372010351,0.365443316364,-1.474006285,-0.0557813310500001,1.0008846132784,10628.6729860531,6232.89501202328
"log_lik_y[464]",-0.975741407904175,-0.90240161,0.491188016545272,0.465131487114,-1.890357055,-0.3086123835,1.00166998010054,7877.98326413359,5646.41918305828
"log_lik_y[465]",-0.416488611053195,-0.31373083,0.375836110567521,0.284701164993,-1.15548503,-0.0313671033500001,1.00113221717639,10632.9149390949,5585.38380339371
"log_lik_y[466]",-1.707630790075,-1.64601665,0.220484321068519,0.16429624638,-2.14738336,-1.474531845,1.00011552936598,6807.66074811983,6908.96869286261
"log_lik_y[467]",-2.2891206265,-2.23152185,0.420807802166339,0.40057235211,-3.063024025,-1.705821375,0.999867596254386,10566.6111189071,6280.82929293565
"log_lik_y[468]",-1.15800014046125,-1.0973487,0.472444576943445,0.450051406539,-2.032553855,-0.506470016,0.999854329285348,13858.2049426329,5664.43419801678
"log_lik_y[469]",-0.478205219133421,-0.383276565,0.383313924344488,0.315111025635,-1.229519765,-0.0561222816,1.00029942745643,10325.0649270368,5985.17050825787
"log_lik_y[470]",-1.6155259098,-1.57389405,0.159684432386173,0.0958043517900001,-1.93049349,-1.456815765,1.00026498362481,6540.79712586023,6168.78821985825
"log_lik_y[471]",-1.784023829525,-1.71432835,0.26504452520147,0.21786755109,-2.30567077,-1.49002602,1.00032929075137,10272.7269267107,5826.07793962372
"log_lik_y[472]",-1.7056767063375,-1.62508995,0.247141134774876,0.15535913358,-2.20724662,-1.468673865,0.999960713241209,6764.90772635608,5728.12833808597
"log_lik_y[473]",-1.7944250420875,-1.718819,0.278178840206087,0.23063340426,-2.339431835,-1.489220835,0.999691518240376,5067.90923039879,6577.57147146593
"log_lik_y[474]",-1.722311983875,-1.6668169,0.214558902848233,0.17937784662,-2.14473892,-1.479592965,1.00030124941974,7878.94438877177,5856.05044104617
"log_lik_y[475]",-1.8657219580375,-1.79489755,0.318082875750089,0.28902983067,-2.48392051,-1.500217385,1.0012766735246,12138.9672120188,5975.81435887345
"log_lik_y[476]",-1.6869287801625,-1.60550125,0.251589111417378,0.1328313231,-2.18488278,-1.46765348,1.00052703190606,4148.58559142617,4650.33858937358
"log_lik_y[477]",-1.611646592625,-1.57261765,0.154106009314724,0.09152408559,-1.89071129,-1.45937598,1.00069082421503,5800.12634621039,6527.33187548979
"log_lik_y[478]",-2.0228791654375,-1.95849615,0.370375193314741,0.35030806083,-2.72024714,-1.544838915,1.00024867572438,11316.9928516042,6067.38068986276
"log_lik_y[479]",-1.6929321791375,-1.61935005,0.229587017078177,0.14553379512,-2.17312654,-1.466784065,1.0000453531089,6675.95050702936,5689.47999388263
"log_lik_y[480]",-1.78137699995,-1.66763875,0.333506275365874,0.20278543194,-2.48210132,-1.472478805,1.00007521384205,7036.82364564733,5340.79373267969
"log_lik_y[481]",-1.8978110439875,-1.82373915,0.336155534551902,0.30817968531,-2.53858645,-1.50801421,1.00039019872134,5555.65128368558,6562.64856654314
"log_lik_y[482]",-1.5921068562625,-1.5660051,0.12029903551269,0.0865966644899999,-1.82241502,-1.45267276,1.00028560142038,4675.68587727003,5370.94445965505
"log_lik_y[483]",-1.726440781075,-1.6317015,0.286822495096659,0.16217064276,-2.298233835,-1.46844766,1.00030582760697,5432.64629230082,5855.3450535368
"log_lik_y[484]",-1.610833850075,-1.57496345,0.14455225789161,0.09439180464,-1.892788815,-1.457927475,1.00060855453415,5319.28347063497,5953.75031494805
"log_lik_y[485]",-1.6951907250625,-1.63622635,0.206260303030941,0.15951678876,-2.101703895,-1.472397455,1.00024979423109,7280.84520066245,5295.53027300143
"log_lik_y[486]",-1.7140064588125,-1.6359548,0.242692203935009,0.16559715375,-2.20867089,-1.47020682,1.00023770929775,7622.70002153243,5683.12199715219
"log_lik_y[487]",-1.8264052757375,-1.7022393,0.366155521697311,0.24516407034,-2.58176791,-1.478313005,1.00018613733562,8744.92654325593,6189.72967918999
"log_lik_y[488]",-1.709244949225,-1.64697765,0.220093325788276,0.16025371509,-2.143865955,-1.479564265,1.0000230549304,10131.6826736972,5716.63984813763
"log_lik_y[489]",-0.68243017941561,-0.582150405,0.477848899119502,0.414086429022,-1.605058135,-0.112478843,0.999956632344204,11695.510802567,5572.4919979285
"log_lik_y[490]",-2.1495968185125,-2.0762517,0.428201155410096,0.39327032472,-2.947355825,-1.59342193,1.00056161800531,7986.397734636,5906.93834974054
"log_lik_y[491]",-2.2308163541625,-2.1723692,0.428331684016411,0.4112050404,-3.025630725,-1.652511855,1.00012968660115,11705.4005859446,5591.42569386421
"log_lik_y[492]",-1.32588904226687,-1.23043655,0.610785778383054,0.573696436257,-2.454286635,-0.5148533715,1.00028141335411,12831.2663568006,5577.46906385829
"log_lik_y[493]",-1.9882519421625,-1.9501447,0.294795629143091,0.29128434636,-2.52893649,-1.57383965,0.999916129421712,11259.7773598344,5896.22610421879
"log_lik_y[494]",-2.0946143789125,-2.0376571,0.39374858772178,0.3898074159,-2.83337276,-1.564372305,1.00013259997207,12225.0179589166,6247.54997491328
"log_lik_y[495]",-1.06167544901125,-0.94923453,0.602836732347701,0.54363502368,-2.2024207,-0.298969281,1.00015644451258,7554.66986578646,6348.21357538502
"event_prob[1]",0.963117144191375,0.999993155,0.0975263211940665,1.01483969998844e-05,0.7451008415,1,1.00020298888754,8356.80493836259,NA
"event_prob[2]",0.388930832160812,0.32455332,0.253022418679591,0.244022831577,0.0842533944,0.916063525,1.00117196376658,4166.19497411895,5826.62581577589
"event_prob[3]",0.246787033373325,0.218037375,0.154749634951849,0.146194730787,0.0506508959,0.542923331,1.00003559106007,7743.9753343513,6070.1243770554
"event_prob[4]",0.663802793143625,0.68028465,0.220380115904175,0.260891053773,0.284026975,0.98549209,1.00181244809438,11373.7389200877,6367.46554617526
"event_prob[5]",0.168904562234575,0.1451876,0.113858828405399,0.1040950650747,0.03235480725,0.3876922315,1.00020591563015,5134.5972248779,6046.05582463634
"event_prob[6]",0.45620353502675,0.4400656,0.19619722853004,0.213944124471,0.1618291215,0.810205633,1.00081686957816,9665.83894828942,5719.27253595411
"event_prob[7]",0.796869029974875,0.85809172,0.200713999028242,0.189196832139,0.3897186785,0.9997126035,1.00050635265738,8568.93427708643,5745.58686859811
"event_prob[8]",0.9012221127115,0.97415609,0.146014696667239,0.038316151314,0.5693976915,1,1.00021430432697,7310.19840539205,NA
"event_prob[9]",2.52984739161309e-07,1.68630875e-07,2.9634109742081e-07,1.5892019052e-07,2.27241142e-08,7.414622435e-07,1.00015111614375,5126.82498806125,6686.850291123
"event_prob[10]",0.0502147900180112,0.0385123605,0.0435788701677691,0.0313648262823,0.006771398405,0.1317638165,1.00012756752194,5562.26217790107,6346.18515917237
"event_prob[11]",0.126778000862966,0.10731557,0.0870445448067767,0.0741215773494,0.02457852865,0.2996924495,1.00002042642052,8421.23782258753,6724.45376612406
"event_prob[12]",0.283593834237396,0.240207705,0.194958116849867,0.18572886024,0.046121598,0.67411304,0.999809504673996,12355.9161315155,6119.16198990809
"event_prob[13]",0.392251102036625,0.36879229,0.194116885331039,0.203111781852,0.111803976,0.7538006525,0.999937278645326,8771.3016976914,6833.3425030883
"event_prob[14]",0.9031515801775,0.963231555,0.131734344443741,0.0544632146310002,0.611305754,0.99999995,1.00000412196987,10384.5438223517,5468.8698431066
"event_prob[15]",0.648452903425625,0.657329405,0.244478129862523,0.30941817522,0.243710625,0.9975366645,1.00063159581127,5710.39285341911,5847.41433003478
"event_prob[16]",9.9832065815775e-07,7.2448864e-07,9.59955735838204e-07,5.7707558559e-07,1.5867753e-07,2.72867925e-06,1.00007321447641,7996.34451210411,6502.83929261693
"event_prob[17]",0.314003357307,0.27987955,0.174484629126475,0.164508591765,0.0909919747,0.6576936135,1.00070440916028,9150.84610572944,6555.28139600486
"event_prob[18]",0.754934445031875,0.79214941,0.201489594409874,0.231503060355,0.3765641105,0.9989134235,1.00014978643393,8235.96365803747,5249.91603154959
"event_prob[19]",0.161674108993387,0.13799939,0.111104379225448,0.1013540682945,0.0290188342,0.3783450035,1.00053533534824,5608.70601926748,6156.85146193119
"event_prob[20]",0.281216574782563,0.26769049,0.129040923641669,0.131594894004,0.0957267301,0.519512183,1.00047208024016,6417.61299350887,5989.22611506807
"event_prob[21]",0.3711006288495,0.356536245,0.162235839782972,0.168710339469,0.1314773465,0.6652735855,1.0002177127423,8009.4661134442,6175.17600428845
"event_prob[22]",0.416082803134125,0.400175475,0.192695137640058,0.210243940347,0.130998658,0.7612351715,0.999974024691555,8149.80831519793,6553.47448483348
"event_prob[23]",0.454243317337875,0.43359266,0.224629709406682,0.24943981461,0.122342165,0.856385079,1.00051964424212,8138.07220493601,6435.03123672526
"event_prob[24]",0.0777250196374887,0.0569520575,0.0716209156001117,0.0496889557479,0.008245027265,0.2178462015,1.00070229545096,5902.41535762358,6655.21662410274
"event_prob[25]",0.0756173563616963,0.056880497,0.0671626023241979,0.049214580828,0.008512699415,0.208079763,1.00039323367383,6460.57619972702,5482.53023433124
"event_prob[26]",0.0559655809852618,0.033300883,0.0673403432030755,0.03567078112185,0.003127611575,0.185160592,1.00001570074838,8207.66652656944,7184.82747970666
"event_prob[27]",0.0552943744861729,0.0273714715,0.0773315428047559,0.03189161934063,0.001799176685,0.208811503,1.0003394132907,8170.16620790975,6787.24803660651
"event_prob[28]",0.94820241879625,0.998574045,0.10732671953029,0.00211412088299997,0.701468929,1,1.00011284710672,6988.26891735666,NA
"event_prob[29]",0.361793612488162,0.33364408,0.196980774218489,0.198814525056,0.08862368195,0.734425382,1.00045298347649,9697.69720919002,5494.90885079557
"event_prob[30]",0.92796084401875,0.986968455,0.119234456064703,0.019320568617,0.6606894475,1,1.00046611542579,9474.11681444988,NA
"event_prob[31]",0.951960486455,0.999744525,0.10863410396928,0.000378767235000007,0.7019336215,1,1.00030287092085,8730.29015684951,NA
"event_prob[32]",0.95595538521975,0.999966005,0.106662328112858,5.04009870000132e-05,0.7098806585,1,1.00002432122986,9548.90156751982,NA
"event_prob[33]",0.157507576220575,0.10384246,0.159390251134797,0.086443645344,0.02202176205,0.498940350499999,1.00097566172664,7066.99809035245,5853.52147713392
"event_prob[34]",0.0303986342146026,0.0214944695,0.0305158350772415,0.01988533958628,0.00252918699,0.0879050431,1.0005523082342,4379.36564801247,6103.34243960585
"event_prob[35]",0.113428334311412,0.0968550595,0.0781413450367334,0.0689949422526,0.02005064025,0.2622430615,1.00067348273921,4880.59071955369,6072.64054034152
"event_prob[36]",0.153380037329037,0.13947771,0.084992176268884,0.081264745632,0.041698638,0.312659178,1.00092235044036,5798.36398550109,6197.15639472542
"event_prob[37]",0.388763484638,0.375096865,0.160375820555072,0.165387706848,0.1455787775,0.67781847,0.99980360142031,7753.86382511402,5519.62065363481
"event_prob[38]",0.5003068357995,0.49050194,0.202727639330958,0.22864709091,0.1785529715,0.844525001,0.99990174523985,7716.17488064502,5545.78576489166
"event_prob[39]",0.626458101905388,0.65089148,0.253057010294476,0.307725372192,0.188193823,0.9865392555,0.999908031579801,7399.15466352142,6840.57524342727
"event_prob[40]",0.47799276776175,0.464712785,0.204629186952436,0.224684308674,0.1660202035,0.833926944,1.00002911724148,8984.73142710254,6649.77988382241
"event_prob[41]",0.81910024991,0.867929695,0.169096023071581,0.162592346091,0.4854401365,0.999274431,1.00036556849232,8206.54424426793,6409.53241071831
"event_prob[42]",0.4652493173605,0.448793685,0.209935985455917,0.227667596394,0.1465994555,0.842213758999999,1.00017925900568,10559.7625818932,6539.23188881866
"event_prob[43]",0.886454708589875,0.95806854,0.150888033691622,0.0621443502540001,0.5585442125,0.99999998,1.00046221217112,10229.244766227,6240.41665459116
"event_prob[44]",0.187684082624469,0.162036655,0.125062337588788,0.1181367526248,0.03194922365,0.4276160335,1.00053611555717,3934.56621603238,4896.40774181078
"event_prob[45]",0.613910024982,0.622577625,0.201146131277532,0.228623450853,0.2706727105,0.927871196,1.000919425815,8691.93787632083,6169.24519869929
"event_prob[46]",0.93292178750625,0.990108285,0.117916052888685,0.014665456659,0.6721378895,1,1.00009821447118,7301.14153958264,NA
"event_prob[47]",0.510688538059375,0.504270365,0.21319954619739,0.238716494982,0.17501206,0.874847448,1.00030162129878,6890.35822843029,5996.13815976201
"event_prob[48]",0.850534826245,0.92158369,0.175243281762084,0.115195922121,0.477669029,0.9999989215,1.00075785964193,7990.01413397461,6225.62797095793
"event_prob[49]",0.83978570002175,0.93325553,0.199572289789604,0.0989547137039998,0.4108219545,1,0.99990016310319,8316.55663750164,NA
"event_prob[50]",0.22232193324845,0.166785825,0.182926942400853,0.137056466232,0.03478163065,0.607395503499999,1.00044584424233,8089.2341765895,6672.73039875982
"event_prob[51]",1.77115512637639e-07,1.09857115e-07,2.21604261966751e-07,1.163701420623e-07,9.147556515e-09,5.72281316999999e-07,1.00020309610827,3824.80680397769,5209.36969736243
"event_prob[52]",0.120369862655783,0.099063244,0.0879798221419043,0.0770724583986,0.0183173032,0.2932841725,1.00023043126151,4338.13069151682,6156.86575737917
"event_prob[53]",0.576994529365625,0.57991273,0.196497800573885,0.216716415972,0.247666893,0.897294072,1.00152778318622,8499.39123860728,5740.96186470371
"event_prob[54]",0.87477723866875,0.94367664,0.157968299668405,0.0828379843829999,0.5340164035,0.9999949305,1.00057816677526,7988.37404574697,5651.09691403622
"event_prob[55]",0.0722354539999625,0.056563897,0.0590617851689864,0.0439556933634,0.0112011002,0.183274431,1.00076687114154,7153.50971660151,6115.96897839948
"event_prob[56]",0.35246760083205,0.325253055,0.178087960552935,0.17609826129,0.1082446575,0.689302551,1.00037735788752,12353.5886877634,6277.27499003959
"event_prob[57]",0.776487643647875,0.83727538,0.211516626019631,0.21312219327,0.356357511,0.9998246215,1.00054832815189,10657.5268738255,5734.82221722879
"event_prob[58]",0.109817559379602,0.08666588,0.0892052397814524,0.0695818820949,0.01665524655,0.2855357445,1.00062282355401,6308.62079965664,6230.82951580119
"event_prob[59]",0.13991908730415,0.12319993,0.0860683061761959,0.0780258561894,0.0336967389,0.303395966,1.00067775250237,7295.97686597481,6715.0269007404
"event_prob[60]",0.14537193740365,0.12435245,0.0968183377253963,0.0853813617027,0.03011084865,0.3337589495,1.00074431846457,8420.25372366399,6784.83027389327
"event_prob[61]",0.139320710582962,0.113701485,0.102251474991255,0.0856033617789,0.02375828985,0.3443717395,1.0005772334497,8541.42903371231,6566.66019811123
"event_prob[62]",0.129460825135913,0.101659295,0.10327960152407,0.0820173000486,0.0189231219,0.3368692795,1.00050707947388,8560.07962314612,6500.71817377867
"event_prob[63]",0.1165220042894,0.0873726975,0.10005015283987,0.0743781998421,0.01471058505,0.321237534999999,1.00021341613544,8563.79934668163,6731.85739254126
"event_prob[64]",0.09134228102645,0.070592032,0.0762405934961529,0.0573469872738,0.012464762,0.241033571,0.999919963639194,6468.7434505432,5885.10301573681
"event_prob[65]",0.0810955065944625,0.068764594,0.0558348219724064,0.0483079405347,0.01573927275,0.1884582385,1.00018300142894,5626.3685830953,6396.05673615932
"event_prob[66]",0.0803340919987875,0.067009346,0.0570077295239457,0.0484247360562,0.0151596916,0.1916892325,1.00017189468931,6215.35817476055,6681.30558316454
"event_prob[67]",0.0626891683034762,0.0495676245,0.0492521485260397,0.0391038685548,0.00995357339,0.1602367675,1.00013145671049,6177.44946033986,6781.34378925326
"event_prob[68]",0.0672413537733312,0.0515372755,0.0557347765177166,0.04241955816,0.00946096353,0.1776393195,1.0000939470766,6755.69414171254,7132.32162037235
"event_prob[69]",0.0596896492131725,0.042087875,0.0570897117577048,0.0381493239729,0.0062253085,0.171716929,1.00016941952752,7056.65110739725,7338.02806021279
"event_prob[70]",0.0491687366954375,0.0318288725,0.0529196161651232,0.0311597026419,0.003953643255,0.1510682495,1.00025803650596,6939.83799214593,7341.57905757284
"event_prob[71]",0.0493972137290188,0.0303690325,0.0566497692920371,0.03095549257962,0.003353781005,0.1597284245,1.0001797547944,7016.83027036358,7449.07244042151
"event_prob[72]",0.0201953530080283,0.013515926,0.0208076442782061,0.01358402427501,0.00143211597,0.0599227875,1.0002085745674,3346.84853132593,4625.19487114935
"event_prob[73]",0.08096842911664,0.0659014125,0.0606411237050844,0.0515606448441,0.01236917025,0.198526124,1.00008371677104,3740.3214026329,5565.12628984854
"event_prob[74]",0.233558374062625,0.21768868,0.117307249322585,0.115827687633,0.0716885437,0.446730123,0.999931356096794,5411.19914168661,6250.22067221426
"event_prob[75]",0.54197267504325,0.540189395,0.185617683840134,0.203851925424,0.241803066,0.8540002725,1.00023054640968,9059.01847305627,5282.90093783354
"event_prob[76]",0.779266897640375,0.824518205,0.187015869377404,0.19451667522,0.4197550805,0.996791749,1.00072586664451,7791.97385737267,5768.65234359161
"event_prob[77]",4.23024609588325e-07,2.8503331e-07,4.69811103936703e-07,2.56804793196e-07,4.164287965e-08,1.23855104e-06,1.00035962525078,8202.04370702466,5310.22751918897
"event_prob[78]",0.125517847180919,0.097582518,0.103307812573882,0.0743563722636,0.020085451,0.326496286,1.00002476350173,10697.5516451716,5689.25086873898
"event_prob[79]",0.921940597295375,0.990563915,0.132864963307533,0.0139899396209999,0.6211202285,1,0.999914137271917,10146.394263449,NA
"event_prob[80]",0.28959619378075,0.26476763,0.164129317175701,0.16982389809,0.0653238031,0.594566962,1.00022649299475,4609.95928495839,6053.03785081956
"event_prob[81]",0.679879339572875,0.698584055,0.18421111095802,0.203154102669,0.3520698805,0.9467377375,1.00007601942552,7418.45012075975,6293.80412390838
"event_prob[82]",0.90718465897375,0.958311775,0.1223922187107,0.060321071013,0.6415571795,0.9999693685,0.999963442473674,7413.65980683913,6365.70347577845
"event_prob[83]",5.82914493666203e-07,3.16679025e-07,1.07952417096772e-06,3.06599834163e-07,3.81304979e-08,1.86573591e-06,0.999922691421521,9767.69710210037,6411.03887254542
"event_prob[84]",0.9365018962345,0.99975186,0.135865809909951,0.000367892364000094,0.6216871935,1,0.999839947704716,10308.6641451439,NA
"event_prob[85]",6.11005322407987e-07,4.27367695e-07,6.34977180772896e-07,3.47073924603e-07,8.36872299e-08,1.770193995e-06,0.9999581693559,7898.6775962272,6433.50626286392
"event_prob[86]",0.249826541604163,0.21746014,0.149780956158418,0.130740301125,0.0662512571,0.544126675,1.00026418766094,8824.87276127289,6786.27581506268
"event_prob[87]",0.547989918340625,0.53393939,0.205916868878808,0.22884049608,0.2319156915,0.9094566715,0.999814131582924,9240.56977489317,6039.90103528142
"event_prob[88]",1.2072353964779e-06,6.5802601e-07,2.18269342824337e-06,5.85018511308e-07,1.153184545e-07,3.838305705e-06,1.00035132992999,8846.70364398224,6371.42653274811
"event_prob[89]",0.787917720074125,0.8514491,0.20940760112104,0.208524176238,0.375802818,0.999997561,0.999823129001725,8550.73629005762,5586.90799067917
"event_prob[90]",2.93462498204366e-07,2.0840559e-07,2.90523859819599e-07,1.850292865344e-07,2.95723666e-08,8.25951237499998e-07,1.00011096196284,5467.88554150152,5589.78632551219
"event_prob[91]",0.0636798696508575,0.051060375,0.0497919590371104,0.0390883234938,0.00997641304,0.161200647,0.999948316923882,5990.60164194547,5678.45857601413
"event_prob[92]",0.137332480480113,0.120888295,0.0812365928168192,0.0722945938323,0.0354215521,0.293045455,0.999766219574204,8387.83967362705,6329.89964874387
"event_prob[93]",0.34935366701925,0.32786444,0.157435957129348,0.154389268551,0.128140595,0.646709892,0.999867672076963,12365.0676370047,6395.07734856523
"event_prob[94]",0.481024593137625,0.461395455,0.207258286437299,0.223008548133,0.1735672725,0.857742981,1.00001805032224,12053.1649022339,5717.31768142508
"event_prob[95]",1.852352744443e-07,1.16897315e-07,2.11681418679066e-07,1.151419688244e-07,1.32682553e-08,5.709440265e-07,1.00101810801715,4052.45768565954,5098.72499986614
"event_prob[96]",0.0492371743182,0.036345086,0.0436031987916809,0.0311922798117,0.00570089092,0.1335565375,1.00088249926293,4334.43175956385,5322.85126027507
"event_prob[97]",0.103862424863881,0.0880249645,0.0697681169134928,0.0590294202561,0.02131285775,0.238924695,1.000516224911,5266.06855918753,5548.67426035554
"event_prob[98]",0.391827792996625,0.37544584,0.171534789951662,0.172227867273,0.140711463,0.709728443999999,1.00024908399264,10813.3132538737,5365.01919968748
"event_prob[99]",0.619061652569,0.62438076,0.224055603065003,0.262713954951,0.241481627,0.969004607,1.00060911827337,10307.8447753723,5857.90098933625
"event_prob[100]",2.42773614236501e-07,1.60140755e-07,2.80305099460405e-07,1.582866355098e-07,1.75241952e-08,7.380954485e-07,1.00112380820679,4279.11930392463,5592.8002559189
"event_prob[101]",0.0283519919567475,0.0202209855,0.0282657311336845,0.01882228032279,0.002537802735,0.08246191585,1.00117420209471,4304.86005874619,5761.54326766415
"event_prob[102]",0.0511881404312928,0.0406484735,0.0413213396484176,0.0321961104654,0.007239863905,0.1315036485,1.00116957631435,5097.25484245675,6079.52250860221
"event_prob[103]",0.0380658936110744,0.0295859825,0.0319932529156771,0.0239647664151,0.005092288955,0.1016768155,1.00087459406568,6032.37869248593,5842.86071247834
"event_prob[104]",0.033280187358248,0.024122575,0.0313023099533364,0.02117962329252,0.003563667155,0.0961982337999999,1.00061951955775,6856.70734180107,6553.82058085587
"event_prob[105]",0.0354548707099328,0.022863366,0.0385609014391172,0.02220713714688,0.00272708549,0.112040715,1.00040914310467,7627.18713749765,6505.89587054271
"event_prob[106]",0.030195230760753,0.0146576675,0.0448367039039884,0.01679534336214,0.001049190275,0.1126044085,1.00019650385501,8345.19788564915,6898.45781423175
"event_prob[107]",0.0465410811247116,0.0340681385,0.042432865073728,0.0311029034946,0.004586949445,0.1306212855,1.00075551428714,3798.31725332315,5959.82663184747
"event_prob[108]",0.06569640885711,0.0549089675,0.0466812441821225,0.0403850877381,0.01139749955,0.1561340485,1.00090783506118,4068.9221715478,5863.57678139098
"event_prob[109]",0.080995199291125,0.071098424,0.0502221003165065,0.0453048082137,0.0185306404,0.17669807,1.00094151642187,4493.14424903156,5924.73989071695
"event_prob[110]",0.147841212566012,0.13524486,0.0781374151924014,0.0737640364986,0.04354589615,0.295320636,1.00085845016599,5263.45582006139,5818.98045398584
"event_prob[111]",0.295267464188375,0.27853198,0.131905911680201,0.132072839766,0.108428157,0.5366178485,1.000526105606,7353.89855059396,5453.63012593066
"event_prob[112]",0.328959063588375,0.30610464,0.157310071144195,0.155810088609,0.115056004,0.62507771,1.00066589490731,8599.03441131728,5946.85119318917
"event_prob[113]",0.533112882176,0.52242214,0.21740472369119,0.246202846617,0.195110882,0.902397598,1.00041523104647,8300.55694709977,6372.284489264
"event_prob[114]",0.10343041701585,0.0824305905,0.0846074761574561,0.0690732806127,0.0123987848,0.26706137,1.00013707462595,5043.6938543329,5240.589159207
"event_prob[115]",0.175732273532275,0.147209125,0.123156162849798,0.1107715909377,0.02869878815,0.419239784,1.00002344872346,8857.94166523028,5335.35582895881
"event_prob[116]",0.252566096901725,0.20411931,0.190456935910705,0.1731522135168,0.0319506909,0.638226928999999,1.00008775560061,10583.4934344168,6311.90750395305
"event_prob[117]",2.48227176019609e-07,1.68942075e-07,2.76704225404514e-07,1.59212233068e-07,2.06835675e-08,7.18583482499999e-07,1.00014662300379,4801.97279105,5943.007731849
"event_prob[118]",0.0924778476043,0.075427384,0.0700623039603556,0.0571740167796,0.01448793415,0.2265743465,1.00017581481727,5709.49947440471,6172.36412089764
"event_prob[119]",0.267921885978925,0.236224935,0.15900364278024,0.145054996863,0.0680373733,0.580522001999999,0.999928596210686,11198.5515602641,6222.69465803857
"event_prob[120]",0.87189130033325,0.971300305,0.186004661754465,0.042550167807,0.4562321135,1,1.00018508924388,10617.5507553649,NA
"event_prob[121]",0.3103679459434,0.27199857,0.180429099858169,0.167453613579,0.08353994055,0.669120129,1.0002368792203,7964.42139606408,7286.57055051513
"event_prob[122]",0.355105000868125,0.322447175,0.181001520389571,0.173797273503,0.1175244665,0.705784926,1.00012953720116,8069.28101114818,7045.08848004721
"event_prob[123]",1.81944703872877e-07,1.18878945e-07,2.03626792814139e-07,1.164193502976e-07,1.27902242e-08,5.502356205e-07,1.00082828933269,3792.744147151,5759.71389009254
"event_prob[124]",1.81944703872877e-07,1.18878945e-07,2.03626792814139e-07,1.164193502976e-07,1.27902242e-08,5.502356205e-07,1.00082828933269,3792.744147151,5759.71389009254
"event_prob[125]",0.0288427383213348,0.0209061495,0.0274763874970072,0.01899464080122,0.00283399829,0.0808536510499999,1.00068117132519,4097.93738887662,5603.46036942079
"event_prob[126]",0.0816193704729608,0.060935754,0.0733644808097535,0.0530939979486,0.009228903195,0.2216117575,1.00025904016978,7791.51881059988,5709.72268227951
"event_prob[127]",0.0702900570556163,0.043177166,0.0817509646250333,0.0442359885303,0.004600178635,0.22980311,1.0002368358187,11406.255992842,6365.61694348588
"event_prob[128]",5.133380491246e-07,3.5609657e-07,5.33567808153411e-07,3.02289886311e-07,6.008913835e-08,1.505422735e-06,0.999735653712297,7954.30049470057,5592.5931768285
"event_prob[129]",0.27565160093085,0.241861365,0.165400523717973,0.148361891685,0.0697052234,0.612102121,0.999783845268631,12161.6734983879,6580.4699846325
"event_prob[130]",0.78902583062575,0.856682035,0.211847836701033,0.201720576729,0.3622074455,0.999990777,1.00031166353819,9797.67495743523,5779.85666402717
"event_prob[131]",1.27424767502128e-07,7.98508405e-08,1.46154998085038e-07,8.40998096757e-08,6.777393205e-09,4.10826017e-07,1.00029604323527,3052.57399202337,4620.9883513691
"event_prob[132]",0.0290487581929879,0.020881088,0.0278565141446306,0.01988595657027,0.002435836035,0.0848889290999999,1.00028590880448,3123.01000799556,4940.08897283663
"event_prob[133]",0.0454002809865212,0.0369455405,0.0348166211152913,0.0291123951279,0.00678259053,0.1155152615,1.00022716946178,3385.8387488182,4890.36891909397
"event_prob[134]",0.0700159712230237,0.061042976,0.0447034783186942,0.0406013234655,0.0158176535,0.1571362115,1.00012594274698,3942.56805145045,4939.96123119786
"event_prob[135]",0.110356054227013,0.0994751865,0.0607920609827948,0.0574573594308,0.03229809155,0.2260379215,1.00002919375414,5256.14351192112,5404.57975716394
"event_prob[136]",0.1794400780076,0.16354176,0.0944343258321142,0.089552739087,0.0556707112,0.3590383765,1.00037518875284,8114.25691466864,5687.26415553907
"event_prob[137]",0.222944285615325,0.200418245,0.128580766325825,0.12250456932,0.05953733055,0.466875638,1.00015014687869,8406.46806002042,5672.34693363644
"event_prob[138]",0.224869408639125,0.192531565,0.145678768038449,0.130574894856,0.0488656837,0.515860737,1.00028700183502,7928.27829708898,6120.20317808309
"event_prob[139]",0.241364132644325,0.20211226,0.165671290466572,0.148210095684,0.0460449254,0.577479511,1.00038341322126,7536.98612103722,6165.10164421779
"event_prob[140]",0.209470137974587,0.18633593,0.129828503264604,0.126105545265,0.0430892568,0.45541179,1.00051662048163,4499.62793349166,5457.86778496389
"event_prob[141]",0.481821831089125,0.4749364,0.172140623166291,0.186895829526,0.2075426825,0.774589161,1.00045347776535,6811.05450667919,5303.78439313549
"event_prob[142]",0.510507618245625,0.50470732,0.185902279028876,0.202877857224,0.216421013,0.8293969125,1.00038693150902,7447.60339474716,5431.30939901093
"event_prob[143]",0.7851456519225,0.82845904,0.180832364057223,0.18020758371,0.426811228,0.9939221635,1.00035093217955,7059.56287399414,5234.94316206092
"event_prob[144]",2.46588152652234e-07,1.6831305e-07,2.56250801514228e-07,1.576192290351e-07,2.10044729e-08,7.31997528e-07,1.00080060199554,4806.00287355819,5627.09964623681
"event_prob[145]",0.0709124850319725,0.0559602205,0.0561054991041773,0.0438676928991,0.01033455795,0.182428098,1.00072766705829,5242.92398924792,5844.24107831078
"event_prob[146]",0.382405418679125,0.355723515,0.186826829651999,0.190999043634,0.121337954,0.732308884499999,1.00035570169529,10818.3196134077,5970.52022091739
"event_prob[147]",0.868120712255,0.951368565,0.175230380637924,0.072092655558,0.4764754175,1,1.0002191521767,11626.9725157414,NA
"event_prob[148]",5.75851347259138e-07,3.870026e-07,6.33656347326396e-07,3.28059246018e-07,7.03489721e-08,1.69848285e-06,1.00011120099099,8986.60876484699,6499.62163039797
"event_prob[149]",0.14723550109965,0.11867486,0.10916833156628,0.083008668708,0.0301018564,0.3622322495,1.00007539263986,9889.90245434584,6727.56333173592
"event_prob[150]",0.302727170932262,0.267283715,0.168982535916303,0.151479695703,0.09128974785,0.639642476,1.00020925627203,12433.8277591122,6326.04257189136
"event_prob[151]",2.52748982838068e-07,1.680171e-07,2.86565839848786e-07,1.598229938445e-07,2.021419035e-08,7.70617497e-07,1.00008856387412,4599.8204430658,5767.27492242536
"event_prob[152]",0.0780100922025725,0.0623282555,0.0616084435311922,0.0486198447336,0.0117024071,0.20087235,1.00005421284338,4938.17888812545,5698.03824735283
"event_prob[153]",0.156996964782512,0.140563685,0.0883664660222771,0.080674062966,0.0433969459,0.325232784,1.00002426556387,6305.36069019822,6521.19252033894
"event_prob[154]",0.25876295888575,0.23982368,0.126907745177526,0.122099055981,0.08600314575,0.493819338,1.00075122752025,8333.88924753308,6153.47002328273
"event_prob[155]",0.33826531103175,0.31343497,0.170133812343067,0.173144892438,0.105140784,0.654377088,1.00090334094787,8971.8203223075,5851.59003928861
"event_prob[156]",0.465657057707875,0.445282895,0.227628127371001,0.256972986753,0.133387197,0.8769588305,1.0005806642339,8464.30001694351,5777.87935394376
"event_prob[157]",5.37262292634063e-07,3.7194226e-07,6.04807540951595e-07,3.03879826551e-07,6.74589804e-08,1.537603785e-06,1.00042022857297,8873.31424835784,6160.0706430464
"event_prob[158]",0.09557533961895,0.075658606,0.076372146396558,0.0541983659322,0.01736082455,0.243576615,1.00036559865398,9421.9943021104,6427.52265129147
"event_prob[159]",0.139349390240238,0.11747464,0.0926502578513888,0.0735723296469,0.03390809555,0.320634089,0.999944137740758,11050.912218237,6949.40483048587
"event_prob[160]",0.214061196628037,0.182017225,0.138188780589423,0.112663196541,0.05232243665,0.490878753,0.99979303469486,12852.7592415211,6225.94895293463
"event_prob[161]",6.44098432211212e-07,4.5259699e-07,6.75132463656861e-07,3.68748550674e-07,8.71755242e-08,1.856109975e-06,1.00016226155973,8532.3581685732,5886.00181304893
"event_prob[162]",0.087601386980725,0.0682060515,0.0714665621870593,0.0491027475687,0.0159427775,0.2282109965,1.00016136318191,8750.54322800904,5898.04575859385
"event_prob[163]",0.195581108720362,0.16993059,0.118356507516506,0.098801709384,0.0538942605,0.428173897,1.00020466091226,10039.2371382652,6380.26329258242
"event_prob[164]",0.245632173221625,0.21457633,0.142152490850257,0.121967037864,0.07180120935,0.528137889,0.999864199705054,11431.04145824,6329.31522502687
"event_prob[165]",1.77189543226713e-06,9.6885959e-07,3.65500648931896e-06,8.50763864349e-07,1.914342995e-07,5.46818878999999e-06,1.00054900227921,5848.7478942358,6629.8544147796
"event_prob[166]",0.3289467841063,0.2691725,0.21849841757923,0.188163007746,0.07432116525,0.7852122165,1.00083712517811,5187.85895250183,6691.51968629035
"event_prob[167]",0.409958683478375,0.36768403,0.216205261350039,0.210295979607,0.1292409245,0.8461714025,1.00029531604838,5540.68987326596,5277.18493889873
"event_prob[168]",2.27345485435586e-07,1.50519775e-07,2.48012652261549e-07,1.434530838867e-07,1.81608638e-08,6.96885945e-07,1.00020863507706,4813.02386111785,5918.92058291043
"event_prob[169]",0.0608620602574825,0.048022236,0.0495434989383143,0.0373825188051,0.008525458475,0.156590304,1.00016552727094,5200.70697779299,6003.05732930287
"event_prob[170]",0.125262378005413,0.11123364,0.0752159546769429,0.0690058208301,0.03228219935,0.266013792,0.999858926612101,7306.33314754951,6790.4517453029
"event_prob[171]",0.244457513593625,0.219498205,0.134817666061719,0.124217921184,0.07397135055,0.502007247,0.999828338172315,10971.0880365408,6089.59228375278
"event_prob[172]",0.31020820846375,0.268837325,0.185129050623674,0.169077060579,0.08110399265,0.6775376905,1.00002801781533,10539.8443840315,5869.50991770129
"event_prob[173]",0.149969316962409,0.12635208,0.106452155072361,0.09043207656,0.0257380432,0.356558928499999,0.999984789568137,7088.9609207169,6527.46245599127
"event_prob[174]",0.379215967010375,0.358395065,0.170249564913837,0.171399849999,0.136112363,0.690999644,1.00078102244136,10018.9317653391,6301.74115521735
"event_prob[175]",0.669789992743375,0.681249705,0.204916509867227,0.24127105926,0.319146563,0.9761585275,1.00050179161414,9709.83860675638,5863.20390564639
"event_prob[176]",1.72590619889612e-07,1.16489275e-07,1.81508652166022e-07,1.149834032718e-07,1.25068596e-08,5.178983715e-07,1.00040867435855,3695.84753212339,5067.23354287584
"event_prob[177]",0.0450987009920199,0.03509045,0.0378199307598878,0.029953998207,0.005317839585,0.118599088,1.00040239575786,3861.90848608798,5113.51704256587
"event_prob[178]",0.109286944110897,0.096843379,0.0674798546711167,0.0631888471431,0.02446826385,0.239554245,1.00029099995828,4623.8974086203,5685.62878446252
"event_prob[179]",0.211710372280212,0.19645479,0.107404027323775,0.104781353943,0.0665737901,0.4117136405,1.00014537222295,6545.05840164627,5765.73251923412
"event_prob[180]",0.425578512796875,0.403662655,0.178325526443518,0.183210493641,0.16545865,0.7527203365,0.999984347821593,9625.08655700117,5681.52046085629
"event_prob[181]",0.90131665483,0.966096785,0.139784888474892,0.050242541538,0.594553791,0.99999998,0.999805235064445,7490.39999223981,6145.10573412858
"event_prob[182]",6.41207842082975e-07,4.51074395e-07,6.51550676914997e-07,3.74080113708e-07,8.28091572e-08,1.8445292e-06,1.00020661536546,8299.86737173463,6513.29462666892
"event_prob[183]",0.189609215170488,0.157511285,0.131012951283307,0.105875601699,0.04192660895,0.454060863999999,1.00025285656863,10766.9118794302,6872.51782669584
"event_prob[184]",0.651376073544625,0.659704255,0.238566108771457,0.299112088884,0.2479416265,0.994085507,0.999840043172532,10906.7904195525,5871.06806804589
"event_prob[185]",6.62897647268013e-07,4.33589605e-07,7.67538259674714e-07,3.78203313264e-07,7.57117353e-08,2.0085498e-06,1.00008909840263,8733.17146178745,6272.59952737002
"event_prob[186]",0.125010613896512,0.0972611455,0.0994737050551751,0.0733154395449,0.02235878475,0.3259687775,1.00013748619139,9621.05830361609,7006.43661709272
"event_prob[187]",0.176231496988238,0.144876955,0.124895587239955,0.0984586861524,0.0396663997,0.4244107035,1.0006484165716,13029.3115553239,6086.59939985184
"event_prob[188]",3.34850267503954e-07,2.0652929e-07,4.45111770194961e-07,2.044444576335e-07,2.11090839e-08,1.048940085e-06,1.00104755553264,5934.6417016091,6254.83181557995
"event_prob[189]",0.0651791298833525,0.047809836,0.0605134206896846,0.0419850977973,0.0064419312,0.1817268065,1.00069558722043,6793.64136008337,5931.1495512223
"event_prob[190]",0.120609028862772,0.073135403,0.132772382848593,0.0788135497086,0.007024393595,0.4029547305,1.00036429673392,11279.7537139792,6607.2742558564
"event_prob[191]",0.956426597025,0.999998045,0.109614530420488,2.89848299999693e-06,0.705044216,1,1.00030794016015,9927.46488215921,NA
"event_prob[192]",2.67953213517024e-07,1.75269915e-07,3.12127609004986e-07,1.720470619791e-07,1.963472005e-08,8.12921427999999e-07,1.00095226367972,4516.75299470521,5608.03878262017
"event_prob[193]",0.0587401805616425,0.0446848505,0.0519710385420937,0.0382344733974,0.007074081615,0.157953259,1.00089250360917,4730.36182289583,5878.99312627374
"event_prob[194]",0.31906489699,0.297819005,0.152619421172525,0.14945097258,0.1079408705,0.603598535,0.999946941848696,9054.59637055696,6814.18142967128
"event_prob[195]",0.512537870789125,0.49437579,0.2206384954192,0.242493781719,0.1828705145,0.908571608,1.0000306870108,9861.83980409234,5551.48210487979
"event_prob[196]",1.00147701164341e-06,5.66852e-07,1.84766325781207e-06,4.97892076773e-07,9.79588594e-08,3.06351879e-06,1.00049512158465,10223.7073542254,5492.09640399102
"event_prob[197]",0.677829546051825,0.71291556,0.259752885559623,0.324574505913,0.2107618895,0.999812686,1.00040107127089,9377.62542545471,5285.85012182287
"event_prob[198]",2.14991924557676e-07,1.3567145e-07,2.62769814818704e-07,1.414530742779e-07,1.24332836e-08,6.642465755e-07,1.00027562117749,4363.13659633795,5370.4324274652
"event_prob[199]",0.0449721937080356,0.033552544,0.0401115062462042,0.0302372630217,0.00472781094,0.123609215,1.0002914145167,4732.68874729126,5708.87382931369
"event_prob[200]",0.0450474667111866,0.0339565415,0.0399539747055349,0.0290599007097,0.00548318849,0.1212047055,1.00027900748983,6278.54094787485,6136.89689018928
"event_prob[201]",0.0486347461611219,0.032201273,0.0527075178338862,0.0309328314834,0.003744095705,0.1464719635,1.00024589128993,8022.46935402051,6220.16608467416
"event_prob[202]",0.0431575492459036,0.023965305,0.0576107096646393,0.02611314039894,0.00203686936,0.1473284,1.0002012565498,8493.90995588103,6244.96734372691
"event_prob[203]",2.23699028348406e-07,1.391569e-07,2.68462207156647e-07,1.42950475815e-07,1.258281085e-08,7.162604645e-07,1.00008764961834,4466.65656085436,5975.95642844937
"event_prob[204]",0.0407073545456764,0.0287621745,0.0399267540792121,0.0267030752415,0.00332718451,0.118069273,1.00019956487295,4886.37283151343,6003.54551318019
"event_prob[205]",0.0801819500142535,0.0458816025,0.0972327206413349,0.0500566101546,0.00368930956,0.283817427,1.00020967742015,9303.86233162966,5086.02506149927
"event_prob[206]",7.35020082386825e-07,4.99297445e-07,8.28868845703656e-07,3.95298136044e-07,9.640628185e-08,2.15740409e-06,0.999898540841967,8780.61137542152,6311.47895438364
"event_prob[207]",0.144942955173013,0.11504297,0.11226132366594,0.0787354915599,0.02895270735,0.367951195999999,0.999918816020366,9544.76558803856,6597.15012411292
"event_prob[208]",0.31827673412825,0.275202015,0.189195236175945,0.166651297176,0.08841250725,0.704173667,0.999988389331865,10552.486672412,5927.20441471553
"event_prob[209]",1.432781861241e-06,8.23156525e-07,2.40740874135953e-06,7.06303338195e-07,1.65293621e-07,4.39862596499999e-06,0.999934808603086,8070.5477040114,6412.69243537925
"event_prob[210]",0.398231437373912,0.340522305,0.244657004535268,0.238665449064,0.09488243425,0.8973716735,1.00014378880371,6762.78940032822,6148.59525391138
"event_prob[211]",2.43357581294994e-07,1.4123041e-07,3.84971182164138e-07,1.488072550881e-07,1.153293095e-08,7.71199366499999e-07,1.00028774802443,5112.58414640085,5348.96359721446
"event_prob[212]",0.0985642086614528,0.0547727915,0.119501493791143,0.0617433951687,0.00398956908,0.343413155,0.999973855340302,12052.1816842161,5787.99127467597
"event_prob[213]",1.85947328051124e-07,1.1578117e-07,2.259283488987e-07,1.214858281581e-07,1.028701015e-08,5.86941865499999e-07,1.00077676397714,4101.71703904664,5414.75441352667
"event_prob[214]",0.0534434802652974,0.03849665,0.0503366100219432,0.035680755684,0.005011574825,0.1514351605,1.00102132713761,5650.42746322624,5771.46691064941
"event_prob[215]",0.0621685682758064,0.038071128,0.0726559041177099,0.0389204390589,0.003954503095,0.2035505325,1.00080562822095,9740.32293742739,6054.87325369744
"event_prob[216]",3.63188429367105e-07,2.4621625e-07,4.14510660625769e-07,2.217818723211e-07,3.418724865e-08,1.06711016e-06,1.00033245343523,6863.72449621448,5926.8047697837
"event_prob[217]",0.154195897603929,0.129649965,0.108589036869707,0.0882988405152,0.0322327643,0.365548317,1.00008060445262,9887.15172110163,6414.74742849069
"event_prob[218]",0.44312122218275,0.40670865,0.239727447114245,0.255058416417,0.113561976,0.8950633755,1.00160765789744,14766.4749762176,5860.87323081991
"event_prob[219]",1.98146311499063e-06,1.08119635e-06,3.38378193162765e-06,9.4523815344e-07,2.28127668e-07,6.408564845e-06,1.00091508540495,6358.55730133998,6131.58226512803
"event_prob[220]",0.4487016813115,0.398015655,0.257057710740329,0.273095387019,0.1104159325,0.9426048935,1.00060003405069,5823.84289423455,5542.71772189966
"event_prob[221]",6.32022782428912e-07,4.5195866e-07,6.27014400470839e-07,3.6937592769e-07,8.64544411e-08,1.80045243e-06,1.00006570636949,7663.2355965338,6697.95080367344
"event_prob[222]",0.27102874560335,0.23912327,0.157928039865249,0.144499644555,0.0744887415,0.581944998,1.00021126072653,10387.2250841392,6863.49050478876
"event_prob[223]",0.55782148736625,0.545291555,0.240589997924442,0.286984598796,0.190586232,0.9640392335,1.0003360032662,9587.52991327383,5744.16683937608
"event_prob[224]",2.71147658879816e-07,1.6619628e-07,3.63730828740435e-07,1.691596703097e-07,1.586124045e-08,8.300670955e-07,1.00017764462862,5249.61031409204,5393.93464090419
"event_prob[225]",0.145873113359842,0.10104295,0.141384887513293,0.0978548743221,0.0116114898,0.444234781,1.00058457283035,9091.64761934322,5572.46508521667
"event_prob[226]",4.71164879461912e-07,3.1840732e-07,5.22691954206546e-07,2.76715392135e-07,4.839139295e-08,1.389232875e-06,0.999904010518218,7637.18729304736,5730.38417006805
"event_prob[227]",0.215854973120075,0.18484274,0.138947453787963,0.119552890632,0.0495919538,0.4919786985,1.0000509237854,11372.0985018235,6084.8221903878
"event_prob[228]",0.382958019317625,0.337891755,0.225933394776772,0.22640006235,0.0896294844,0.831150221,1.0000029692628,13787.7855354716,5750.14195819601
"event_prob[229]",4.74710261751056e-07,3.3357807e-07,4.9043971655049e-07,2.77422592335e-07,6.24576703e-08,1.36639588e-06,1.00069197886518,8737.14303715655,6371.21423792564
"event_prob[230]",0.120370979728776,0.0972214345,0.0905284357037676,0.0678809640558,0.0248218188,0.2918181705,1.00081178069925,10742.2589088157,6939.85575999808
"event_prob[231]",0.37778856028075,0.338515915,0.205301608668257,0.200992924062,0.1120622195,0.784502947,1.00043553770743,13777.9879640541,6471.31059705367
"event_prob[232]",1.77167061937571e-07,1.08890655e-07,2.06989155506368e-07,1.126569666558e-07,1.082506785e-08,5.679549375e-07,1.00086621730258,4029.095658758,5496.56830142427
"event_prob[233]",0.0331282482335258,0.023228876,0.0316017278752436,0.02201260727652,0.003050874295,0.0959006745,1.00082195259583,4234.38576826337,5536.04083623855
"event_prob[234]",0.0575025238995263,0.0419489215,0.0509674455939031,0.0370956408942,0.006659349375,0.1611732085,1.0004342549135,6049.53622009931,5988.54873751324
"event_prob[235]",0.106984040227462,0.0679766565,0.11244794212253,0.0684287573277,0.00817941065,0.336968665,1.00021899293457,10627.5945178114,5668.46585892987
"event_prob[236]",2.77068488543585e-07,1.7827451e-07,3.23608684116546e-07,1.743981831438e-07,1.926951865e-08,8.71195197e-07,1.00019892457869,5750.10866967899,6131.6154476805
"event_prob[237]",0.155176179015744,0.113776255,0.137231829984884,0.1037072443428,0.01568641785,0.436813896,1.00148887523973,9701.42318059449,5951.00703522502
"event_prob[238]",2.97285467456669e-07,2.081757e-07,3.01349671669217e-07,1.904670385695e-07,2.848898275e-08,8.63896675e-07,1.00014081632835,5235.30727906914,5024.01315934692
"event_prob[239]",0.0955883615843363,0.07796564,0.0707878505575604,0.0579316550316,0.01652751735,0.237522629,1.00044234131921,6531.63070094558,5893.22186349631
"event_prob[240]",0.288038903993075,0.254850535,0.168143528004261,0.158125509507,0.07399399795,0.617056372,1.00082560196832,13514.3807364494,5729.01158422132
"event_prob[241]",0.58105618193975,0.576486105,0.265257795479774,0.334480156815,0.1596696695,0.98851265,1.00094894517076,12054.0264768972,5452.75885462152
"event_prob[242]",6.2798154349185e-07,4.28361035e-07,7.00698492620328e-07,3.58910506332e-07,8.053541155e-08,1.8130486e-06,1.00061174317734,9380.718301443,5973.72764479985
"event_prob[243]",0.196299907179388,0.161423085,0.134407543593153,0.1091488133316,0.04530914805,0.472195927,1.00045540933108,11508.7962355826,6086.59465230091
"event_prob[244]",0.122596642323088,0.0926915735,0.102105934367139,0.0650792066211,0.0254611876,0.325415744,1.00052589803617,13369.2586742234,5503.076006874
"event_prob[245]",0.460665069197375,0.418443035,0.24719670582405,0.264606264048,0.121266143,0.9412335125,1.00124472122043,7908.47047255604,6542.39628947557
"event_prob[246]",0.57590109573775,0.562133125,0.275500698910263,0.360951927924,0.1572017,0.997423896,1.00186936429713,5200.31676216883,6080.86447068861
"event_prob[247]",6.64406007569425e-07,4.65404755e-07,7.1757391339551e-07,3.71977193868e-07,8.94696193e-08,1.919154915e-06,1.0002260570726,9031.11895014701,6489.25798938468
"event_prob[248]",0.147859552799775,0.118534305,0.110739214182077,0.0812375199069,0.02954721925,0.3705495675,0.999941717944257,10892.7894732602,6497.93656230319
"event_prob[249]",0.479951796158875,0.44639327,0.241660651857499,0.268454908323,0.137883827,0.9268805715,1.0002141784121,10920.7053031735,5506.86714781703
"event_prob[250]",1.9236791657768e-07,1.2491252e-07,2.18619096553143e-07,1.255666994841e-07,1.27604442e-08,5.835521445e-07,1.00041557737931,4055.16775260746,5569.06517163582
"event_prob[251]",0.0439758696398675,0.0318867535,0.0417163373498528,0.0289148394192,0.004135482145,0.1236405385,1.00055628752261,4813.95677721048,5653.58750288788
"event_prob[252]",0.0699197612734312,0.046420617,0.0729997354596217,0.0438869748534,0.006021484205,0.2123473115,1.00041135851306,7909.24071057112,5787.42755878292
"event_prob[253]",1.13580034461454e-07,6.6204565e-08,1.37305324945954e-07,7.27389260871e-08,4.78318094e-09,3.82653648e-07,1.00044359323745,2954.63917501621,5205.28048102361
"event_prob[254]",0.0263318415139712,0.01792053,0.0267251734641464,0.01790680729173,0.001800101705,0.0808872012999999,1.00040342126806,3300.56202323942,5261.96345847483
"event_prob[255]",0.0312149887737505,0.0215853835,0.0315000293415984,0.02068732574013,0.00264881383,0.0923791699499999,1.00014064282471,5125.30021886186,5480.83778694632
"event_prob[256]",0.082331620489815,0.05128282,0.093752509997979,0.0525062945673,0.004980928635,0.266000816,0.999951017707483,10507.1952110148,6342.90206164373
"event_prob[257]",1.25046552842424e-07,7.17357135e-08,1.57531186581312e-07,7.84320567135e-08,5.28453513e-09,4.274471575e-07,1.00064858507999,3263.20253602117,5272.63479003074
"event_prob[258]",0.027837689542479,0.018686941,0.0286095741695626,0.01798502096517,0.002107318095,0.0840292268999999,1.00075762476919,3625.40945105798,5076.74485066222
"event_prob[259]",0.027259591252904,0.017587058,0.0307271149641069,0.01744931807388,0.00194889062,0.0850355953999999,1.00058873710167,5546.10055851735,5226.58056419024
"event_prob[260]",0.0341634352207039,0.019378431,0.045989521173472,0.02082335340057,0.00156863206,0.116725491,1.00033653179214,7452.49437536114,5985.37414157443
"event_prob[261]",1.53973670143197e-07,9.34468875e-08,1.87999222253091e-07,9.75488686473e-08,7.98588868e-09,5.003141565e-07,1.00078802672354,3256.96045196258,4874.1286434901
"event_prob[262]",0.0318855261224465,0.021834165,0.0319666295152,0.02074673055693,0.00248540751,0.0929001337,1.00081175047609,3725.14199816348,4828.53175635984
"event_prob[263]",0.10605119116902,0.0724024455,0.105832341319347,0.0701991477789,0.00864920707,0.322246311,1.00026454758264,8271.77106188546,5531.09893037697
"event_prob[264]",1.36220337703412e-07,7.99082895e-08,1.67890893434308e-07,8.63317994826e-08,6.665316355e-09,4.60689018e-07,1.00115838178974,3065.99928804789,4908.29178314182
"event_prob[265]",0.029674728761584,0.020265478,0.0302178269700304,0.01980314209251,0.002268387935,0.09045641115,1.00122207443517,3446.86264549633,4823.56294968889
"event_prob[266]",0.032055319148306,0.0212482685,0.0336336141083924,0.0209987672937,0.002362416015,0.0981793876999999,1.00066098690673,5693.32176346201,5179.76647371484
"event_prob[267]",0.0443211062020526,0.025837554,0.0542218972366009,0.02761475259417,0.002342370135,0.148311665,1.00019565874764,8528.56798123713,5762.42698864779
"event_prob[268]",0.155984321373322,0.12026827,0.125769329001364,0.0921034819635,0.0233487292,0.415810595999999,1.00065388274664,11108.2375509064,6061.37378015304
"event_prob[269]",0.766243686298,0.848682065,0.241640018443927,0.219530998638,0.276028939,0.999999411,0.999869643990936,11523.9221710605,5574.17801922057
"event_prob[270]",4.28906127404246e-07,2.91376925e-07,4.84034836107162e-07,2.51086404996e-07,4.815212005e-08,1.25331324e-06,1.00044171416868,7782.58631212627,5526.22354838666
"event_prob[271]",0.129402385139603,0.102438525,0.101578208815861,0.074833693851,0.02322158235,0.3308290515,1.00024886375081,10071.1141473506,5827.71229164193
"event_prob[272]",0.4367510570901,0.39378951,0.254318139361229,0.274906961133,0.0957259174,0.928160869,1.00033931930419,11660.7761761055,5947.96638852871
"event_prob[273]",0.133936290134247,0.11284784,0.0958127074066063,0.0820414071246,0.0228865069,0.319676525,0.999990339706087,5369.16106023474,6311.34003776976
"event_prob[274]",0.355526688270463,0.324112155,0.193355526749384,0.197969739576,0.09140712285,0.720036443,1.00034888805179,12077.2707773951,5686.52602314042
"event_prob[275]",0.4596683286785,0.426046055,0.254358442496478,0.286994265348,0.0966879132,0.9207974505,1.00017553047456,10669.7565316454,5551.33162020449
