"task_id","n","rep","dgm_tag","estimator","param","post_mean","truth","bias","covered","fit_bad","rhat_max","ndiv"
"n087_r001",87,1,"v2_cohort_posterior_hazard","censored","beta1",-2.84129628975,-3.233727302575,0.392431012825,1,0,1.00466335445414,0
"n087_r001",87,1,"v2_cohort_posterior_hazard","censored","tau1",2.60421511675,2.22407458715,0.3801405296,1,0,1.00466335445414,0
"n087_r001",87,1,"v2_cohort_posterior_hazard","censored","sigma_y",1.8657240218,1.692879175725,0.172844846075,0,0,1.00466335445414,0
"n087_r001",87,1,"v2_cohort_posterior_hazard","exact","beta1",-2.5110910608,-3.233727302575,0.722636241775,0,0,1.0051455616413,0
"n087_r001",87,1,"v2_cohort_posterior_hazard","exact","tau1",1.330176983845,2.22407458715,-0.893897603305,0,0,1.0051455616413,0
"n087_r001",87,1,"v2_cohort_posterior_hazard","exact","sigma_y",1.3644520369,1.692879175725,-0.328427138825,0,0,1.0051455616413,0
"n087_r002",87,2,"v2_cohort_posterior_hazard","censored","beta1",-2.6223777822,-3.233727302575,0.611349520375,1,0,1.00374253433179,0
"n087_r002",87,2,"v2_cohort_posterior_hazard","censored","tau1",2.39979719985,2.22407458715,0.1757226127,1,0,1.00374253433179,0
"n087_r002",87,2,"v2_cohort_posterior_hazard","censored","sigma_y",1.77347561525,1.692879175725,0.0805964395250001,1,0,1.00374253433179,0
"n087_r002",87,2,"v2_cohort_posterior_hazard","exact","beta1",-2.453649924,-3.233727302575,0.780077378575,0,0,1.00495318170495,0
"n087_r002",87,2,"v2_cohort_posterior_hazard","exact","tau1",1.14135903642,2.22407458715,-1.08271555073,0,0,1.00495318170495,0
"n087_r002",87,2,"v2_cohort_posterior_hazard","exact","sigma_y",1.3919104368,1.692879175725,-0.300968738925,0,0,1.00495318170495,0
"n087_r003",87,3,"v2_cohort_posterior_hazard","censored","beta1",-2.71260309265,-3.233727302575,0.521124209925,1,0,1.00423731051429,0
"n087_r003",87,3,"v2_cohort_posterior_hazard","censored","tau1",2.30454539855,2.22407458715,0.0804708114000001,1,0,1.00423731051429,0
"n087_r003",87,3,"v2_cohort_posterior_hazard","censored","sigma_y",1.604564083,1.692879175725,-0.0883150927249998,1,0,1.00423731051429,0
"n087_r003",87,3,"v2_cohort_posterior_hazard","exact","beta1",-2.30546489085,-3.233727302575,0.928262411725,0,0,1.00691097666235,0
"n087_r003",87,3,"v2_cohort_posterior_hazard","exact","tau1",1.0287524719,2.22407458715,-1.19532211525,0,0,1.00691097666235,0
"n087_r003",87,3,"v2_cohort_posterior_hazard","exact","sigma_y",1.2119699074,1.692879175725,-0.480909268325,0,0,1.00691097666235,0
"n087_r004",87,4,"v2_cohort_posterior_hazard","censored","beta1",-2.73825548755,-3.233727302575,0.495471815025,1,0,1.00323924263103,0
"n087_r004",87,4,"v2_cohort_posterior_hazard","censored","tau1",2.42347507495,2.22407458715,0.1994004878,1,0,1.00323924263103,0
"n087_r004",87,4,"v2_cohort_posterior_hazard","censored","sigma_y",1.77252149145,1.692879175725,0.0796423157250001,1,0,1.00323924263103,0
"n087_r004",87,4,"v2_cohort_posterior_hazard","exact","beta1",-2.4826661226,-3.233727302575,0.751061179975,0,0,1.00336887486837,0
"n087_r004",87,4,"v2_cohort_posterior_hazard","exact","tau1",1.37799562242,2.22407458715,-0.84607896473,0,0,1.00336887486837,0
"n087_r004",87,4,"v2_cohort_posterior_hazard","exact","sigma_y",1.31824051165,1.692879175725,-0.374638664075,0,0,1.00336887486837,0
"n087_r005",87,5,"v2_cohort_posterior_hazard","censored","beta1",-2.540836540955,-3.233727302575,0.69289076162,1,0,1.00653595390334,0
"n087_r005",87,5,"v2_cohort_posterior_hazard","censored","tau1",2.4660067297,2.22407458715,0.24193214255,1,0,1.00653595390334,0
"n087_r005",87,5,"v2_cohort_posterior_hazard","censored","sigma_y",1.70994817135,1.692879175725,0.0170689956250001,1,0,1.00653595390334,0
"n087_r005",87,5,"v2_cohort_posterior_hazard","exact","beta1",-2.095556666205,-3.233727302575,1.13817063637,0,0,1.00540866687475,0
"n087_r005",87,5,"v2_cohort_posterior_hazard","exact","tau1",1.143323023055,2.22407458715,-1.080751564095,0,0,1.00540866687475,0
"n087_r005",87,5,"v2_cohort_posterior_hazard","exact","sigma_y",1.25963101755,1.692879175725,-0.433248158175,0,0,1.00540866687475,0
"n087_r006",87,6,"v2_cohort_posterior_hazard","censored","beta1",-2.3759548158,-3.233727302575,0.857772486775,1,0,1.00381668314031,0
"n087_r006",87,6,"v2_cohort_posterior_hazard","censored","tau1",2.637652394,2.22407458715,0.41357780685,1,0,1.00381668314031,0
"n087_r006",87,6,"v2_cohort_posterior_hazard","censored","sigma_y",1.5801291241,1.692879175725,-0.112750051625,1,0,1.00381668314031,0
"n087_r006",87,6,"v2_cohort_posterior_hazard","exact","beta1",-2.0048922258,-3.233727302575,1.228835076775,0,0,1.00788958619973,0
"n087_r006",87,6,"v2_cohort_posterior_hazard","exact","tau1",1.22801493193,2.22407458715,-0.99605965522,0,0,1.00788958619973,0
"n087_r006",87,6,"v2_cohort_posterior_hazard","exact","sigma_y",1.1974360619,1.692879175725,-0.495443113825,0,0,1.00788958619973,0
"n087_r007",87,7,"v2_cohort_posterior_hazard","censored","beta1",-3.0295408735,-3.233727302575,0.204186429075,1,0,1.00689766629902,0
"n087_r007",87,7,"v2_cohort_posterior_hazard","censored","tau1",2.0726898737,2.22407458715,-0.15138471345,1,0,1.00689766629902,0
"n087_r007",87,7,"v2_cohort_posterior_hazard","censored","sigma_y",1.6785961094,1.692879175725,-0.014283066325,1,0,1.00689766629902,0
"n087_r007",87,7,"v2_cohort_posterior_hazard","exact","beta1",-2.80963164075,-3.233727302575,0.424095661825,1,0,1.00403666600529,0
"n087_r007",87,7,"v2_cohort_posterior_hazard","exact","tau1",0.85291058732,2.22407458715,-1.37116399983,0,0,1.00403666600529,0
"n087_r007",87,7,"v2_cohort_posterior_hazard","exact","sigma_y",1.2197782827,1.692879175725,-0.473100893025,0,0,1.00403666600529,0
"n087_r008",87,8,"v2_cohort_posterior_hazard","censored","beta1",-2.7479117873,-3.233727302575,0.485815515275,1,0,1.00405225665063,0
"n087_r008",87,8,"v2_cohort_posterior_hazard","censored","tau1",1.78409448345,2.22407458715,-0.4399801037,1,0,1.00405225665063,0
"n087_r008",87,8,"v2_cohort_posterior_hazard","censored","sigma_y",1.58839684065,1.692879175725,-0.104482335075,1,0,1.00405225665063,0
"n087_r008",87,8,"v2_cohort_posterior_hazard","exact","beta1",-2.1818280304,-3.233727302575,1.051899272175,0,0,1.01117365673117,0
"n087_r008",87,8,"v2_cohort_posterior_hazard","exact","tau1",0.85664074533,2.22407458715,-1.36743384182,0,0,1.01117365673117,0
"n087_r008",87,8,"v2_cohort_posterior_hazard","exact","sigma_y",1.117301036,1.692879175725,-0.575578139725,0,0,1.01117365673117,0
"n087_r009",87,9,"v2_cohort_posterior_hazard","censored","beta1",-3.000488317,-3.233727302575,0.233238985575,1,0,1.00809977733532,0
"n087_r009",87,9,"v2_cohort_posterior_hazard","censored","tau1",1.9116843511,2.22407458715,-0.31239023605,1,0,1.00809977733532,0
"n087_r009",87,9,"v2_cohort_posterior_hazard","censored","sigma_y",1.61921449815,1.692879175725,-0.0736646775749998,1,0,1.00809977733532,0
"n087_r009",87,9,"v2_cohort_posterior_hazard","exact","beta1",-2.7782379657,-3.233727302575,0.455489336875,1,0,1.00501081548675,0
"n087_r009",87,9,"v2_cohort_posterior_hazard","exact","tau1",0.97481766147,2.22407458715,-1.24925692568,0,0,1.00501081548675,0
"n087_r009",87,9,"v2_cohort_posterior_hazard","exact","sigma_y",1.249840428,1.692879175725,-0.443038747725,0,0,1.00501081548675,0
"n087_r010",87,10,"v2_cohort_posterior_hazard","censored","beta1",-2.56523644555,-3.233727302575,0.668490857025,1,0,1.00665635698637,0
"n087_r010",87,10,"v2_cohort_posterior_hazard","censored","tau1",2.1375527278,2.22407458715,-0.0865218593499999,1,0,1.00665635698637,0
"n087_r010",87,10,"v2_cohort_posterior_hazard","censored","sigma_y",1.6086894629,1.692879175725,-0.084189712825,1,0,1.00665635698637,0
"n087_r010",87,10,"v2_cohort_posterior_hazard","exact","beta1",-1.95990172,-3.233727302575,1.273825582575,0,0,1.00354823710145,0
"n087_r010",87,10,"v2_cohort_posterior_hazard","exact","tau1",1.00157967946,2.22407458715,-1.22249490769,0,0,1.00354823710145,0
"n087_r010",87,10,"v2_cohort_posterior_hazard","exact","sigma_y",1.21077975705,1.692879175725,-0.482099418675,0,0,1.00354823710145,0
"n087_r011",87,11,"v2_cohort_posterior_hazard","censored","beta1",-2.310920400075,-3.233727302575,0.9228069025,0,0,1.00570018619429,0
"n087_r011",87,11,"v2_cohort_posterior_hazard","censored","tau1",2.13479079685,2.22407458715,-0.0892837903000001,1,0,1.00570018619429,0
"n087_r011",87,11,"v2_cohort_posterior_hazard","censored","sigma_y",1.71015147065,1.692879175725,0.0172722949250002,1,0,1.00570018619429,0
"n087_r011",87,11,"v2_cohort_posterior_hazard","exact","beta1",-2.00334617033,-3.233727302575,1.230381132245,0,0,1.00678737416397,0
"n087_r011",87,11,"v2_cohort_posterior_hazard","exact","tau1",0.899036887705,2.22407458715,-1.325037699445,0,0,1.00678737416397,0
"n087_r011",87,11,"v2_cohort_posterior_hazard","exact","sigma_y",1.3151745766,1.692879175725,-0.377704599125,0,0,1.00678737416397,0
"n087_r012",87,12,"v2_cohort_posterior_hazard","censored","beta1",-2.7011438294,-3.233727302575,0.532583473175,1,0,1.00493495599782,0
"n087_r012",87,12,"v2_cohort_posterior_hazard","censored","tau1",1.956766253615,2.22407458715,-0.267308333535,1,0,1.00493495599782,0
"n087_r012",87,12,"v2_cohort_posterior_hazard","censored","sigma_y",1.7576055213,1.692879175725,0.064726345575,1,0,1.00493495599782,0
"n087_r012",87,12,"v2_cohort_posterior_hazard","exact","beta1",-2.4204865027,-3.233727302575,0.813240799875,0,0,1.00530008911455,0
"n087_r012",87,12,"v2_cohort_posterior_hazard","exact","tau1",0.85756904918,2.22407458715,-1.36650553797,0,0,1.00530008911455,0
"n087_r012",87,12,"v2_cohort_posterior_hazard","exact","sigma_y",1.2948421872,1.692879175725,-0.398036988525,0,0,1.00530008911455,0
"n087_r013",87,13,"v2_cohort_posterior_hazard","censored","beta1",-2.9565916573,-3.233727302575,0.277135645275,1,0,1.00984382539158,0
"n087_r013",87,13,"v2_cohort_posterior_hazard","censored","tau1",2.3492171754,2.22407458715,0.12514258825,1,0,1.00984382539158,0
"n087_r013",87,13,"v2_cohort_posterior_hazard","censored","sigma_y",1.6504832463,1.692879175725,-0.0423959294249998,1,0,1.00984382539158,0
"n087_r013",87,13,"v2_cohort_posterior_hazard","exact","beta1",-2.51614026775,-3.233727302575,0.717587034825,0,0,1.00399493433339,0
"n087_r013",87,13,"v2_cohort_posterior_hazard","exact","tau1",1.164445346645,2.22407458715,-1.059629240505,0,0,1.00399493433339,0
"n087_r013",87,13,"v2_cohort_posterior_hazard","exact","sigma_y",1.27985232675,1.692879175725,-0.413026848975,0,0,1.00399493433339,0
"n087_r014",87,14,"v2_cohort_posterior_hazard","censored","beta1",-2.91437028885,-3.233727302575,0.319357013725,1,0,1.00293245200752,0
"n087_r014",87,14,"v2_cohort_posterior_hazard","censored","tau1",2.22939259935,2.22407458715,0.00531801220000006,1,0,1.00293245200752,0
"n087_r014",87,14,"v2_cohort_posterior_hazard","censored","sigma_y",1.6339920429,1.692879175725,-0.0588871328249998,1,0,1.00293245200752,0
"n087_r014",87,14,"v2_cohort_posterior_hazard","exact","beta1",-2.47433135775,-3.233727302575,0.759395944825,0,0,1.00523050647976,0
"n087_r014",87,14,"v2_cohort_posterior_hazard","exact","tau1",1.10884705098,2.22407458715,-1.11522753617,0,0,1.00523050647976,0
"n087_r014",87,14,"v2_cohort_posterior_hazard","exact","sigma_y",1.2897023257,1.692879175725,-0.403176850025,0,0,1.00523050647976,0
"n087_r015",87,15,"v2_cohort_posterior_hazard","censored","beta1",-2.31976142603,-3.233727302575,0.913965876545,1,0,1.00564719779627,0
"n087_r015",87,15,"v2_cohort_posterior_hazard","censored","tau1",2.157302988,2.22407458715,-0.06677159915,1,0,1.00564719779627,0
"n087_r015",87,15,"v2_cohort_posterior_hazard","censored","sigma_y",1.66728471815,1.692879175725,-0.025594457575,1,0,1.00564719779627,0
"n087_r015",87,15,"v2_cohort_posterior_hazard","exact","beta1",-2.3620756218,-3.233727302575,0.871651680775,0,0,1.00775168116657,0
"n087_r015",87,15,"v2_cohort_posterior_hazard","exact","tau1",0.90194965609,2.22407458715,-1.32212493106,0,0,1.00775168116657,0
"n087_r015",87,15,"v2_cohort_posterior_hazard","exact","sigma_y",1.22452129655,1.692879175725,-0.468357879175,0,0,1.00775168116657,0
"n087_r016",87,16,"v2_cohort_posterior_hazard","censored","beta1",-2.79325415545,-3.233727302575,0.440473147125,1,0,1.00344386627059,0
"n087_r016",87,16,"v2_cohort_posterior_hazard","censored","tau1",2.4344860033,2.22407458715,0.21041141615,1,0,1.00344386627059,0
"n087_r016",87,16,"v2_cohort_posterior_hazard","censored","sigma_y",1.8073304823,1.692879175725,0.114451306575,1,0,1.00344386627059,0
"n087_r016",87,16,"v2_cohort_posterior_hazard","exact","beta1",-2.28379845472,-3.233727302575,0.949928847855,0,0,1.00559183996543,0
"n087_r016",87,16,"v2_cohort_posterior_hazard","exact","tau1",1.355923818875,2.22407458715,-0.868150768275,0,0,1.00559183996543,0
"n087_r016",87,16,"v2_cohort_posterior_hazard","exact","sigma_y",1.3193972088,1.692879175725,-0.373481966925,0,0,1.00559183996543,0
"n087_r017",87,17,"v2_cohort_posterior_hazard","censored","beta1",-2.191942148155,-3.233727302575,1.04178515442,0,0,1.01061621124813,0
"n087_r017",87,17,"v2_cohort_posterior_hazard","censored","tau1",1.6435591713,2.22407458715,-0.58051541585,0,0,1.01061621124813,0
"n087_r017",87,17,"v2_cohort_posterior_hazard","censored","sigma_y",1.69488659175,1.692879175725,0.0020074160250001,1,0,1.01061621124813,0
"n087_r017",87,17,"v2_cohort_posterior_hazard","exact","beta1",-1.97295197138,-3.233727302575,1.260775331195,0,0,1.00623214128708,0
"n087_r017",87,17,"v2_cohort_posterior_hazard","exact","tau1",0.75113273864,2.22407458715,-1.47294184851,0,0,1.00623214128708,0
"n087_r017",87,17,"v2_cohort_posterior_hazard","exact","sigma_y",1.2911231863,1.692879175725,-0.401755989425,0,0,1.00623214128708,0
"n087_r018",87,18,"v2_cohort_posterior_hazard","censored","beta1",-1.89005741466,-3.233727302575,1.343669887915,0,0,1.0039236834946,0
"n087_r018",87,18,"v2_cohort_posterior_hazard","censored","tau1",2.04720812115,2.22407458715,-0.176866466,1,0,1.0039236834946,0
"n087_r018",87,18,"v2_cohort_posterior_hazard","censored","sigma_y",1.61628791145,1.692879175725,-0.076591264275,1,0,1.0039236834946,0
"n087_r018",87,18,"v2_cohort_posterior_hazard","exact","beta1",-1.76108463282,-3.233727302575,1.472642669755,0,0,1.00470742925643,0
"n087_r018",87,18,"v2_cohort_posterior_hazard","exact","tau1",1.03610995041,2.22407458715,-1.18796463674,0,0,1.00470742925643,0
"n087_r018",87,18,"v2_cohort_posterior_hazard","exact","sigma_y",1.265420179,1.692879175725,-0.427458996725,0,0,1.00470742925643,0
"n087_r019",87,19,"v2_cohort_posterior_hazard","censored","beta1",-2.80669624125,-3.233727302575,0.427031061325,1,0,1.00628214157335,0
"n087_r019",87,19,"v2_cohort_posterior_hazard","censored","tau1",2.6747128743,2.22407458715,0.45063828715,1,0,1.00628214157335,0
"n087_r019",87,19,"v2_cohort_posterior_hazard","censored","sigma_y",1.74859910055,1.692879175725,0.055719924825,1,0,1.00628214157335,0
"n087_r019",87,19,"v2_cohort_posterior_hazard","exact","beta1",-2.69528060155,-3.233727302575,0.538446701025,1,0,1.00624665792362,0
"n087_r019",87,19,"v2_cohort_posterior_hazard","exact","tau1",1.14742234509,2.22407458715,-1.07665224206,0,0,1.00624665792362,0
"n087_r019",87,19,"v2_cohort_posterior_hazard","exact","sigma_y",1.30920671265,1.692879175725,-0.383672463075,0,0,1.00624665792362,0
"n087_r020",87,20,"v2_cohort_posterior_hazard","censored","beta1",-2.565657037205,-3.233727302575,0.66807026537,1,0,1.0047027265,0
"n087_r020",87,20,"v2_cohort_posterior_hazard","censored","tau1",2.2174720118,2.22407458715,-0.00660257535000008,1,0,1.0047027265,0
"n087_r020",87,20,"v2_cohort_posterior_hazard","censored","sigma_y",1.8911050738,1.692879175725,0.198225898075,0,0,1.0047027265,0
"n087_r020",87,20,"v2_cohort_posterior_hazard","exact","beta1",-2.1687064463,-3.233727302575,1.065020856275,0,0,1.00536686057781,0
"n087_r020",87,20,"v2_cohort_posterior_hazard","exact","tau1",1.083980607255,2.22407458715,-1.140093979895,0,0,1.00536686057781,0
"n087_r020",87,20,"v2_cohort_posterior_hazard","exact","sigma_y",1.3843486303,1.692879175725,-0.308530545425,0,0,1.00536686057781,0
"n087_r021",87,21,"v2_cohort_posterior_hazard","censored","beta1",-2.43701343353,-3.233727302575,0.796713869045,1,0,1.00420086220203,0
"n087_r021",87,21,"v2_cohort_posterior_hazard","censored","tau1",2.39812269815,2.22407458715,0.174048111,1,0,1.00420086220203,0
"n087_r021",87,21,"v2_cohort_posterior_hazard","censored","sigma_y",1.72697340475,1.692879175725,0.0340942290250001,1,0,1.00420086220203,0
"n087_r021",87,21,"v2_cohort_posterior_hazard","exact","beta1",-2.203775599,-3.233727302575,1.029951703575,0,0,1.00547133288275,0
"n087_r021",87,21,"v2_cohort_posterior_hazard","exact","tau1",1.20082687882,2.22407458715,-1.02324770833,0,0,1.00547133288275,0
"n087_r021",87,21,"v2_cohort_posterior_hazard","exact","sigma_y",1.2042234623,1.692879175725,-0.488655713425,0,0,1.00547133288275,0
"n087_r022",87,22,"v2_cohort_posterior_hazard","censored","beta1",-2.410461894665,-3.233727302575,0.82326540791,1,0,1.00254722327196,0
"n087_r022",87,22,"v2_cohort_posterior_hazard","censored","tau1",2.24661602565,2.22407458715,0.0225414384999998,1,0,1.00254722327196,0
"n087_r022",87,22,"v2_cohort_posterior_hazard","censored","sigma_y",1.7195773066,1.692879175725,0.0266981308750001,1,0,1.00254722327196,0
"n087_r022",87,22,"v2_cohort_posterior_hazard","exact","beta1",-2.12706706645,-3.233727302575,1.106660236125,0,0,1.00581237677064,0
"n087_r022",87,22,"v2_cohort_posterior_hazard","exact","tau1",1.19626779645,2.22407458715,-1.0278067907,0,0,1.00581237677064,0
"n087_r022",87,22,"v2_cohort_posterior_hazard","exact","sigma_y",1.32437457475,1.692879175725,-0.368504600975,0,0,1.00581237677064,0
"n087_r023",87,23,"v2_cohort_posterior_hazard","censored","beta1",-2.35335741283,-3.233727302575,0.880369889745,0,0,1.005711427988,0
"n087_r023",87,23,"v2_cohort_posterior_hazard","censored","tau1",2.21422478295,2.22407458715,-0.00984980419999992,1,0,1.005711427988,0
"n087_r023",87,23,"v2_cohort_posterior_hazard","censored","sigma_y",1.6309421034,1.692879175725,-0.0619370723249999,1,0,1.005711427988,0
"n087_r023",87,23,"v2_cohort_posterior_hazard","exact","beta1",-2.2321256502,-3.233727302575,1.001601652375,0,0,1.00359171015761,0
"n087_r023",87,23,"v2_cohort_posterior_hazard","exact","tau1",1.209586004305,2.22407458715,-1.014488582845,0,0,1.00359171015761,0
"n087_r023",87,23,"v2_cohort_posterior_hazard","exact","sigma_y",1.14375067325,1.692879175725,-0.549128502475,0,0,1.00359171015761,0
"n087_r024",87,24,"v2_cohort_posterior_hazard","censored","beta1",-2.293949426,-3.233727302575,0.939777876575,0,0,1.00807533218026,0
"n087_r024",87,24,"v2_cohort_posterior_hazard","censored","tau1",2.2022033273,2.22407458715,-0.0218712598500002,1,0,1.00807533218026,0
"n087_r024",87,24,"v2_cohort_posterior_hazard","censored","sigma_y",1.70207383445,1.692879175725,0.00919465872500003,1,0,1.00807533218026,0
"n087_r024",87,24,"v2_cohort_posterior_hazard","exact","beta1",-2.06548238755,-3.233727302575,1.168244915025,0,0,1.00588328592011,0
"n087_r024",87,24,"v2_cohort_posterior_hazard","exact","tau1",1.15232995066,2.22407458715,-1.07174463649,0,0,1.00588328592011,0
"n087_r024",87,24,"v2_cohort_posterior_hazard","exact","sigma_y",1.3267173067,1.692879175725,-0.366161869025,0,0,1.00588328592011,0
"n087_r025",87,25,"v2_cohort_posterior_hazard","censored","beta1",-2.211385494865,-3.233727302575,1.02234180771,0,0,1.00432963696853,0
"n087_r025",87,25,"v2_cohort_posterior_hazard","censored","tau1",2.16651498,2.22407458715,-0.05755960715,1,0,1.00432963696853,0
"n087_r025",87,25,"v2_cohort_posterior_hazard","censored","sigma_y",1.8090422927,1.692879175725,0.116163116975,1,0,1.00432963696853,0
"n087_r025",87,25,"v2_cohort_posterior_hazard","exact","beta1",-1.789979226375,-3.233727302575,1.4437480762,0,0,1.00437000474036,0
"n087_r025",87,25,"v2_cohort_posterior_hazard","exact","tau1",0.85668986702,2.22407458715,-1.36738472013,0,0,1.00437000474036,0
"n087_r025",87,25,"v2_cohort_posterior_hazard","exact","sigma_y",1.26598972465,1.692879175725,-0.426889451075,0,0,1.00437000474036,0
"n087_r026",87,26,"v2_cohort_posterior_hazard","censored","beta1",-2.54620387194,-3.233727302575,0.687523430635,1,0,1.00411279586601,0
"n087_r026",87,26,"v2_cohort_posterior_hazard","censored","tau1",2.1614839144,2.22407458715,-0.0625906727499999,1,0,1.00411279586601,0
"n087_r026",87,26,"v2_cohort_posterior_hazard","censored","sigma_y",1.6574132427,1.692879175725,-0.035465933025,1,0,1.00411279586601,0
"n087_r026",87,26,"v2_cohort_posterior_hazard","exact","beta1",-2.2835834593,-3.233727302575,0.950143843275,0,0,1.00552920045292,0
"n087_r026",87,26,"v2_cohort_posterior_hazard","exact","tau1",0.837534661475,2.22407458715,-1.386539925675,0,0,1.00552920045292,0
"n087_r026",87,26,"v2_cohort_posterior_hazard","exact","sigma_y",1.2675626407,1.692879175725,-0.425316535025,0,0,1.00552920045292,0
"n087_r027",87,27,"v2_cohort_posterior_hazard","censored","beta1",-2.78038226095,-3.233727302575,0.453345041625,1,0,1.00508671346375,0
"n087_r027",87,27,"v2_cohort_posterior_hazard","censored","tau1",1.9888117974,2.22407458715,-0.23526278975,1,0,1.00508671346375,0
"n087_r027",87,27,"v2_cohort_posterior_hazard","censored","sigma_y",1.7189618321,1.692879175725,0.0260826563750001,1,0,1.00508671346375,0
"n087_r027",87,27,"v2_cohort_posterior_hazard","exact","beta1",-2.4906244711,-3.233727302575,0.743102831475,0,0,1.00519239923809,0
"n087_r027",87,27,"v2_cohort_posterior_hazard","exact","tau1",1.11668415785,2.22407458715,-1.1073904293,0,0,1.00519239923809,0
"n087_r027",87,27,"v2_cohort_posterior_hazard","exact","sigma_y",1.2681470202,1.692879175725,-0.424732155525,0,0,1.00519239923809,0
"n087_r028",87,28,"v2_cohort_posterior_hazard","censored","beta1",-2.628685590065,-3.233727302575,0.60504171251,1,0,1.00961414987092,0
"n087_r028",87,28,"v2_cohort_posterior_hazard","censored","tau1",2.6909942416,2.22407458715,0.46691965445,1,0,1.00961414987092,0
"n087_r028",87,28,"v2_cohort_posterior_hazard","censored","sigma_y",1.759386821,1.692879175725,0.0665076452750002,1,0,1.00961414987092,0
"n087_r028",87,28,"v2_cohort_posterior_hazard","exact","beta1",-2.3025818345,-3.233727302575,0.931145468075,0,0,1.00460819111364,0
"n087_r028",87,28,"v2_cohort_posterior_hazard","exact","tau1",1.04424895344,2.22407458715,-1.17982563371,0,0,1.00460819111364,0
"n087_r028",87,28,"v2_cohort_posterior_hazard","exact","sigma_y",1.28702763335,1.692879175725,-0.405851542375,0,0,1.00460819111364,0
"n087_r029",87,29,"v2_cohort_posterior_hazard","censored","beta1",-2.9319917729,-3.233727302575,0.301735529675,1,0,1.00676301204835,0
"n087_r029",87,29,"v2_cohort_posterior_hazard","censored","tau1",2.56574973415,2.22407458715,0.341675147,1,0,1.00676301204835,0
"n087_r029",87,29,"v2_cohort_posterior_hazard","censored","sigma_y",1.7268521149,1.692879175725,0.0339729391750001,1,0,1.00676301204835,0
"n087_r029",87,29,"v2_cohort_posterior_hazard","exact","beta1",-2.68298919155,-3.233727302575,0.550738111025,1,0,1.0044438749539,0
"n087_r029",87,29,"v2_cohort_posterior_hazard","exact","tau1",1.24739326467,2.22407458715,-0.97668132248,0,0,1.0044438749539,0
"n087_r029",87,29,"v2_cohort_posterior_hazard","exact","sigma_y",1.32120680015,1.692879175725,-0.371672375575,0,0,1.0044438749539,0
"n087_r030",87,30,"v2_cohort_posterior_hazard","censored","beta1",-2.45094837139,-3.233727302575,0.782778931185,1,0,1.0040362909969,0
"n087_r030",87,30,"v2_cohort_posterior_hazard","censored","tau1",2.2099815178,2.22407458715,-0.0140930693499999,1,0,1.0040362909969,0
"n087_r030",87,30,"v2_cohort_posterior_hazard","censored","sigma_y",1.59806624715,1.692879175725,-0.0948129285749999,1,0,1.0040362909969,0
"n087_r030",87,30,"v2_cohort_posterior_hazard","exact","beta1",-2.25574172295,-3.233727302575,0.977985579625,0,0,1.0041292691513,0
"n087_r030",87,30,"v2_cohort_posterior_hazard","exact","tau1",1.097830623255,2.22407458715,-1.126243963895,0,0,1.0041292691513,0
"n087_r030",87,30,"v2_cohort_posterior_hazard","exact","sigma_y",1.24491401285,1.692879175725,-0.447965162875,0,0,1.0041292691513,0
"n087_r031",87,31,"v2_cohort_posterior_hazard","censored","beta1",-2.2936566698,-3.233727302575,0.940070632775,0,0,1.00785052281131,0
"n087_r031",87,31,"v2_cohort_posterior_hazard","censored","tau1",1.46874175401,2.22407458715,-0.75533283314,0,0,1.00785052281131,0
"n087_r031",87,31,"v2_cohort_posterior_hazard","censored","sigma_y",1.711826946,1.692879175725,0.0189477702750001,1,0,1.00785052281131,0
"n087_r031",87,31,"v2_cohort_posterior_hazard","exact","beta1",-1.938548652885,-3.233727302575,1.29517864969,0,0,1.01395998296787,0
"n087_r031",87,31,"v2_cohort_posterior_hazard","exact","tau1",0.60878358522,2.22407458715,-1.61529100193,0,0,1.01395998296787,0
"n087_r031",87,31,"v2_cohort_posterior_hazard","exact","sigma_y",1.23832533525,1.692879175725,-0.454553840475,0,0,1.01395998296787,0
"n087_r032",87,32,"v2_cohort_posterior_hazard","censored","beta1",-2.56786098606,-3.233727302575,0.665866316515,1,0,1.00468793330868,0
"n087_r032",87,32,"v2_cohort_posterior_hazard","censored","tau1",2.3308765032,2.22407458715,0.10680191605,1,0,1.00468793330868,0
"n087_r032",87,32,"v2_cohort_posterior_hazard","censored","sigma_y",1.6111971177,1.692879175725,-0.0816820580249999,1,0,1.00468793330868,0
"n087_r032",87,32,"v2_cohort_posterior_hazard","exact","beta1",-2.44524854413333,-3.233727302575,0.788478758441667,0,0,1.0073662278727,0
"n087_r032",87,32,"v2_cohort_posterior_hazard","exact","tau1",1.24072954964667,2.22407458715,-0.983345037503333,0,0,1.0073662278727,0
"n087_r032",87,32,"v2_cohort_posterior_hazard","exact","sigma_y",1.21310228226667,1.692879175725,-0.479776893458333,0,0,1.0073662278727,0
"n087_r033",87,33,"v2_cohort_posterior_hazard","censored","beta1",-2.125632290945,-3.233727302575,1.10809501163,0,0,1.00409385137664,0
"n087_r033",87,33,"v2_cohort_posterior_hazard","censored","tau1",2.30560115325,2.22407458715,0.0815265661,1,0,1.00409385137664,0
"n087_r033",87,33,"v2_cohort_posterior_hazard","censored","sigma_y",1.72871419325,1.692879175725,0.0358350175250002,1,0,1.00409385137664,0
"n087_r033",87,33,"v2_cohort_posterior_hazard","exact","beta1",-1.810033252635,-3.233727302575,1.42369404994,0,0,1.00580114735673,0
"n087_r033",87,33,"v2_cohort_posterior_hazard","exact","tau1",1.266061489495,2.22407458715,-0.958013097655,0,0,1.00580114735673,0
"n087_r033",87,33,"v2_cohort_posterior_hazard","exact","sigma_y",1.30293885455,1.692879175725,-0.389940321175,0,0,1.00580114735673,0
"n087_r034",87,34,"v2_cohort_posterior_hazard","censored","beta1",-2.672104144325,-3.233727302575,0.56162315825,1,0,1.00660177223061,0
"n087_r034",87,34,"v2_cohort_posterior_hazard","censored","tau1",2.67357075765,2.22407458715,0.4494961705,1,0,1.00660177223061,0
"n087_r034",87,34,"v2_cohort_posterior_hazard","censored","sigma_y",1.6685061623,1.692879175725,-0.024373013425,1,0,1.00660177223061,0
"n087_r034",87,34,"v2_cohort_posterior_hazard","exact","beta1",-2.34348310555,-3.233727302575,0.890244197025,0,0,1.00707386886624,0
"n087_r034",87,34,"v2_cohort_posterior_hazard","exact","tau1",1.256537119545,2.22407458715,-0.967537467605,0,0,1.00707386886624,0
"n087_r034",87,34,"v2_cohort_posterior_hazard","exact","sigma_y",1.22021450775,1.692879175725,-0.472664667975,0,0,1.00707386886624,0
"n087_r035",87,35,"v2_cohort_posterior_hazard","censored","beta1",-2.61386305733,-3.233727302575,0.619864245245,1,0,1.00367470347751,0
"n087_r035",87,35,"v2_cohort_posterior_hazard","censored","tau1",2.3975907486,2.22407458715,0.17351616145,1,0,1.00367470347751,0
"n087_r035",87,35,"v2_cohort_posterior_hazard","censored","sigma_y",1.77956107075,1.692879175725,0.0866818950250001,1,0,1.00367470347751,0
"n087_r035",87,35,"v2_cohort_posterior_hazard","exact","beta1",-2.29279466545,-3.233727302575,0.940932637125,0,0,1.00438722954956,0
"n087_r035",87,35,"v2_cohort_posterior_hazard","exact","tau1",0.93586360044,2.22407458715,-1.28821098671,0,0,1.00438722954956,0
"n087_r035",87,35,"v2_cohort_posterior_hazard","exact","sigma_y",1.32281214185,1.692879175725,-0.370067033875,0,0,1.00438722954956,0
"n087_r036",87,36,"v2_cohort_posterior_hazard","censored","beta1",-2.30802162087,-3.233727302575,0.925705681705,0,0,1.00957103689563,0
"n087_r036",87,36,"v2_cohort_posterior_hazard","censored","tau1",1.932082807,2.22407458715,-0.29199178015,1,0,1.00957103689563,0
"n087_r036",87,36,"v2_cohort_posterior_hazard","censored","sigma_y",1.70584523125,1.692879175725,0.0129660555250002,1,0,1.00957103689563,0
"n087_r036",87,36,"v2_cohort_posterior_hazard","exact","beta1",-1.97382628884,-3.233727302575,1.259901013735,0,0,1.00658290792098,0
"n087_r036",87,36,"v2_cohort_posterior_hazard","exact","tau1",0.813590991765,2.22407458715,-1.410483595385,0,0,1.00658290792098,0
"n087_r036",87,36,"v2_cohort_posterior_hazard","exact","sigma_y",1.23837391275,1.692879175725,-0.454505262975,0,0,1.00658290792098,0
"n087_r037",87,37,"v2_cohort_posterior_hazard","censored","beta1",-2.378796599075,-3.233727302575,0.8549307035,0,0,1.00542749620649,0
"n087_r037",87,37,"v2_cohort_posterior_hazard","censored","tau1",1.9689445534,2.22407458715,-0.25513003375,1,0,1.00542749620649,0
"n087_r037",87,37,"v2_cohort_posterior_hazard","censored","sigma_y",1.7147709836,1.692879175725,0.0218918078750001,1,0,1.00542749620649,0
"n087_r037",87,37,"v2_cohort_posterior_hazard","exact","beta1",-2.08561383466,-3.233727302575,1.148113467915,0,0,1.00383789139816,0
"n087_r037",87,37,"v2_cohort_posterior_hazard","exact","tau1",0.929450269955,2.22407458715,-1.294624317195,0,0,1.00383789139816,0
"n087_r037",87,37,"v2_cohort_posterior_hazard","exact","sigma_y",1.364655317,1.692879175725,-0.328223858725,0,0,1.00383789139816,0
"n087_r038",87,38,"v2_cohort_posterior_hazard","censored","beta1",-2.28133308402,-3.233727302575,0.952394218555,0,0,1.0023193745244,0
"n087_r038",87,38,"v2_cohort_posterior_hazard","censored","tau1",2.16620995125,2.22407458715,-0.0578646359000001,1,0,1.0023193745244,0
"n087_r038",87,38,"v2_cohort_posterior_hazard","censored","sigma_y",1.649116727,1.692879175725,-0.0437624487249999,1,0,1.0023193745244,0
"n087_r038",87,38,"v2_cohort_posterior_hazard","exact","beta1",-1.840376778255,-3.233727302575,1.39335052432,0,0,1.00593814998085,0
"n087_r038",87,38,"v2_cohort_posterior_hazard","exact","tau1",0.95973253322,2.22407458715,-1.26434205393,0,0,1.00593814998085,0
"n087_r038",87,38,"v2_cohort_posterior_hazard","exact","sigma_y",1.2159242823,1.692879175725,-0.476954893425,0,0,1.00593814998085,0
"n087_r039",87,39,"v2_cohort_posterior_hazard","censored","beta1",-1.89507264972,-3.233727302575,1.338654652855,0,0,1.00446577527935,0
"n087_r039",87,39,"v2_cohort_posterior_hazard","censored","tau1",2.27762592365,2.22407458715,0.0535513365,1,0,1.00446577527935,0
"n087_r039",87,39,"v2_cohort_posterior_hazard","censored","sigma_y",1.64795136885,1.692879175725,-0.0449278068749999,1,0,1.00446577527935,0
"n087_r039",87,39,"v2_cohort_posterior_hazard","exact","beta1",-1.961652425185,-3.233727302575,1.27207487739,0,0,1.00359368346228,0
"n087_r039",87,39,"v2_cohort_posterior_hazard","exact","tau1",1.20881376757,2.22407458715,-1.01526081958,0,0,1.00359368346228,0
"n087_r039",87,39,"v2_cohort_posterior_hazard","exact","sigma_y",1.25251098045,1.692879175725,-0.440368195275,0,0,1.00359368346228,0
"n087_r040",87,40,"v2_cohort_posterior_hazard","censored","beta1",-2.7938206091,-3.233727302575,0.439906693475,1,0,1.00543865524675,0
"n087_r040",87,40,"v2_cohort_posterior_hazard","censored","tau1",2.0768615168,2.22407458715,-0.14721307035,1,0,1.00543865524675,0
"n087_r040",87,40,"v2_cohort_posterior_hazard","censored","sigma_y",1.7406591343,1.692879175725,0.0477799585750001,1,0,1.00543865524675,0
"n087_r040",87,40,"v2_cohort_posterior_hazard","exact","beta1",-2.60200065415,-3.233727302575,0.631726648425,1,0,1.00279046992852,0
"n087_r040",87,40,"v2_cohort_posterior_hazard","exact","tau1",0.976753959565,2.22407458715,-1.247320627585,0,0,1.00279046992852,0
"n087_r040",87,40,"v2_cohort_posterior_hazard","exact","sigma_y",1.2806159481,1.692879175725,-0.412263227625,0,0,1.00279046992852,0
"n087_r041",87,41,"v2_cohort_posterior_hazard","censored","beta1",-2.482893437305,-3.233727302575,0.75083386527,1,0,1.01173555369594,0
"n087_r041",87,41,"v2_cohort_posterior_hazard","censored","tau1",2.3381598746,2.22407458715,0.11408528745,1,0,1.01173555369594,0
"n087_r041",87,41,"v2_cohort_posterior_hazard","censored","sigma_y",1.723285428,1.692879175725,0.0304062522750002,1,0,1.01173555369594,0
"n087_r041",87,41,"v2_cohort_posterior_hazard","exact","beta1",-2.161352284705,-3.233727302575,1.07237501787,0,0,1.00349678945088,0
"n087_r041",87,41,"v2_cohort_posterior_hazard","exact","tau1",1.42533635635,2.22407458715,-0.7987382308,0,0,1.00349678945088,0
"n087_r041",87,41,"v2_cohort_posterior_hazard","exact","sigma_y",1.3351295481,1.692879175725,-0.357749627625,0,0,1.00349678945088,0
"n087_r042",87,42,"v2_cohort_posterior_hazard","censored","beta1",-2.44036649318,-3.233727302575,0.793360809395,1,0,1.00399278714156,0
"n087_r042",87,42,"v2_cohort_posterior_hazard","censored","tau1",2.07511015385,2.22407458715,-0.1489644333,1,0,1.00399278714156,0
"n087_r042",87,42,"v2_cohort_posterior_hazard","censored","sigma_y",1.8691988361,1.692879175725,0.176319660375,0,0,1.00399278714156,0
"n087_r042",87,42,"v2_cohort_posterior_hazard","exact","beta1",-2.15588666955,-3.233727302575,1.077840633025,0,0,1.00815529703264,0
"n087_r042",87,42,"v2_cohort_posterior_hazard","exact","tau1",0.931621040985,2.22407458715,-1.292453546165,0,0,1.00815529703264,0
"n087_r042",87,42,"v2_cohort_posterior_hazard","exact","sigma_y",1.43861324615,1.692879175725,-0.254265929575,0,0,1.00815529703264,0
"n087_r043",87,43,"v2_cohort_posterior_hazard","censored","beta1",-2.74684183695,-3.233727302575,0.486885465625,1,0,1.0040318157857,0
"n087_r043",87,43,"v2_cohort_posterior_hazard","censored","tau1",2.61340950145,2.22407458715,0.3893349143,1,0,1.0040318157857,0
"n087_r043",87,43,"v2_cohort_posterior_hazard","censored","sigma_y",1.54882021495,1.692879175725,-0.144058960775,0,0,1.0040318157857,0
"n087_r043",87,43,"v2_cohort_posterior_hazard","exact","beta1",-2.5046255695,-3.233727302575,0.729101733075,0,0,1.00635497457451,0
"n087_r043",87,43,"v2_cohort_posterior_hazard","exact","tau1",1.4843949174,2.22407458715,-0.73967966975,0,0,1.00635497457451,0
"n087_r043",87,43,"v2_cohort_posterior_hazard","exact","sigma_y",1.16727306775,1.692879175725,-0.525606107975,0,0,1.00635497457451,0
"n087_r044",87,44,"v2_cohort_posterior_hazard","censored","beta1",-2.75375188155,-3.233727302575,0.479975421025,1,0,1.00280969564122,0
"n087_r044",87,44,"v2_cohort_posterior_hazard","censored","tau1",1.92478976745,2.22407458715,-0.2992848197,1,0,1.00280969564122,0
"n087_r044",87,44,"v2_cohort_posterior_hazard","censored","sigma_y",1.766550804,1.692879175725,0.0736716282750001,1,0,1.00280969564122,0
"n087_r044",87,44,"v2_cohort_posterior_hazard","exact","beta1",-2.610992575,-3.233727302575,0.622734727575,1,0,1.0066106902172,0
"n087_r044",87,44,"v2_cohort_posterior_hazard","exact","tau1",1.19908338153,2.22407458715,-1.02499120562,0,0,1.0066106902172,0
"n087_r044",87,44,"v2_cohort_posterior_hazard","exact","sigma_y",1.4038142023,1.692879175725,-0.289064973425,0,0,1.0066106902172,0
"n087_r045",87,45,"v2_cohort_posterior_hazard","censored","beta1",-3.0083939818,-3.233727302575,0.225333320775,1,0,1.0060102357126,0
"n087_r045",87,45,"v2_cohort_posterior_hazard","censored","tau1",2.09694172455,2.22407458715,-0.1271328626,1,0,1.0060102357126,0
"n087_r045",87,45,"v2_cohort_posterior_hazard","censored","sigma_y",1.81579410945,1.692879175725,0.122914933725,1,0,1.0060102357126,0
"n087_r045",87,45,"v2_cohort_posterior_hazard","exact","beta1",-2.87167918065,-3.233727302575,0.362048121925,1,0,1.00211528759582,0
"n087_r045",87,45,"v2_cohort_posterior_hazard","exact","tau1",0.741743300945,2.22407458715,-1.482331286205,0,0,1.00211528759582,0
"n087_r045",87,45,"v2_cohort_posterior_hazard","exact","sigma_y",1.26202402075,1.692879175725,-0.430855154975,0,0,1.00211528759582,0
"n087_r046",87,46,"v2_cohort_posterior_hazard","censored","beta1",-2.72648133265,-3.233727302575,0.507245969925,1,0,1.01277475170204,0
"n087_r046",87,46,"v2_cohort_posterior_hazard","censored","tau1",2.3852307292,2.22407458715,0.16115614205,1,0,1.01277475170204,0
"n087_r046",87,46,"v2_cohort_posterior_hazard","censored","sigma_y",1.7999360461,1.692879175725,0.107056870375,1,0,1.01277475170204,0
"n087_r046",87,46,"v2_cohort_posterior_hazard","exact","beta1",-2.55012956925,-3.233727302575,0.683597733325,0,0,1.00721955519608,0
"n087_r046",87,46,"v2_cohort_posterior_hazard","exact","tau1",0.958558646615,2.22407458715,-1.265515940535,0,0,1.00721955519608,0
"n087_r046",87,46,"v2_cohort_posterior_hazard","exact","sigma_y",1.32987040415,1.692879175725,-0.363008771575,0,0,1.00721955519608,0
"n087_r047",87,47,"v2_cohort_posterior_hazard","censored","beta1",-2.57481125835,-3.233727302575,0.658916044225,1,0,1.00789817501316,0
"n087_r047",87,47,"v2_cohort_posterior_hazard","censored","tau1",2.2799244233,2.22407458715,0.0558498361500002,1,0,1.00789817501316,0
"n087_r047",87,47,"v2_cohort_posterior_hazard","censored","sigma_y",1.67973426435,1.692879175725,-0.013144911375,1,0,1.00789817501316,0
"n087_r047",87,47,"v2_cohort_posterior_hazard","exact","beta1",-2.5723480273,-3.233727302575,0.661379275275,0,0,1.00529718081242,0
"n087_r047",87,47,"v2_cohort_posterior_hazard","exact","tau1",1.15069465466,2.22407458715,-1.07337993249,0,0,1.00529718081242,0
"n087_r047",87,47,"v2_cohort_posterior_hazard","exact","sigma_y",1.25658709485,1.692879175725,-0.436292080875,0,0,1.00529718081242,0
"n087_r048",87,48,"v2_cohort_posterior_hazard","censored","beta1",-2.72834049335,-3.233727302575,0.505386809225,1,0,1.0066330022943,0
"n087_r048",87,48,"v2_cohort_posterior_hazard","censored","tau1",1.8970286253,2.22407458715,-0.32704596185,1,0,1.0066330022943,0
"n087_r048",87,48,"v2_cohort_posterior_hazard","censored","sigma_y",1.7970281149,1.692879175725,0.104148939175,1,0,1.0066330022943,0
"n087_r048",87,48,"v2_cohort_posterior_hazard","exact","beta1",-2.72481081165,-3.233727302575,0.508916490925,1,0,1.00483070631788,0
"n087_r048",87,48,"v2_cohort_posterior_hazard","exact","tau1",0.91063717291,2.22407458715,-1.31343741424,0,0,1.00483070631788,0
"n087_r048",87,48,"v2_cohort_posterior_hazard","exact","sigma_y",1.34161516695,1.692879175725,-0.351264008775,0,0,1.00483070631788,0
"n087_r049",87,49,"v2_cohort_posterior_hazard","censored","beta1",-2.8871286576,-3.233727302575,0.346598644975,1,0,1.0037038160106,0
"n087_r049",87,49,"v2_cohort_posterior_hazard","censored","tau1",2.5516375022,2.22407458715,0.32756291505,1,0,1.0037038160106,0
"n087_r049",87,49,"v2_cohort_posterior_hazard","censored","sigma_y",1.7627479186,1.692879175725,0.069868742875,1,0,1.0037038160106,0
"n087_r049",87,49,"v2_cohort_posterior_hazard","exact","beta1",-2.33998348615,-3.233727302575,0.893743816425,0,0,1.00561609070902,0
"n087_r049",87,49,"v2_cohort_posterior_hazard","exact","tau1",1.036873851795,2.22407458715,-1.187200735355,0,0,1.00561609070902,0
"n087_r049",87,49,"v2_cohort_posterior_hazard","exact","sigma_y",1.298867495,1.692879175725,-0.394011680725,0,0,1.00561609070902,0
"n087_r050",87,50,"v2_cohort_posterior_hazard","censored","beta1",-2.53732784501,-3.233727302575,0.696399457565,1,0,1.00529085444987,0
"n087_r050",87,50,"v2_cohort_posterior_hazard","censored","tau1",1.9718809286,2.22407458715,-0.25219365855,1,0,1.00529085444987,0
"n087_r050",87,50,"v2_cohort_posterior_hazard","censored","sigma_y",1.64416477175,1.692879175725,-0.0487144039749998,1,0,1.00529085444987,0
"n087_r050",87,50,"v2_cohort_posterior_hazard","exact","beta1",-2.1882162136,-3.233727302575,1.045511088975,0,0,1.0051626679185,0
"n087_r050",87,50,"v2_cohort_posterior_hazard","exact","tau1",0.97191838033,2.22407458715,-1.25215620682,0,0,1.0051626679185,0
"n087_r050",87,50,"v2_cohort_posterior_hazard","exact","sigma_y",1.2321779078,1.692879175725,-0.460701267925,0,0,1.0051626679185,0
"n087_r051",87,51,"v2_cohort_posterior_hazard","censored","beta1",-3.04122272245,-3.233727302575,0.192504580125,1,0,1.00316651548928,0
"n087_r051",87,51,"v2_cohort_posterior_hazard","censored","tau1",2.17645420155,2.22407458715,-0.0476203856000001,1,0,1.00316651548928,0
"n087_r051",87,51,"v2_cohort_posterior_hazard","censored","sigma_y",1.650826565,1.692879175725,-0.0420526107249999,1,0,1.00316651548928,0
"n087_r051",87,51,"v2_cohort_posterior_hazard","exact","beta1",-3.0392835574,-3.233727302575,0.194443745175,1,0,1.00450439458955,0
"n087_r051",87,51,"v2_cohort_posterior_hazard","exact","tau1",1.22194352617,2.22407458715,-1.00213106098,0,0,1.00450439458955,0
"n087_r051",87,51,"v2_cohort_posterior_hazard","exact","sigma_y",1.2686627659,1.692879175725,-0.424216409825,0,0,1.00450439458955,0
"n087_r052",87,52,"v2_cohort_posterior_hazard","censored","beta1",-2.2971330957,-3.233727302575,0.936594206875,1,0,1.01214352072414,0
"n087_r052",87,52,"v2_cohort_posterior_hazard","censored","tau1",2.8882161099,2.22407458715,0.66414152275,0,0,1.01214352072414,0
"n087_r052",87,52,"v2_cohort_posterior_hazard","censored","sigma_y",1.63913096435,1.692879175725,-0.0537482113749999,1,0,1.01214352072414,0
"n087_r052",87,52,"v2_cohort_posterior_hazard","exact","beta1",-1.91253287538,-3.233727302575,1.321194427195,0,0,1.00406726113536,0
"n087_r052",87,52,"v2_cohort_posterior_hazard","exact","tau1",1.417022096315,2.22407458715,-0.807052490835,0,0,1.00406726113536,0
"n087_r052",87,52,"v2_cohort_posterior_hazard","exact","sigma_y",1.2344914482,1.692879175725,-0.458387727525,0,0,1.00406726113536,0
"n087_r053",87,53,"v2_cohort_posterior_hazard","censored","beta1",-2.5267037814,-3.233727302575,0.707023521175,1,0,1.00881693473515,0
"n087_r053",87,53,"v2_cohort_posterior_hazard","censored","tau1",2.08764269565,2.22407458715,-0.1364318915,1,0,1.00881693473515,0
"n087_r053",87,53,"v2_cohort_posterior_hazard","censored","sigma_y",1.71924042855,1.692879175725,0.0263612528250001,1,0,1.00881693473515,0
"n087_r053",87,53,"v2_cohort_posterior_hazard","exact","beta1",-2.17413655025,-3.233727302575,1.059590752325,0,0,1.00215996136999,0
"n087_r053",87,53,"v2_cohort_posterior_hazard","exact","tau1",0.90682962331,2.22407458715,-1.31724496384,0,0,1.00215996136999,0
"n087_r053",87,53,"v2_cohort_posterior_hazard","exact","sigma_y",1.2343569106,1.692879175725,-0.458522265125,0,0,1.00215996136999,0
"n087_r054",87,54,"v2_cohort_posterior_hazard","censored","beta1",-3.06210718125,-3.233727302575,0.171620121325,1,0,1.00352078961604,0
"n087_r054",87,54,"v2_cohort_posterior_hazard","censored","tau1",2.1182992633,2.22407458715,-0.10577532385,1,0,1.00352078961604,0
"n087_r054",87,54,"v2_cohort_posterior_hazard","censored","sigma_y",1.674392542,1.692879175725,-0.0184866337249998,1,0,1.00352078961604,0
"n087_r054",87,54,"v2_cohort_posterior_hazard","exact","beta1",-2.57604151305,-3.233727302575,0.657685789525,1,0,1.01039544417977,0
"n087_r054",87,54,"v2_cohort_posterior_hazard","exact","tau1",0.90308976915,2.22407458715,-1.320984818,0,0,1.01039544417977,0
"n087_r054",87,54,"v2_cohort_posterior_hazard","exact","sigma_y",1.23006935945,1.692879175725,-0.462809816275,0,0,1.01039544417977,0
"n087_r055",87,55,"v2_cohort_posterior_hazard","censored","beta1",-2.249878777905,-3.233727302575,0.98384852467,0,0,1.0034019257869,0
"n087_r055",87,55,"v2_cohort_posterior_hazard","censored","tau1",2.86194496225,2.22407458715,0.6378703751,0,0,1.0034019257869,0
"n087_r055",87,55,"v2_cohort_posterior_hazard","censored","sigma_y",1.61851974635,1.692879175725,-0.0743594293749998,1,0,1.0034019257869,0
"n087_r055",87,55,"v2_cohort_posterior_hazard","exact","beta1",-2.09038041645,-3.233727302575,1.143346886125,0,0,1.0047341586531,0
"n087_r055",87,55,"v2_cohort_posterior_hazard","exact","tau1",1.358729171195,2.22407458715,-0.865345415955,0,0,1.0047341586531,0
"n087_r055",87,55,"v2_cohort_posterior_hazard","exact","sigma_y",1.19647516775,1.692879175725,-0.496404007975,0,0,1.0047341586531,0
"n087_r056",87,56,"v2_cohort_posterior_hazard","censored","beta1",-2.298956916955,-3.233727302575,0.93477038562,0,0,1.00965198695624,0
"n087_r056",87,56,"v2_cohort_posterior_hazard","censored","tau1",2.2936951577,2.22407458715,0.0696205705500001,1,0,1.00965198695624,0
"n087_r056",87,56,"v2_cohort_posterior_hazard","censored","sigma_y",1.65263956215,1.692879175725,-0.0402396135749998,1,0,1.00965198695624,0
"n087_r056",87,56,"v2_cohort_posterior_hazard","exact","beta1",-1.748886700815,-3.233727302575,1.48484060176,0,0,1.00431868998293,0
"n087_r056",87,56,"v2_cohort_posterior_hazard","exact","tau1",1.07696629403,2.22407458715,-1.14710829312,0,0,1.00431868998293,0
"n087_r056",87,56,"v2_cohort_posterior_hazard","exact","sigma_y",1.2443490158,1.692879175725,-0.448530159925,0,0,1.00431868998293,0
"n087_r057",87,57,"v2_cohort_posterior_hazard","censored","beta1",-2.9646174199,-3.233727302575,0.269109882675,1,0,1.00680985885006,0
"n087_r057",87,57,"v2_cohort_posterior_hazard","censored","tau1",1.9160284861,2.22407458715,-0.30804610105,1,0,1.00680985885006,0
"n087_r057",87,57,"v2_cohort_posterior_hazard","censored","sigma_y",1.68890984355,1.692879175725,-0.00396933217499984,1,0,1.00680985885006,0
"n087_r057",87,57,"v2_cohort_posterior_hazard","exact","beta1",-2.7901733719,-3.233727302575,0.443553930675,1,0,1.00659515964013,0
"n087_r057",87,57,"v2_cohort_posterior_hazard","exact","tau1",1.18638354332,2.22407458715,-1.03769104383,0,0,1.00659515964013,0
"n087_r057",87,57,"v2_cohort_posterior_hazard","exact","sigma_y",1.306897746,1.692879175725,-0.385981429725,0,0,1.00659515964013,0
"n087_r058",87,58,"v2_cohort_posterior_hazard","censored","beta1",-2.52502491947,-3.233727302575,0.708702383105,1,0,1.00458427342459,0
"n087_r058",87,58,"v2_cohort_posterior_hazard","censored","tau1",2.84218350165,2.22407458715,0.6181089145,0,0,1.00458427342459,0
"n087_r058",87,58,"v2_cohort_posterior_hazard","censored","sigma_y",1.6793905387,1.692879175725,-0.0134886370249998,1,0,1.00458427342459,0
"n087_r058",87,58,"v2_cohort_posterior_hazard","exact","beta1",-2.1111313309,-3.233727302575,1.122595971675,0,0,1.00579606738691,0
"n087_r058",87,58,"v2_cohort_posterior_hazard","exact","tau1",1.5083479156,2.22407458715,-0.71572667155,0,0,1.00579606738691,0
"n087_r058",87,58,"v2_cohort_posterior_hazard","exact","sigma_y",1.2477993317,1.692879175725,-0.445079844025,0,0,1.00579606738691,0
"n087_r059",87,59,"v2_cohort_posterior_hazard","censored","beta1",-3.33277047765,-3.233727302575,-0.0990431750749998,1,0,1.00428058633332,0
"n087_r059",87,59,"v2_cohort_posterior_hazard","censored","tau1",1.9511904322,2.22407458715,-0.27288415495,1,0,1.00428058633332,0
"n087_r059",87,59,"v2_cohort_posterior_hazard","censored","sigma_y",1.6631956422,1.692879175725,-0.0296835335249999,1,0,1.00428058633332,0
"n087_r059",87,59,"v2_cohort_posterior_hazard","exact","beta1",-2.9220616761,-3.233727302575,0.311665626475,1,0,1.00512589929289,0
"n087_r059",87,59,"v2_cohort_posterior_hazard","exact","tau1",0.67565775658,2.22407458715,-1.54841683057,0,0,1.00512589929289,0
"n087_r059",87,59,"v2_cohort_posterior_hazard","exact","sigma_y",1.1878729339,1.692879175725,-0.505006241825,0,0,1.00512589929289,0
"n087_r060",87,60,"v2_cohort_posterior_hazard","censored","beta1",-2.8207053933,-3.233727302575,0.413021909275,1,0,1.00422715152334,0
"n087_r060",87,60,"v2_cohort_posterior_hazard","censored","tau1",2.036835413,2.22407458715,-0.18723917415,1,0,1.00422715152334,0
"n087_r060",87,60,"v2_cohort_posterior_hazard","censored","sigma_y",1.69693975185,1.692879175725,0.0040605761250001,1,0,1.00422715152334,0
"n087_r060",87,60,"v2_cohort_posterior_hazard","exact","beta1",-2.54476041805,-3.233727302575,0.688966884525,0,0,1.00235592177941,0
"n087_r060",87,60,"v2_cohort_posterior_hazard","exact","tau1",1.080323478595,2.22407458715,-1.143751108555,0,0,1.00235592177941,0
"n087_r060",87,60,"v2_cohort_posterior_hazard","exact","sigma_y",1.19975676755,1.692879175725,-0.493122408175,0,0,1.00235592177941,0
"n087_r061",87,61,"v2_cohort_posterior_hazard","censored","beta1",-2.334831856095,-3.233727302575,0.89889544648,0,0,1.00346286314912,0
"n087_r061",87,61,"v2_cohort_posterior_hazard","censored","tau1",2.64548590765,2.22407458715,0.4214113205,1,0,1.00346286314912,0
"n087_r061",87,61,"v2_cohort_posterior_hazard","censored","sigma_y",1.63691101555,1.692879175725,-0.0559681601749999,1,0,1.00346286314912,0
"n087_r061",87,61,"v2_cohort_posterior_hazard","exact","beta1",-2.07668716538,-3.233727302575,1.157040137195,0,0,1.00235386110591,0
"n087_r061",87,61,"v2_cohort_posterior_hazard","exact","tau1",1.398287173285,2.22407458715,-0.825787413865,0,0,1.00235386110591,0
"n087_r061",87,61,"v2_cohort_posterior_hazard","exact","sigma_y",1.26916271595,1.692879175725,-0.423716459775,0,0,1.00235386110591,0
"n087_r062",87,62,"v2_cohort_posterior_hazard","censored","beta1",-2.66564951405,-3.233727302575,0.568077788525,1,0,1.00520921960649,0
"n087_r062",87,62,"v2_cohort_posterior_hazard","censored","tau1",2.18575369885,2.22407458715,-0.0383208882999999,1,0,1.00520921960649,0
"n087_r062",87,62,"v2_cohort_posterior_hazard","censored","sigma_y",1.67833339925,1.692879175725,-0.0145457764749999,1,0,1.00520921960649,0
"n087_r062",87,62,"v2_cohort_posterior_hazard","exact","beta1",-2.4137381893,-3.233727302575,0.819989113275,0,0,1.00419666598838,0
"n087_r062",87,62,"v2_cohort_posterior_hazard","exact","tau1",0.969284504375,2.22407458715,-1.254790082775,0,0,1.00419666598838,0
"n087_r062",87,62,"v2_cohort_posterior_hazard","exact","sigma_y",1.27584225115,1.692879175725,-0.417036924575,0,0,1.00419666598838,0
"n087_r063",87,63,"v2_cohort_posterior_hazard","censored","beta1",-2.7211627397,-3.233727302575,0.512564562875,1,0,1.00393710534898,0
"n087_r063",87,63,"v2_cohort_posterior_hazard","censored","tau1",2.1548812266,2.22407458715,-0.0691933605499999,1,0,1.00393710534898,0
"n087_r063",87,63,"v2_cohort_posterior_hazard","censored","sigma_y",1.58839912205,1.692879175725,-0.104480053675,1,0,1.00393710534898,0
"n087_r063",87,63,"v2_cohort_posterior_hazard","exact","beta1",-2.36402466395,-3.233727302575,0.869702638625,0,0,1.00453995380216,0
"n087_r063",87,63,"v2_cohort_posterior_hazard","exact","tau1",1.10141269314,2.22407458715,-1.12266189401,0,0,1.00453995380216,0
"n087_r063",87,63,"v2_cohort_posterior_hazard","exact","sigma_y",1.1646365675,1.692879175725,-0.528242608225,0,0,1.00453995380216,0
"n087_r064",87,64,"v2_cohort_posterior_hazard","censored","beta1",-2.437312078195,-3.233727302575,0.79641522438,1,0,1.00448974415363,0
"n087_r064",87,64,"v2_cohort_posterior_hazard","censored","tau1",2.4378723161,2.22407458715,0.21379772895,1,0,1.00448974415363,0
"n087_r064",87,64,"v2_cohort_posterior_hazard","censored","sigma_y",1.7216582022,1.692879175725,0.0287790264750001,1,0,1.00448974415363,0
"n087_r064",87,64,"v2_cohort_posterior_hazard","exact","beta1",-2.071497462675,-3.233727302575,1.1622298399,0,0,1.0024965161051,0
"n087_r064",87,64,"v2_cohort_posterior_hazard","exact","tau1",1.08138022059,2.22407458715,-1.14269436656,0,0,1.0024965161051,0
"n087_r064",87,64,"v2_cohort_posterior_hazard","exact","sigma_y",1.3320727379,1.692879175725,-0.360806437825,0,0,1.0024965161051,0
"n087_r065",87,65,"v2_cohort_posterior_hazard","censored","beta1",-2.50102860357,-3.233727302575,0.732698699005,1,0,1.0076587540329,0
"n087_r065",87,65,"v2_cohort_posterior_hazard","censored","tau1",2.58004325205,2.22407458715,0.3559686649,1,0,1.0076587540329,0
"n087_r065",87,65,"v2_cohort_posterior_hazard","censored","sigma_y",1.7058866553,1.692879175725,0.0130074795750001,1,0,1.0076587540329,0
"n087_r065",87,65,"v2_cohort_posterior_hazard","exact","beta1",-2.5295730987,-3.233727302575,0.704154203875,0,0,1.00335132794337,0
"n087_r065",87,65,"v2_cohort_posterior_hazard","exact","tau1",1.305828449285,2.22407458715,-0.918246137865,0,0,1.00335132794337,0
"n087_r065",87,65,"v2_cohort_posterior_hazard","exact","sigma_y",1.28757552105,1.692879175725,-0.405303654675,0,0,1.00335132794337,0
"n087_r066",87,66,"v2_cohort_posterior_hazard","censored","beta1",-2.64464351605,-3.233727302575,0.589083786525,1,0,1.00413383720259,0
"n087_r066",87,66,"v2_cohort_posterior_hazard","censored","tau1",2.3245553409,2.22407458715,0.10048075375,1,0,1.00413383720259,0
"n087_r066",87,66,"v2_cohort_posterior_hazard","censored","sigma_y",1.75154465705,1.692879175725,0.058665481325,1,0,1.00413383720259,0
"n087_r066",87,66,"v2_cohort_posterior_hazard","exact","beta1",-2.37222813845,-3.233727302575,0.861499164125,0,0,1.00623949782706,0
"n087_r066",87,66,"v2_cohort_posterior_hazard","exact","tau1",1.33007409572,2.22407458715,-0.89400049143,0,0,1.00623949782706,0
"n087_r066",87,66,"v2_cohort_posterior_hazard","exact","sigma_y",1.3456284461,1.692879175725,-0.347250729625,0,0,1.00623949782706,0
"n087_r067",87,67,"v2_cohort_posterior_hazard","censored","beta1",-2.22102659451,-3.233727302575,1.012700708065,0,0,1.00448832187772,0
"n087_r067",87,67,"v2_cohort_posterior_hazard","censored","tau1",2.3852753135,2.22407458715,0.16120072635,1,0,1.00448832187772,0
"n087_r067",87,67,"v2_cohort_posterior_hazard","censored","sigma_y",1.63228148065,1.692879175725,-0.060597695075,1,0,1.00448832187772,0
"n087_r067",87,67,"v2_cohort_posterior_hazard","exact","beta1",-1.942852292335,-3.233727302575,1.29087501024,0,0,1.00453205244838,0
"n087_r067",87,67,"v2_cohort_posterior_hazard","exact","tau1",1.31960169654,2.22407458715,-0.90447289061,0,0,1.00453205244838,0
"n087_r067",87,67,"v2_cohort_posterior_hazard","exact","sigma_y",1.29061731445,1.692879175725,-0.402261861275,0,0,1.00453205244838,0
"n087_r068",87,68,"v2_cohort_posterior_hazard","censored","beta1",-2.180931784755,-3.233727302575,1.05279551782,0,0,1.00726500855639,0
"n087_r068",87,68,"v2_cohort_posterior_hazard","censored","tau1",2.52624731915,2.22407458715,0.302172732,1,0,1.00726500855639,0
"n087_r068",87,68,"v2_cohort_posterior_hazard","censored","sigma_y",1.64350881295,1.692879175725,-0.049370362775,1,0,1.00726500855639,0
"n087_r068",87,68,"v2_cohort_posterior_hazard","exact","beta1",-1.834394577645,-3.233727302575,1.39933272493,0,0,1.00301402686004,0
"n087_r068",87,68,"v2_cohort_posterior_hazard","exact","tau1",1.11071256658,2.22407458715,-1.11336202057,0,0,1.00301402686004,0
"n087_r068",87,68,"v2_cohort_posterior_hazard","exact","sigma_y",1.2520708337,1.692879175725,-0.440808342025,0,0,1.00301402686004,0
"n087_r069",87,69,"v2_cohort_posterior_hazard","censored","beta1",-2.8477673129,-3.233727302575,0.385959989675,1,0,1.00405357448701,0
"n087_r069",87,69,"v2_cohort_posterior_hazard","censored","tau1",2.3972469346,2.22407458715,0.17317234745,1,0,1.00405357448701,0
"n087_r069",87,69,"v2_cohort_posterior_hazard","censored","sigma_y",1.7722342776,1.692879175725,0.0793551018750001,1,0,1.00405357448701,0
"n087_r069",87,69,"v2_cohort_posterior_hazard","exact","beta1",-2.75147520515,-3.233727302575,0.482252097425,1,0,1.0045132041868,0
"n087_r069",87,69,"v2_cohort_posterior_hazard","exact","tau1",1.19368540843,2.22407458715,-1.03038917872,0,0,1.0045132041868,0
"n087_r069",87,69,"v2_cohort_posterior_hazard","exact","sigma_y",1.34786510285,1.692879175725,-0.345014072875,0,0,1.0045132041868,0
"n087_r070",87,70,"v2_cohort_posterior_hazard","censored","beta1",-2.543888836365,-3.233727302575,0.68983846621,1,0,1.0094417982549,0
"n087_r070",87,70,"v2_cohort_posterior_hazard","censored","tau1",2.0506641181,2.22407458715,-0.17341046905,1,0,1.0094417982549,0
"n087_r070",87,70,"v2_cohort_posterior_hazard","censored","sigma_y",1.64889263295,1.692879175725,-0.0439865427749999,1,0,1.0094417982549,0
"n087_r070",87,70,"v2_cohort_posterior_hazard","exact","beta1",-2.264805010955,-3.233727302575,0.96892229162,0,0,1.00444400921017,0
"n087_r070",87,70,"v2_cohort_posterior_hazard","exact","tau1",1.184224076495,2.22407458715,-1.039850510655,0,0,1.00444400921017,0
"n087_r070",87,70,"v2_cohort_posterior_hazard","exact","sigma_y",1.3531907452,1.692879175725,-0.339688430525,0,0,1.00444400921017,0
"n087_r071",87,71,"v2_cohort_posterior_hazard","censored","beta1",-2.48019877888,-3.233727302575,0.753528523695,1,0,1.00411892248472,0
"n087_r071",87,71,"v2_cohort_posterior_hazard","censored","tau1",2.1157750578,2.22407458715,-0.10829952935,1,0,1.00411892248472,0
"n087_r071",87,71,"v2_cohort_posterior_hazard","censored","sigma_y",1.58451673735,1.692879175725,-0.108362438375,1,0,1.00411892248472,0
"n087_r071",87,71,"v2_cohort_posterior_hazard","exact","beta1",-2.1600140408,-3.233727302575,1.073713261775,0,0,1.0063777221081,0
"n087_r071",87,71,"v2_cohort_posterior_hazard","exact","tau1",1.042682754705,2.22407458715,-1.181391832445,0,0,1.0063777221081,0
"n087_r071",87,71,"v2_cohort_posterior_hazard","exact","sigma_y",1.26730326375,1.692879175725,-0.425575911975,0,0,1.0063777221081,0
"n087_r072",87,72,"v2_cohort_posterior_hazard","censored","beta1",-2.5795751622,-3.233727302575,0.654152140375,1,0,1.00451091813482,0
"n087_r072",87,72,"v2_cohort_posterior_hazard","censored","tau1",1.9952559108,2.22407458715,-0.22881867635,1,0,1.00451091813482,0
"n087_r072",87,72,"v2_cohort_posterior_hazard","censored","sigma_y",1.6274982444,1.692879175725,-0.065380931325,1,0,1.00451091813482,0
"n087_r072",87,72,"v2_cohort_posterior_hazard","exact","beta1",-2.26045646685,-3.233727302575,0.973270835725,0,0,1.00314696444904,0
"n087_r072",87,72,"v2_cohort_posterior_hazard","exact","tau1",0.97013237456,2.22407458715,-1.25394221259,0,0,1.00314696444904,0
"n087_r072",87,72,"v2_cohort_posterior_hazard","exact","sigma_y",1.27457433745,1.692879175725,-0.418304838275,0,0,1.00314696444904,0
"n087_r073",87,73,"v2_cohort_posterior_hazard","exact","beta1",-2.058074641335,-3.233727302575,1.17565266124,0,0,1.00348037162522,0
"n087_r073",87,73,"v2_cohort_posterior_hazard","exact","tau1",0.713029348635,2.22407458715,-1.511045238515,0,0,1.00348037162522,0
"n087_r073",87,73,"v2_cohort_posterior_hazard","exact","sigma_y",1.3160981055,1.692879175725,-0.376781070225,0,0,1.00348037162522,0
"n087_r074",87,74,"v2_cohort_posterior_hazard","censored","beta1",-2.13234026474,-3.233727302575,1.101387037835,0,0,1.00225124503611,0
"n087_r074",87,74,"v2_cohort_posterior_hazard","censored","tau1",1.86202887705,2.22407458715,-0.3620457101,1,0,1.00225124503611,0
"n087_r074",87,74,"v2_cohort_posterior_hazard","censored","sigma_y",1.68178285765,1.692879175725,-0.0110963180749999,1,0,1.00225124503611,0
"n087_r074",87,74,"v2_cohort_posterior_hazard","exact","beta1",-1.93185732042,-3.233727302575,1.301869982155,0,0,1.00388240970722,0
"n087_r074",87,74,"v2_cohort_posterior_hazard","exact","tau1",0.950851053005,2.22407458715,-1.273223534145,0,0,1.00388240970722,0
"n087_r074",87,74,"v2_cohort_posterior_hazard","exact","sigma_y",1.30873334905,1.692879175725,-0.384145826675,0,0,1.00388240970722,0
"n087_r075",87,75,"v2_cohort_posterior_hazard","censored","beta1",-2.60380687865,-3.233727302575,0.629920423925,1,0,1.0060541607943,0
"n087_r075",87,75,"v2_cohort_posterior_hazard","censored","tau1",2.2369893372,2.22407458715,0.0129147500499998,1,0,1.0060541607943,0
"n087_r075",87,75,"v2_cohort_posterior_hazard","censored","sigma_y",1.69160725105,1.692879175725,-0.00127192467499992,1,0,1.0060541607943,0
"n087_r075",87,75,"v2_cohort_posterior_hazard","exact","beta1",-2.26999001,-3.233727302575,0.963737292575,0,0,1.00429434329572,0
"n087_r075",87,75,"v2_cohort_posterior_hazard","exact","tau1",1.01207417706,2.22407458715,-1.21200041009,0,0,1.00429434329572,0
"n087_r075",87,75,"v2_cohort_posterior_hazard","exact","sigma_y",1.25778294265,1.692879175725,-0.435096233075,0,0,1.00429434329572,0
"n087_r076",87,76,"v2_cohort_posterior_hazard","censored","beta1",-2.6704473522,-3.233727302575,0.563279950375,1,0,1.00472628886264,0
"n087_r076",87,76,"v2_cohort_posterior_hazard","censored","tau1",2.4943541772,2.22407458715,0.27027959005,1,0,1.00472628886264,0
"n087_r076",87,76,"v2_cohort_posterior_hazard","censored","sigma_y",1.7505002855,1.692879175725,0.0576211097750001,1,0,1.00472628886264,0
"n087_r076",87,76,"v2_cohort_posterior_hazard","exact","beta1",-2.61314175285,-3.233727302575,0.620585549725,1,0,1.00570395904734,0
"n087_r076",87,76,"v2_cohort_posterior_hazard","exact","tau1",1.150275171185,2.22407458715,-1.073799415965,0,0,1.00570395904734,0
"n087_r076",87,76,"v2_cohort_posterior_hazard","exact","sigma_y",1.2859978606,1.692879175725,-0.406881315125,0,0,1.00570395904734,0
"n087_r077",87,77,"v2_cohort_posterior_hazard","censored","beta1",-2.5838708502,-3.233727302575,0.649856452375,1,0,1.00335636933083,0
"n087_r077",87,77,"v2_cohort_posterior_hazard","censored","tau1",2.16980943475,2.22407458715,-0.0542651524000002,1,0,1.00335636933083,0
"n087_r077",87,77,"v2_cohort_posterior_hazard","censored","sigma_y",1.63993646035,1.692879175725,-0.0529427153749999,1,0,1.00335636933083,0
"n087_r077",87,77,"v2_cohort_posterior_hazard","exact","beta1",-2.2549818261,-3.233727302575,0.978745476475,0,0,1.00740013599466,0
"n087_r077",87,77,"v2_cohort_posterior_hazard","exact","tau1",0.89363423445,2.22407458715,-1.3304403527,0,0,1.00740013599466,0
"n087_r077",87,77,"v2_cohort_posterior_hazard","exact","sigma_y",1.214727026,1.692879175725,-0.478152149725,0,0,1.00740013599466,0
"n087_r078",87,78,"v2_cohort_posterior_hazard","censored","beta1",-2.7988028998,-3.233727302575,0.434924402775,1,0,1.00321111606321,0
"n087_r078",87,78,"v2_cohort_posterior_hazard","censored","tau1",2.4633664346,2.22407458715,0.23929184745,1,0,1.00321111606321,0
"n087_r078",87,78,"v2_cohort_posterior_hazard","censored","sigma_y",1.6631162315,1.692879175725,-0.0297629442249998,1,0,1.00321111606321,0
"n087_r078",87,78,"v2_cohort_posterior_hazard","exact","beta1",-2.52284253665,-3.233727302575,0.710884765925,0,0,1.00246698311013,0
"n087_r078",87,78,"v2_cohort_posterior_hazard","exact","tau1",1.32832929521,2.22407458715,-0.89574529194,0,0,1.00246698311013,0
"n087_r078",87,78,"v2_cohort_posterior_hazard","exact","sigma_y",1.19997494185,1.692879175725,-0.492904233875,0,0,1.00246698311013,0
"n087_r079",87,79,"v2_cohort_posterior_hazard","censored","beta1",-2.9279032415,-3.233727302575,0.305824061075,1,0,1.00739710018119,0
"n087_r079",87,79,"v2_cohort_posterior_hazard","censored","tau1",2.1449674172,2.22407458715,-0.0791071699499999,1,0,1.00739710018119,0
"n087_r079",87,79,"v2_cohort_posterior_hazard","censored","sigma_y",1.6519943342,1.692879175725,-0.0408848415249998,1,0,1.00739710018119,0
"n087_r079",87,79,"v2_cohort_posterior_hazard","exact","beta1",-2.4582016731,-3.233727302575,0.775525629475,0,0,1.00905277868283,0
"n087_r079",87,79,"v2_cohort_posterior_hazard","exact","tau1",1.236029096605,2.22407458715,-0.988045490545,0,0,1.00905277868283,0
"n087_r079",87,79,"v2_cohort_posterior_hazard","exact","sigma_y",1.2812632562,1.692879175725,-0.411615919525,0,0,1.00905277868283,0
"n087_r080",87,80,"v2_cohort_posterior_hazard","censored","beta1",-2.5753895502,-3.233727302575,0.658337752375,1,0,1.01206304115673,0
"n087_r080",87,80,"v2_cohort_posterior_hazard","censored","tau1",2.4796980857,2.22407458715,0.25562349855,1,0,1.01206304115673,0
"n087_r080",87,80,"v2_cohort_posterior_hazard","censored","sigma_y",1.6744765247,1.692879175725,-0.0184026510249999,1,0,1.01206304115673,0
"n087_r080",87,80,"v2_cohort_posterior_hazard","exact","beta1",-2.4939520451,-3.233727302575,0.739775257475,0,0,1.00411381050855,0
"n087_r080",87,80,"v2_cohort_posterior_hazard","exact","tau1",1.26460264101,2.22407458715,-0.95947194614,0,0,1.00411381050855,0
"n087_r080",87,80,"v2_cohort_posterior_hazard","exact","sigma_y",1.27702700305,1.692879175725,-0.415852172675,0,0,1.00411381050855,0
"n087_r081",87,81,"v2_cohort_posterior_hazard","censored","beta1",-2.57460399802,-3.233727302575,0.659123304555,1,0,1.0050169498299,0
"n087_r081",87,81,"v2_cohort_posterior_hazard","censored","tau1",2.0254063397,2.22407458715,-0.19866824745,1,0,1.0050169498299,0
"n087_r081",87,81,"v2_cohort_posterior_hazard","censored","sigma_y",1.6468483589,1.692879175725,-0.0460308168249999,1,0,1.0050169498299,0
"n087_r081",87,81,"v2_cohort_posterior_hazard","exact","beta1",-2.2557250005,-3.233727302575,0.978002302075,0,0,1.00522582362145,0
"n087_r081",87,81,"v2_cohort_posterior_hazard","exact","tau1",0.98709926311,2.22407458715,-1.23697532404,0,0,1.00522582362145,0
"n087_r081",87,81,"v2_cohort_posterior_hazard","exact","sigma_y",1.27650494315,1.692879175725,-0.416374232575,0,0,1.00522582362145,0
"n087_r082",87,82,"v2_cohort_posterior_hazard","censored","beta1",-2.36742587383,-3.233727302575,0.866301428745,1,0,1.01782724862865,0
"n087_r082",87,82,"v2_cohort_posterior_hazard","censored","tau1",2.2985479247,2.22407458715,0.0744733375499997,1,0,1.01782724862865,0
"n087_r082",87,82,"v2_cohort_posterior_hazard","censored","sigma_y",1.77484022975,1.692879175725,0.0819610540250002,1,0,1.01782724862865,0
"n087_r082",87,82,"v2_cohort_posterior_hazard","exact","beta1",-2.0762275174,-3.233727302575,1.157499785175,0,0,1.00560119258583,0
"n087_r082",87,82,"v2_cohort_posterior_hazard","exact","tau1",0.995772622275,2.22407458715,-1.228301964875,0,0,1.00560119258583,0
"n087_r082",87,82,"v2_cohort_posterior_hazard","exact","sigma_y",1.3755771398,1.692879175725,-0.317302035925,0,0,1.00560119258583,0
"n087_r083",87,83,"v2_cohort_posterior_hazard","censored","beta1",-2.15709193132,-3.233727302575,1.076635371255,0,0,1.00481675693954,0
"n087_r083",87,83,"v2_cohort_posterior_hazard","censored","tau1",2.62855918295,2.22407458715,0.4044845958,1,0,1.00481675693954,0
"n087_r083",87,83,"v2_cohort_posterior_hazard","censored","sigma_y",1.6598677531,1.692879175725,-0.033011422625,1,0,1.00481675693954,0
"n087_r083",87,83,"v2_cohort_posterior_hazard","exact","beta1",-1.986705817635,-3.233727302575,1.24702148494,0,0,1.00618961340595,0
"n087_r083",87,83,"v2_cohort_posterior_hazard","exact","tau1",1.39440361121,2.22407458715,-0.82967097594,0,0,1.00618961340595,0
"n087_r083",87,83,"v2_cohort_posterior_hazard","exact","sigma_y",1.19547573545,1.692879175725,-0.497403440275,0,0,1.00618961340595,0
"n087_r084",87,84,"v2_cohort_posterior_hazard","censored","beta1",-2.55917991765,-3.233727302575,0.674547384925,1,0,1.00433804444224,0
"n087_r084",87,84,"v2_cohort_posterior_hazard","censored","tau1",2.46866255535,2.22407458715,0.2445879682,1,0,1.00433804444224,0
"n087_r084",87,84,"v2_cohort_posterior_hazard","censored","sigma_y",1.67062116435,1.692879175725,-0.0222580113749999,1,0,1.00433804444224,0
"n087_r084",87,84,"v2_cohort_posterior_hazard","exact","beta1",-2.23661837775,-3.233727302575,0.997108924825,0,0,1.0034944965718,0
"n087_r084",87,84,"v2_cohort_posterior_hazard","exact","tau1",1.12339245684,2.22407458715,-1.10068213031,0,0,1.0034944965718,0
"n087_r084",87,84,"v2_cohort_posterior_hazard","exact","sigma_y",1.2287210217,1.692879175725,-0.464158154025,0,0,1.0034944965718,0
"n087_r085",87,85,"v2_cohort_posterior_hazard","censored","beta1",-2.187308105325,-3.233727302575,1.04641919725,0,0,1.00346994428301,0
"n087_r085",87,85,"v2_cohort_posterior_hazard","censored","tau1",2.2031198846,2.22407458715,-0.0209547025500001,1,0,1.00346994428301,0
"n087_r085",87,85,"v2_cohort_posterior_hazard","censored","sigma_y",1.65106581875,1.692879175725,-0.0418133569749999,1,0,1.00346994428301,0
"n087_r085",87,85,"v2_cohort_posterior_hazard","exact","beta1",-2.00198662915,-3.233727302575,1.231740673425,0,0,1.00420340265922,0
"n087_r085",87,85,"v2_cohort_posterior_hazard","exact","tau1",0.8602447392,2.22407458715,-1.36382984795,0,0,1.00420340265922,0
"n087_r085",87,85,"v2_cohort_posterior_hazard","exact","sigma_y",1.2449265355,1.692879175725,-0.447952640225,0,0,1.00420340265922,0
"n087_r086",87,86,"v2_cohort_posterior_hazard","censored","beta1",-2.32177211627,-3.233727302575,0.911955186305,0,0,1.00600879050836,0
"n087_r086",87,86,"v2_cohort_posterior_hazard","censored","tau1",1.95727641305,2.22407458715,-0.2667981741,1,0,1.00600879050836,0
"n087_r086",87,86,"v2_cohort_posterior_hazard","censored","sigma_y",1.67517549635,1.692879175725,-0.0177036793749998,1,0,1.00600879050836,0
"n087_r086",87,86,"v2_cohort_posterior_hazard","exact","beta1",-2.0650220822,-3.233727302575,1.168705220375,0,0,1.00359512067553,0
"n087_r086",87,86,"v2_cohort_posterior_hazard","exact","tau1",1.070978592775,2.22407458715,-1.153095994375,0,0,1.00359512067553,0
"n087_r086",87,86,"v2_cohort_posterior_hazard","exact","sigma_y",1.25054719505,1.692879175725,-0.442331980675,0,0,1.00359512067553,0
"n087_r087",87,87,"v2_cohort_posterior_hazard","censored","beta1",-3.18575308935,-3.233727302575,0.0479742132250003,1,0,1.00392859079354,0
"n087_r087",87,87,"v2_cohort_posterior_hazard","censored","tau1",2.42181291925,2.22407458715,0.1977383321,1,0,1.00392859079354,0
"n087_r087",87,87,"v2_cohort_posterior_hazard","censored","sigma_y",1.84864366655,1.692879175725,0.155764490825,0,0,1.00392859079354,0
"n087_r087",87,87,"v2_cohort_posterior_hazard","exact","beta1",-2.79231682575,-3.233727302575,0.441410476825,1,0,1.00369899087533,0
"n087_r087",87,87,"v2_cohort_posterior_hazard","exact","tau1",1.22104803875,2.22407458715,-1.0030265484,0,0,1.00369899087533,0
"n087_r087",87,87,"v2_cohort_posterior_hazard","exact","sigma_y",1.39293012295,1.692879175725,-0.299949052775,0,0,1.00369899087533,0
"n087_r088",87,88,"v2_cohort_posterior_hazard","censored","beta1",-2.434593026345,-3.233727302575,0.79913427623,1,0,1.00587898613999,0
"n087_r088",87,88,"v2_cohort_posterior_hazard","censored","tau1",1.78152725337,2.22407458715,-0.44254733378,1,0,1.00587898613999,0
"n087_r088",87,88,"v2_cohort_posterior_hazard","censored","sigma_y",1.6573033366,1.692879175725,-0.0355758391249998,1,0,1.00587898613999,0
"n087_r088",87,88,"v2_cohort_posterior_hazard","exact","beta1",-2.2143409362,-3.233727302575,1.019386366375,0,0,1.00604333896084,0
"n087_r088",87,88,"v2_cohort_posterior_hazard","exact","tau1",0.67111073348,2.22407458715,-1.55296385367,0,0,1.00604333896084,0
"n087_r088",87,88,"v2_cohort_posterior_hazard","exact","sigma_y",1.27513204815,1.692879175725,-0.417747127575,0,0,1.00604333896084,0
"n087_r089",87,89,"v2_cohort_posterior_hazard","censored","beta1",-2.387269695565,-3.233727302575,0.84645760701,1,0,1.00668117093472,0
"n087_r089",87,89,"v2_cohort_posterior_hazard","censored","tau1",2.3275386187,2.22407458715,0.10346403155,1,0,1.00668117093472,0
"n087_r089",87,89,"v2_cohort_posterior_hazard","censored","sigma_y",1.68333563905,1.692879175725,-0.00954353667499985,1,0,1.00668117093472,0
"n087_r089",87,89,"v2_cohort_posterior_hazard","exact","beta1",-2.1391066506,-3.233727302575,1.094620651975,0,0,1.00380076058521,0
"n087_r089",87,89,"v2_cohort_posterior_hazard","exact","tau1",1.17567486142,2.22407458715,-1.04839972573,0,0,1.00380076058521,0
"n087_r089",87,89,"v2_cohort_posterior_hazard","exact","sigma_y",1.259329123,1.692879175725,-0.433550052725,0,0,1.00380076058521,0
"n087_r090",87,90,"v2_cohort_posterior_hazard","censored","beta1",-2.168619969765,-3.233727302575,1.06510733281,0,0,1.00402591525199,0
"n087_r090",87,90,"v2_cohort_posterior_hazard","censored","tau1",1.9544006685,2.22407458715,-0.26967391865,1,0,1.00402591525199,0
"n087_r090",87,90,"v2_cohort_posterior_hazard","censored","sigma_y",1.681196827,1.692879175725,-0.011682348725,1,0,1.00402591525199,0
"n087_r090",87,90,"v2_cohort_posterior_hazard","exact","beta1",-1.978403888725,-3.233727302575,1.25532341385,0,0,1.0051023222432,0
"n087_r090",87,90,"v2_cohort_posterior_hazard","exact","tau1",1.12895345289,2.22407458715,-1.09512113426,0,0,1.0051023222432,0
"n087_r090",87,90,"v2_cohort_posterior_hazard","exact","sigma_y",1.25445544125,1.692879175725,-0.438423734475,0,0,1.0051023222432,0
"n087_r091",87,91,"v2_cohort_posterior_hazard","censored","beta1",-2.67684405735,-3.233727302575,0.556883245225,1,0,1.00660903845836,0
"n087_r091",87,91,"v2_cohort_posterior_hazard","censored","tau1",2.20019975105,2.22407458715,-0.0238748361000001,1,0,1.00660903845836,0
"n087_r091",87,91,"v2_cohort_posterior_hazard","censored","sigma_y",1.6846243066,1.692879175725,-0.00825486912499995,1,0,1.00660903845836,0
"n087_r091",87,91,"v2_cohort_posterior_hazard","exact","beta1",-2.279122314,-3.233727302575,0.954604988575,0,0,1.00815145594477,0
"n087_r091",87,91,"v2_cohort_posterior_hazard","exact","tau1",1.01883152373,2.22407458715,-1.20524306342,0,0,1.00815145594477,0
"n087_r091",87,91,"v2_cohort_posterior_hazard","exact","sigma_y",1.27223627115,1.692879175725,-0.420642904575,0,0,1.00815145594477,0
"n087_r092",87,92,"v2_cohort_posterior_hazard","censored","beta1",-2.7975597167,-3.233727302575,0.436167585875,1,0,1.00308584506434,0
"n087_r092",87,92,"v2_cohort_posterior_hazard","censored","tau1",2.36023163885,2.22407458715,0.1361570517,1,0,1.00308584506434,0
"n087_r092",87,92,"v2_cohort_posterior_hazard","censored","sigma_y",1.7283539134,1.692879175725,0.0354747376750002,1,0,1.00308584506434,0
"n087_r092",87,92,"v2_cohort_posterior_hazard","exact","beta1",-2.4722256643,-3.233727302575,0.761501638275,0,0,1.00721299850618,0
"n087_r092",87,92,"v2_cohort_posterior_hazard","exact","tau1",1.272893325275,2.22407458715,-0.951181261875,0,0,1.00721299850618,0
"n087_r092",87,92,"v2_cohort_posterior_hazard","exact","sigma_y",1.26643189475,1.692879175725,-0.426447280975,0,0,1.00721299850618,0
"n087_r093",87,93,"v2_cohort_posterior_hazard","censored","beta1",-2.55146200418,-3.233727302575,0.682265298395,1,0,1.00368470370411,0
"n087_r093",87,93,"v2_cohort_posterior_hazard","censored","tau1",2.5027020001,2.22407458715,0.27862741295,1,0,1.00368470370411,0
"n087_r093",87,93,"v2_cohort_posterior_hazard","censored","sigma_y",1.6992075416,1.692879175725,0.00632836587500019,1,0,1.00368470370411,0
"n087_r093",87,93,"v2_cohort_posterior_hazard","exact","beta1",-2.38494240965,-3.233727302575,0.848784892925,0,0,1.00471760787911,0
"n087_r093",87,93,"v2_cohort_posterior_hazard","exact","tau1",1.256392738245,2.22407458715,-0.967681848905,0,0,1.00471760787911,0
"n087_r093",87,93,"v2_cohort_posterior_hazard","exact","sigma_y",1.24666936165,1.692879175725,-0.446209814075,0,0,1.00471760787911,0
"n087_r094",87,94,"v2_cohort_posterior_hazard","censored","beta1",-2.46286149697,-3.233727302575,0.770865805605,1,0,1.00172733138809,0
"n087_r094",87,94,"v2_cohort_posterior_hazard","censored","tau1",2.34541173175,2.22407458715,0.1213371446,1,0,1.00172733138809,0
"n087_r094",87,94,"v2_cohort_posterior_hazard","censored","sigma_y",1.75142045445,1.692879175725,0.0585412787250001,1,0,1.00172733138809,0
"n087_r094",87,94,"v2_cohort_posterior_hazard","exact","beta1",-2.25470365155,-3.233727302575,0.979023651025,0,0,1.00354205031596,0
"n087_r094",87,94,"v2_cohort_posterior_hazard","exact","tau1",1.202299734655,2.22407458715,-1.021774852495,0,0,1.00354205031596,0
"n087_r094",87,94,"v2_cohort_posterior_hazard","exact","sigma_y",1.22467114475,1.692879175725,-0.468208030975,0,0,1.00354205031596,0
"n087_r095",87,95,"v2_cohort_posterior_hazard","censored","beta1",-2.57233037259,-3.233727302575,0.661396929985,1,0,1.00391561837594,0
"n087_r095",87,95,"v2_cohort_posterior_hazard","censored","tau1",2.50568550355,2.22407458715,0.2816109164,1,0,1.00391561837594,0
"n087_r095",87,95,"v2_cohort_posterior_hazard","censored","sigma_y",1.7092758689,1.692879175725,0.0163966931750001,1,0,1.00391561837594,0
"n087_r095",87,95,"v2_cohort_posterior_hazard","exact","beta1",-2.1053349539,-3.233727302575,1.128392348675,0,0,1.00496819192885,0
"n087_r095",87,95,"v2_cohort_posterior_hazard","exact","tau1",1.169092908985,2.22407458715,-1.054981678165,0,0,1.00496819192885,0
"n087_r095",87,95,"v2_cohort_posterior_hazard","exact","sigma_y",1.251122184,1.692879175725,-0.441756991725,0,0,1.00496819192885,0
"n087_r096",87,96,"v2_cohort_posterior_hazard","censored","beta1",-3.14541963995,-3.233727302575,0.0883076626250001,1,0,1.01080798812511,0
"n087_r096",87,96,"v2_cohort_posterior_hazard","censored","tau1",2.43138196135,2.22407458715,0.2073073742,1,0,1.01080798812511,0
"n087_r096",87,96,"v2_cohort_posterior_hazard","censored","sigma_y",1.77213371205,1.692879175725,0.0792545363250001,1,0,1.01080798812511,0
"n087_r096",87,96,"v2_cohort_posterior_hazard","exact","beta1",-3.10175547535,-3.233727302575,0.131971827225,1,0,1.00392199424188,0
"n087_r096",87,96,"v2_cohort_posterior_hazard","exact","tau1",1.2146044921,2.22407458715,-1.00947009505,0,0,1.00392199424188,0
"n087_r096",87,96,"v2_cohort_posterior_hazard","exact","sigma_y",1.3308352119,1.692879175725,-0.362043963825,0,0,1.00392199424188,0
"n087_r097",87,97,"v2_cohort_posterior_hazard","censored","beta1",-3.5630794396,-3.233727302575,-0.329352137025,1,0,1.00529513123141,0
"n087_r097",87,97,"v2_cohort_posterior_hazard","censored","tau1",2.51812144455,2.22407458715,0.2940468574,1,0,1.00529513123141,0
"n087_r097",87,97,"v2_cohort_posterior_hazard","censored","sigma_y",1.77163902125,1.692879175725,0.078759845525,1,0,1.00529513123141,0
"n087_r097",87,97,"v2_cohort_posterior_hazard","exact","beta1",-2.97627709335,-3.233727302575,0.257450209225,1,0,1.00318874491711,0
"n087_r097",87,97,"v2_cohort_posterior_hazard","exact","tau1",1.096268660755,2.22407458715,-1.127805926395,0,0,1.00318874491711,0
"n087_r097",87,97,"v2_cohort_posterior_hazard","exact","sigma_y",1.17415442225,1.692879175725,-0.518724753475,0,0,1.00318874491711,0
"n087_r098",87,98,"v2_cohort_posterior_hazard","censored","beta1",-2.049816960075,-3.233727302575,1.1839103425,0,0,1.01156067981007,0
"n087_r098",87,98,"v2_cohort_posterior_hazard","censored","tau1",2.2848035495,2.22407458715,0.0607289623499998,1,0,1.01156067981007,0
"n087_r098",87,98,"v2_cohort_posterior_hazard","censored","sigma_y",1.722503129,1.692879175725,0.029623953275,1,0,1.01156067981007,0
"n087_r098",87,98,"v2_cohort_posterior_hazard","exact","beta1",-1.840349831895,-3.233727302575,1.39337747068,0,0,1.00429164600353,0
"n087_r098",87,98,"v2_cohort_posterior_hazard","exact","tau1",1.028286442775,2.22407458715,-1.195788144375,0,0,1.00429164600353,0
"n087_r098",87,98,"v2_cohort_posterior_hazard","exact","sigma_y",1.3056874608,1.692879175725,-0.387191714925,0,0,1.00429164600353,0
"n087_r099",87,99,"v2_cohort_posterior_hazard","censored","beta1",-2.31601282734,-3.233727302575,0.917714475235,1,0,1.00895988708962,0
"n087_r099",87,99,"v2_cohort_posterior_hazard","censored","tau1",2.4297314158,2.22407458715,0.20565682865,1,0,1.00895988708962,0
"n087_r099",87,99,"v2_cohort_posterior_hazard","censored","sigma_y",1.72999425635,1.692879175725,0.037115080625,1,0,1.00895988708962,0
"n087_r099",87,99,"v2_cohort_posterior_hazard","exact","beta1",-2.05849510908,-3.233727302575,1.175232193495,0,0,1.01047225042546,0
"n087_r099",87,99,"v2_cohort_posterior_hazard","exact","tau1",1.11680084061,2.22407458715,-1.10727374654,0,0,1.01047225042546,0
"n087_r099",87,99,"v2_cohort_posterior_hazard","exact","sigma_y",1.28722525265,1.692879175725,-0.405653923075,0,0,1.01047225042546,0
"n087_r100",87,100,"v2_cohort_posterior_hazard","censored","beta1",-3.1321565912,-3.233727302575,0.101570711375,1,0,1.004864049364,0
"n087_r100",87,100,"v2_cohort_posterior_hazard","censored","tau1",2.6728708562,2.22407458715,0.44879626905,1,0,1.004864049364,0
"n087_r100",87,100,"v2_cohort_posterior_hazard","censored","sigma_y",1.6994340226,1.692879175725,0.00655484687500008,1,0,1.004864049364,0
"n087_r100",87,100,"v2_cohort_posterior_hazard","exact","beta1",-2.7869983749,-3.233727302575,0.446728927675,1,0,1.00426246929806,0
"n087_r100",87,100,"v2_cohort_posterior_hazard","exact","tau1",1.302436857435,2.22407458715,-0.921637729715,0,0,1.00426246929806,0
"n087_r100",87,100,"v2_cohort_posterior_hazard","exact","sigma_y",1.27597002905,1.692879175725,-0.416909146675,0,0,1.00426246929806,0
"n150_r001",150,1,"v2_cohort_posterior_hazard","censored","beta1",-3.08710339415,-3.233727302575,0.146623908425,1,0,1.00790374452054,0
"n150_r001",150,1,"v2_cohort_posterior_hazard","censored","tau1",2.15486348985,2.22407458715,-0.0692110973000002,1,0,1.00790374452054,0
"n150_r001",150,1,"v2_cohort_posterior_hazard","censored","sigma_y",1.7149455038,1.692879175725,0.0220663280750002,1,0,1.00790374452054,0
"n150_r001",150,1,"v2_cohort_posterior_hazard","exact","beta1",-2.80268676105,-3.233727302575,0.431040541525,1,0,1.00382788730623,0
"n150_r001",150,1,"v2_cohort_posterior_hazard","exact","tau1",1.10431708214,2.22407458715,-1.11975750501,0,0,1.00382788730623,0
"n150_r001",150,1,"v2_cohort_posterior_hazard","exact","sigma_y",1.30275940805,1.692879175725,-0.390119767675,0,0,1.00382788730623,0
"n150_r002",150,2,"v2_cohort_posterior_hazard","censored","beta1",-2.8160958204,-3.233727302575,0.417631482175,1,0,1.00250026201788,0
"n150_r002",150,2,"v2_cohort_posterior_hazard","censored","tau1",2.53478275045,2.22407458715,0.3107081633,1,0,1.00250026201788,0
"n150_r002",150,2,"v2_cohort_posterior_hazard","censored","sigma_y",1.7448687115,1.692879175725,0.051989535775,1,0,1.00250026201788,0
"n150_r002",150,2,"v2_cohort_posterior_hazard","exact","beta1",-2.4176335393,-3.233727302575,0.816093763275,0,0,1.00250804507449,0
"n150_r002",150,2,"v2_cohort_posterior_hazard","exact","tau1",1.36246803884,2.22407458715,-0.86160654831,0,0,1.00250804507449,0
"n150_r002",150,2,"v2_cohort_posterior_hazard","exact","sigma_y",1.30415385155,1.692879175725,-0.388725324175,0,0,1.00250804507449,0
"n150_r003",150,3,"v2_cohort_posterior_hazard","censored","beta1",-2.85968177435,-3.233727302575,0.374045528225,1,0,1.00453190082241,0
"n150_r003",150,3,"v2_cohort_posterior_hazard","censored","tau1",2.43612326705,2.22407458715,0.2120486799,1,0,1.00453190082241,0
"n150_r003",150,3,"v2_cohort_posterior_hazard","censored","sigma_y",1.65380963315,1.692879175725,-0.0390695425749998,1,0,1.00453190082241,0
"n150_r003",150,3,"v2_cohort_posterior_hazard","exact","beta1",-2.42289853285,-3.233727302575,0.810828769725,0,0,1.00501275346662,0
"n150_r003",150,3,"v2_cohort_posterior_hazard","exact","tau1",1.202379522395,2.22407458715,-1.021695064755,0,0,1.00501275346662,0
"n150_r003",150,3,"v2_cohort_posterior_hazard","exact","sigma_y",1.2662871621,1.692879175725,-0.426592013625,0,0,1.00501275346662,0
"n150_r004",150,4,"v2_cohort_posterior_hazard","censored","beta1",-2.8110251211,-3.233727302575,0.422702181475,1,0,1.00385582639283,0
"n150_r004",150,4,"v2_cohort_posterior_hazard","censored","tau1",2.21758590425,2.22407458715,-0.00648868290000015,1,0,1.00385582639283,0
"n150_r004",150,4,"v2_cohort_posterior_hazard","censored","sigma_y",1.70417115675,1.692879175725,0.0112919810250001,1,0,1.00385582639283,0
"n150_r004",150,4,"v2_cohort_posterior_hazard","exact","beta1",-2.5090550257,-3.233727302575,0.724672276875,0,0,1.00764283011293,0
"n150_r004",150,4,"v2_cohort_posterior_hazard","exact","tau1",1.02139147164,2.22407458715,-1.20268311551,0,0,1.00764283011293,0
"n150_r004",150,4,"v2_cohort_posterior_hazard","exact","sigma_y",1.27165408375,1.692879175725,-0.421225091975,0,0,1.00764283011293,0
"n150_r005",150,5,"v2_cohort_posterior_hazard","censored","beta1",-2.066761684825,-3.233727302575,1.16696561775,0,0,1.00581833938561,0
"n150_r005",150,5,"v2_cohort_posterior_hazard","censored","tau1",2.81880097715,2.22407458715,0.59472639,0,0,1.00581833938561,0
"n150_r005",150,5,"v2_cohort_posterior_hazard","censored","sigma_y",1.7147214762,1.692879175725,0.0218423004750001,1,0,1.00581833938561,0
"n150_r005",150,5,"v2_cohort_posterior_hazard","exact","beta1",-1.60816874442,-3.233727302575,1.625558558155,0,0,1.00572567488907,0
"n150_r005",150,5,"v2_cohort_posterior_hazard","exact","tau1",1.47224540595,2.22407458715,-0.7518291812,0,0,1.00572567488907,0
"n150_r005",150,5,"v2_cohort_posterior_hazard","exact","sigma_y",1.32334387135,1.692879175725,-0.369535304375,0,0,1.00572567488907,0
"n150_r006",150,6,"v2_cohort_posterior_hazard","censored","beta1",-2.61892477025,-3.233727302575,0.614802532325,1,0,1.00877487605945,0
"n150_r006",150,6,"v2_cohort_posterior_hazard","censored","tau1",2.0524488076,2.22407458715,-0.17162577955,1,0,1.00877487605945,0
"n150_r006",150,6,"v2_cohort_posterior_hazard","censored","sigma_y",1.75182468375,1.692879175725,0.0589455080250001,1,0,1.00877487605945,0
"n150_r006",150,6,"v2_cohort_posterior_hazard","exact","beta1",-2.22001110535,-3.233727302575,1.013716197225,0,0,1.00463511657157,0
"n150_r006",150,6,"v2_cohort_posterior_hazard","exact","tau1",0.9294684085,2.22407458715,-1.29460617865,0,0,1.00463511657157,0
"n150_r006",150,6,"v2_cohort_posterior_hazard","exact","sigma_y",1.28662848035,1.692879175725,-0.406250695375,0,0,1.00463511657157,0
"n150_r007",150,7,"v2_cohort_posterior_hazard","censored","beta1",-2.73284000915,-3.233727302575,0.500887293425,1,0,1.00876620445777,0
"n150_r007",150,7,"v2_cohort_posterior_hazard","censored","tau1",2.19876785405,2.22407458715,-0.0253067330999999,1,0,1.00876620445777,0
"n150_r007",150,7,"v2_cohort_posterior_hazard","censored","sigma_y",1.6846048292,1.692879175725,-0.00827434652499992,1,0,1.00876620445777,0
"n150_r007",150,7,"v2_cohort_posterior_hazard","exact","beta1",-2.5170883662,-3.233727302575,0.716638936375,0,0,1.00383552376635,0
"n150_r007",150,7,"v2_cohort_posterior_hazard","exact","tau1",1.11862304929,2.22407458715,-1.10545153786,0,0,1.00383552376635,0
"n150_r007",150,7,"v2_cohort_posterior_hazard","exact","sigma_y",1.29287493655,1.692879175725,-0.400004239175,0,0,1.00383552376635,0
"n150_r008",150,8,"v2_cohort_posterior_hazard","censored","beta1",-2.8524673149,-3.233727302575,0.381259987675,1,0,1.00481827574617,0
"n150_r008",150,8,"v2_cohort_posterior_hazard","censored","tau1",2.00729562295,2.22407458715,-0.2167789642,1,0,1.00481827574617,0
"n150_r008",150,8,"v2_cohort_posterior_hazard","censored","sigma_y",1.61048374225,1.692879175725,-0.0823954334749999,1,0,1.00481827574617,0
"n150_r008",150,8,"v2_cohort_posterior_hazard","exact","beta1",-2.58801250035,-3.233727302575,0.645714802225,0,0,1.00528263686242,0
"n150_r008",150,8,"v2_cohort_posterior_hazard","exact","tau1",0.981425708125,2.22407458715,-1.242648879025,0,0,1.00528263686242,0
"n150_r008",150,8,"v2_cohort_posterior_hazard","exact","sigma_y",1.1957819663,1.692879175725,-0.497097209425,0,0,1.00528263686242,0
"n150_r009",150,9,"v2_cohort_posterior_hazard","censored","beta1",-2.4073832479,-3.233727302575,0.826344054675,0,0,1.00658190642012,0
"n150_r009",150,9,"v2_cohort_posterior_hazard","censored","tau1",2.32203801435,2.22407458715,0.0979634271999998,1,0,1.00658190642012,0
"n150_r009",150,9,"v2_cohort_posterior_hazard","censored","sigma_y",1.62406354425,1.692879175725,-0.0688156314749999,1,0,1.00658190642012,0
"n150_r009",150,9,"v2_cohort_posterior_hazard","exact","beta1",-2.1647809511,-3.233727302575,1.068946351475,0,0,1.00542909786636,0
"n150_r009",150,9,"v2_cohort_posterior_hazard","exact","tau1",1.20232168803,2.22407458715,-1.02175289912,0,0,1.00542909786636,0
"n150_r009",150,9,"v2_cohort_posterior_hazard","exact","sigma_y",1.18694210455,1.692879175725,-0.505937071175,0,0,1.00542909786636,0
"n150_r010",150,10,"v2_cohort_posterior_hazard","censored","beta1",-2.7525147057,-3.233727302575,0.481212596875,1,0,1.0061287512642,0
"n150_r010",150,10,"v2_cohort_posterior_hazard","censored","tau1",2.05342412705,2.22407458715,-0.1706504601,1,0,1.0061287512642,0
"n150_r010",150,10,"v2_cohort_posterior_hazard","censored","sigma_y",1.6320293737,1.692879175725,-0.0608498020249999,1,0,1.0061287512642,0
"n150_r010",150,10,"v2_cohort_posterior_hazard","exact","beta1",-2.35552416135,-3.233727302575,0.878203141225,0,0,1.00457855755991,0
"n150_r010",150,10,"v2_cohort_posterior_hazard","exact","tau1",1.11491161405,2.22407458715,-1.1091629731,0,0,1.00457855755991,0
"n150_r010",150,10,"v2_cohort_posterior_hazard","exact","sigma_y",1.3040415921,1.692879175725,-0.388837583625,0,0,1.00457855755991,0
"n150_r011",150,11,"v2_cohort_posterior_hazard","censored","beta1",-2.93844731845,-3.233727302575,0.295279984125,1,0,1.00460948686666,0
"n150_r011",150,11,"v2_cohort_posterior_hazard","censored","tau1",2.618757359,2.22407458715,0.39468277185,1,0,1.00460948686666,0
"n150_r011",150,11,"v2_cohort_posterior_hazard","censored","sigma_y",1.7737365355,1.692879175725,0.0808573597750002,1,0,1.00460948686666,0
"n150_r011",150,11,"v2_cohort_posterior_hazard","exact","beta1",-2.57251981805,-3.233727302575,0.661207484525,0,0,1.00872255115127,0
"n150_r011",150,11,"v2_cohort_posterior_hazard","exact","tau1",1.23714587429,2.22407458715,-0.98692871286,0,0,1.00872255115127,0
"n150_r011",150,11,"v2_cohort_posterior_hazard","exact","sigma_y",1.2546794999,1.692879175725,-0.438199675825,0,0,1.00872255115127,0
"n150_r012",150,12,"v2_cohort_posterior_hazard","censored","beta1",-2.95174037565,-3.233727302575,0.281986926925,1,0,1.00542035001625,0
"n150_r012",150,12,"v2_cohort_posterior_hazard","censored","tau1",2.64477557505,2.22407458715,0.4207009879,0,0,1.00542035001625,0
"n150_r012",150,12,"v2_cohort_posterior_hazard","censored","sigma_y",1.65672191055,1.692879175725,-0.036157265175,1,0,1.00542035001625,0
"n150_r012",150,12,"v2_cohort_posterior_hazard","exact","beta1",-2.66717244275,-3.233727302575,0.566554859825,0,0,1.00442569375775,0
"n150_r012",150,12,"v2_cohort_posterior_hazard","exact","tau1",1.275785137275,2.22407458715,-0.948289449875,0,0,1.00442569375775,0
"n150_r012",150,12,"v2_cohort_posterior_hazard","exact","sigma_y",1.2312224352,1.692879175725,-0.461656740525,0,0,1.00442569375775,0
"n150_r013",150,13,"v2_cohort_posterior_hazard","censored","beta1",-2.84304412105,-3.233727302575,0.390683181525,1,0,1.00419034828013,0
"n150_r013",150,13,"v2_cohort_posterior_hazard","censored","tau1",2.15231892785,2.22407458715,-0.0717556592999999,1,0,1.00419034828013,0
"n150_r013",150,13,"v2_cohort_posterior_hazard","censored","sigma_y",1.7042791625,1.692879175725,0.0113999867750001,1,0,1.00419034828013,0
"n150_r013",150,13,"v2_cohort_posterior_hazard","exact","beta1",-2.47975148035,-3.233727302575,0.753975822225,0,0,1.00520407358438,0
"n150_r013",150,13,"v2_cohort_posterior_hazard","exact","tau1",0.8838867226,2.22407458715,-1.34018786455,0,0,1.00520407358438,0
"n150_r013",150,13,"v2_cohort_posterior_hazard","exact","sigma_y",1.2451950191,1.692879175725,-0.447684156625,0,0,1.00520407358438,0
"n150_r014",150,14,"v2_cohort_posterior_hazard","censored","beta1",-2.872167156,-3.233727302575,0.361560146575,1,0,1.00843731592303,0
"n150_r014",150,14,"v2_cohort_posterior_hazard","censored","tau1",2.19216013285,2.22407458715,-0.0319144542999998,1,0,1.00843731592303,0
"n150_r014",150,14,"v2_cohort_posterior_hazard","censored","sigma_y",1.68583206445,1.692879175725,-0.00704711127499991,1,0,1.00843731592303,0
"n150_r014",150,14,"v2_cohort_posterior_hazard","exact","beta1",-2.59140298045,-3.233727302575,0.642324322125,0,0,1.00345658069881,0
"n150_r014",150,14,"v2_cohort_posterior_hazard","exact","tau1",1.05502203255,2.22407458715,-1.1690525546,0,0,1.00345658069881,0
"n150_r014",150,14,"v2_cohort_posterior_hazard","exact","sigma_y",1.28047791065,1.692879175725,-0.412401265075,0,0,1.00345658069881,0
"n150_r015",150,15,"v2_cohort_posterior_hazard","censored","beta1",-2.52052151615,-3.233727302575,0.713205786425,0,0,1.00609695627956,0
"n150_r015",150,15,"v2_cohort_posterior_hazard","censored","tau1",2.10905,2.22407458715,-0.11502458715,1,0,1.00609695627956,0
"n150_r015",150,15,"v2_cohort_posterior_hazard","censored","sigma_y",1.6742768599,1.692879175725,-0.0186023158249999,1,0,1.00609695627956,0
"n150_r015",150,15,"v2_cohort_posterior_hazard","exact","beta1",-2.23323608875,-3.233727302575,1.000491213825,0,0,1.00578755355741,0
"n150_r015",150,15,"v2_cohort_posterior_hazard","exact","tau1",1.004040859155,2.22407458715,-1.220033727995,0,0,1.00578755355741,0
"n150_r015",150,15,"v2_cohort_posterior_hazard","exact","sigma_y",1.24941888625,1.692879175725,-0.443460289475,0,0,1.00578755355741,0
"n150_r016",150,16,"v2_cohort_posterior_hazard","censored","beta1",-2.54960198525,-3.233727302575,0.684125317325,1,0,1.0025573444232,0
"n150_r016",150,16,"v2_cohort_posterior_hazard","censored","tau1",2.1724782656,2.22407458715,-0.0515963215499999,1,0,1.0025573444232,0
"n150_r016",150,16,"v2_cohort_posterior_hazard","censored","sigma_y",1.7454896663,1.692879175725,0.052610490575,1,0,1.0025573444232,0
"n150_r016",150,16,"v2_cohort_posterior_hazard","exact","beta1",-2.5007264102,-3.233727302575,0.733000892375,0,0,1.00751317274453,0
"n150_r016",150,16,"v2_cohort_posterior_hazard","exact","tau1",1.13144545232,2.22407458715,-1.09262913483,0,0,1.00751317274453,0
"n150_r016",150,16,"v2_cohort_posterior_hazard","exact","sigma_y",1.27156290605,1.692879175725,-0.421316269675,0,0,1.00751317274453,0
"n150_r017",150,17,"v2_cohort_posterior_hazard","censored","beta1",-3.28525757235,-3.233727302575,-0.0515302697749997,1,0,1.00563392738439,0
"n150_r017",150,17,"v2_cohort_posterior_hazard","censored","tau1",2.114372406,2.22407458715,-0.10970218115,1,0,1.00563392738439,0
"n150_r017",150,17,"v2_cohort_posterior_hazard","censored","sigma_y",1.6616023921,1.692879175725,-0.0312767836249999,1,0,1.00563392738439,0
"n150_r017",150,17,"v2_cohort_posterior_hazard","exact","beta1",-2.86939219915,-3.233727302575,0.364335103425,1,0,1.00542223136141,0
"n150_r017",150,17,"v2_cohort_posterior_hazard","exact","tau1",1.01305015534,2.22407458715,-1.21102443181,0,0,1.00542223136141,0
"n150_r017",150,17,"v2_cohort_posterior_hazard","exact","sigma_y",1.18541911475,1.692879175725,-0.507460060975,0,0,1.00542223136141,0
"n150_r018",150,18,"v2_cohort_posterior_hazard","censored","beta1",-2.55329682065,-3.233727302575,0.680430481925,1,0,1.01335584028576,0
"n150_r018",150,18,"v2_cohort_posterior_hazard","censored","tau1",1.9997776219,2.22407458715,-0.22429696525,1,0,1.01335584028576,0
"n150_r018",150,18,"v2_cohort_posterior_hazard","censored","sigma_y",1.63171615865,1.692879175725,-0.0611630170749999,1,0,1.01335584028576,0
"n150_r018",150,18,"v2_cohort_posterior_hazard","exact","beta1",-2.2937330165,-3.233727302575,0.939994286075,0,0,1.00387588620005,0
"n150_r018",150,18,"v2_cohort_posterior_hazard","exact","tau1",1.13805638498,2.22407458715,-1.08601820217,0,0,1.00387588620005,0
"n150_r018",150,18,"v2_cohort_posterior_hazard","exact","sigma_y",1.20765657695,1.692879175725,-0.485222598775,0,0,1.00387588620005,0
"n150_r019",150,19,"v2_cohort_posterior_hazard","censored","beta1",-2.73741183185,-3.233727302575,0.496315470725,1,0,1.00447860008154,0
"n150_r019",150,19,"v2_cohort_posterior_hazard","censored","tau1",2.23567132305,2.22407458715,0.0115967359,1,0,1.00447860008154,0
"n150_r019",150,19,"v2_cohort_posterior_hazard","censored","sigma_y",1.7042244456,1.692879175725,0.0113452698750001,1,0,1.00447860008154,0
"n150_r019",150,19,"v2_cohort_posterior_hazard","exact","beta1",-2.5422801372,-3.233727302575,0.691447165375,0,0,1.00755850022049,0
"n150_r019",150,19,"v2_cohort_posterior_hazard","exact","tau1",1.31102905252,2.22407458715,-0.91304553463,0,0,1.00755850022049,0
"n150_r019",150,19,"v2_cohort_posterior_hazard","exact","sigma_y",1.2861538171,1.692879175725,-0.406725358625,0,0,1.00755850022049,0
"n150_r020",150,20,"v2_cohort_posterior_hazard","censored","beta1",-2.3620479941,-3.233727302575,0.871679308475,0,0,1.00609026913546,0
"n150_r020",150,20,"v2_cohort_posterior_hazard","censored","tau1",2.1531430245,2.22407458715,-0.0709315626500002,1,0,1.00609026913546,0
"n150_r020",150,20,"v2_cohort_posterior_hazard","censored","sigma_y",1.7151400606,1.692879175725,0.0222608848750001,1,0,1.00609026913546,0
"n150_r020",150,20,"v2_cohort_posterior_hazard","exact","beta1",-2.22055208955,-3.233727302575,1.013175213025,0,0,1.00401314015891,0
"n150_r020",150,20,"v2_cohort_posterior_hazard","exact","tau1",1.22708893024,2.22407458715,-0.99698565691,0,0,1.00401314015891,0
"n150_r020",150,20,"v2_cohort_posterior_hazard","exact","sigma_y",1.269743568,1.692879175725,-0.423135607725,0,0,1.00401314015891,0
"n150_r021",150,21,"v2_cohort_posterior_hazard","censored","beta1",-2.45742044675,-3.233727302575,0.776306855825,1,0,1.00495601483688,0
"n150_r021",150,21,"v2_cohort_posterior_hazard","censored","tau1",2.602893008,2.22407458715,0.37881842085,1,0,1.00495601483688,0
"n150_r021",150,21,"v2_cohort_posterior_hazard","censored","sigma_y",1.62395877145,1.692879175725,-0.068920404275,1,0,1.00495601483688,0
"n150_r021",150,21,"v2_cohort_posterior_hazard","exact","beta1",-1.892378691685,-3.233727302575,1.34134861089,0,0,1.00461114217905,0
"n150_r021",150,21,"v2_cohort_posterior_hazard","exact","tau1",1.123775911805,2.22407458715,-1.100298675345,0,0,1.00461114217905,0
"n150_r021",150,21,"v2_cohort_posterior_hazard","exact","sigma_y",1.2456448396,1.692879175725,-0.447234336125,0,0,1.00461114217905,0
"n150_r022",150,22,"v2_cohort_posterior_hazard","censored","beta1",-2.3636749579,-3.233727302575,0.870052344675,0,0,1.00191238244679,0
"n150_r022",150,22,"v2_cohort_posterior_hazard","censored","tau1",1.80467405765,2.22407458715,-0.4194005295,0,0,1.00191238244679,0
"n150_r022",150,22,"v2_cohort_posterior_hazard","censored","sigma_y",1.71502414085,1.692879175725,0.0221449651250001,1,0,1.00191238244679,0
"n150_r022",150,22,"v2_cohort_posterior_hazard","exact","beta1",-2.1849949975,-3.233727302575,1.048732305075,0,0,1.00745428898045,0
"n150_r022",150,22,"v2_cohort_posterior_hazard","exact","tau1",0.8737031583,2.22407458715,-1.35037142885,0,0,1.00745428898045,0
"n150_r022",150,22,"v2_cohort_posterior_hazard","exact","sigma_y",1.2718541874,1.692879175725,-0.421024988325,0,0,1.00745428898045,0
"n150_r023",150,23,"v2_cohort_posterior_hazard","censored","beta1",-3.02085965315,-3.233727302575,0.212867649425,1,0,1.00216841039212,0
"n150_r023",150,23,"v2_cohort_posterior_hazard","censored","tau1",2.4296848726,2.22407458715,0.20561028545,1,0,1.00216841039212,0
"n150_r023",150,23,"v2_cohort_posterior_hazard","censored","sigma_y",1.68718146795,1.692879175725,-0.005697707775,1,0,1.00216841039212,0
"n150_r023",150,23,"v2_cohort_posterior_hazard","exact","beta1",-2.62705169415,-3.233727302575,0.606675608425,0,0,1.00613399881765,0
"n150_r023",150,23,"v2_cohort_posterior_hazard","exact","tau1",1.183845608885,2.22407458715,-1.040228978265,0,0,1.00613399881765,0
"n150_r023",150,23,"v2_cohort_posterior_hazard","exact","sigma_y",1.222658896,1.692879175725,-0.470220279725,0,0,1.00613399881765,0
"n150_r024",150,24,"v2_cohort_posterior_hazard","censored","beta1",-2.52761313535,-3.233727302575,0.706114167225,1,0,1.00277612558392,0
"n150_r024",150,24,"v2_cohort_posterior_hazard","censored","tau1",2.6423384695,2.22407458715,0.41826388235,1,0,1.00277612558392,0
"n150_r024",150,24,"v2_cohort_posterior_hazard","censored","sigma_y",1.7906835477,1.692879175725,0.0978043719750001,1,0,1.00277612558392,0
"n150_r024",150,24,"v2_cohort_posterior_hazard","exact","beta1",-2.26603788115,-3.233727302575,0.967689421425,0,0,1.00492646288911,0
"n150_r024",150,24,"v2_cohort_posterior_hazard","exact","tau1",1.272708910505,2.22407458715,-0.951365676645,0,0,1.00492646288911,0
"n150_r024",150,24,"v2_cohort_posterior_hazard","exact","sigma_y",1.2873211747,1.692879175725,-0.405558001025,0,0,1.00492646288911,0
"n150_r025",150,25,"v2_cohort_posterior_hazard","censored","beta1",-2.84892935315,-3.233727302575,0.384797949425,1,0,1.0100349246808,0
"n150_r025",150,25,"v2_cohort_posterior_hazard","censored","tau1",2.15647008175,2.22407458715,-0.0676045053999998,1,0,1.0100349246808,0
"n150_r025",150,25,"v2_cohort_posterior_hazard","censored","sigma_y",1.6214403523,1.692879175725,-0.0714388234249999,1,0,1.0100349246808,0
"n150_r025",150,25,"v2_cohort_posterior_hazard","exact","beta1",-2.427358493,-3.233727302575,0.806368809575,0,0,1.00599862180195,0
"n150_r025",150,25,"v2_cohort_posterior_hazard","exact","tau1",1.110657148195,2.22407458715,-1.113417438955,0,0,1.00599862180195,0
"n150_r025",150,25,"v2_cohort_posterior_hazard","exact","sigma_y",1.18205058345,1.692879175725,-0.510828592275,0,0,1.00599862180195,0
"n150_r026",150,26,"v2_cohort_posterior_hazard","censored","beta1",-2.3207096467,-3.233727302575,0.913017655875,0,0,1.00499445772791,0
"n150_r026",150,26,"v2_cohort_posterior_hazard","censored","tau1",2.25674023285,2.22407458715,0.0326656456999999,1,0,1.00499445772791,0
"n150_r026",150,26,"v2_cohort_posterior_hazard","censored","sigma_y",1.70280741,1.692879175725,0.009928234275,1,0,1.00499445772791,0
"n150_r026",150,26,"v2_cohort_posterior_hazard","exact","beta1",-2.0844660921,-3.233727302575,1.149261210475,0,0,1.00434440331523,0
"n150_r026",150,26,"v2_cohort_posterior_hazard","exact","tau1",1.157741257885,2.22407458715,-1.066333329265,0,0,1.00434440331523,0
"n150_r026",150,26,"v2_cohort_posterior_hazard","exact","sigma_y",1.2976021998,1.692879175725,-0.395276975925,0,0,1.00434440331523,0
"n150_r027",150,27,"v2_cohort_posterior_hazard","censored","beta1",-2.6258677104,-3.233727302575,0.607859592175,1,0,1.00197767752683,0
"n150_r027",150,27,"v2_cohort_posterior_hazard","censored","tau1",2.1042786251,2.22407458715,-0.11979596205,1,0,1.00197767752683,0
"n150_r027",150,27,"v2_cohort_posterior_hazard","censored","sigma_y",1.6893055526,1.692879175725,-0.00357362312499987,1,0,1.00197767752683,0
"n150_r027",150,27,"v2_cohort_posterior_hazard","exact","beta1",-2.42427296045,-3.233727302575,0.809454342125,0,0,1.0047462492119,0
"n150_r027",150,27,"v2_cohort_posterior_hazard","exact","tau1",1.28041382594,2.22407458715,-0.94366076121,0,0,1.0047462492119,0
"n150_r027",150,27,"v2_cohort_posterior_hazard","exact","sigma_y",1.25486179265,1.692879175725,-0.438017383075,0,0,1.0047462492119,0
"n150_r028",150,28,"v2_cohort_posterior_hazard","censored","beta1",-2.9800500612,-3.233727302575,0.253677241375,1,0,1.00732030679393,0
"n150_r028",150,28,"v2_cohort_posterior_hazard","censored","tau1",2.6558343528,2.22407458715,0.43175976565,0,0,1.00732030679393,0
"n150_r028",150,28,"v2_cohort_posterior_hazard","censored","sigma_y",1.7137518681,1.692879175725,0.020872692375,1,0,1.00732030679393,0
"n150_r028",150,28,"v2_cohort_posterior_hazard","exact","beta1",-2.47900750795,-3.233727302575,0.754719794625,0,0,1.00268692893075,0
"n150_r028",150,28,"v2_cohort_posterior_hazard","exact","tau1",1.449018165,2.22407458715,-0.77505642215,0,0,1.00268692893075,0
"n150_r028",150,28,"v2_cohort_posterior_hazard","exact","sigma_y",1.26728133385,1.692879175725,-0.425597841875,0,0,1.00268692893075,0
"n150_r029",150,29,"v2_cohort_posterior_hazard","censored","beta1",-2.9000292213,-3.233727302575,0.333698081275,1,0,1.00702932846532,0
"n150_r029",150,29,"v2_cohort_posterior_hazard","censored","tau1",2.1706264898,2.22407458715,-0.05344809735,1,0,1.00702932846532,0
"n150_r029",150,29,"v2_cohort_posterior_hazard","censored","sigma_y",1.67326214455,1.692879175725,-0.0196170311749999,1,0,1.00702932846532,0
"n150_r029",150,29,"v2_cohort_posterior_hazard","exact","beta1",-2.5406525951,-3.233727302575,0.693074707475,0,0,1.00593117248996,0
"n150_r029",150,29,"v2_cohort_posterior_hazard","exact","tau1",1.145341442975,2.22407458715,-1.078733144175,0,0,1.00593117248996,0
"n150_r029",150,29,"v2_cohort_posterior_hazard","exact","sigma_y",1.3108312474,1.692879175725,-0.382047928325,0,0,1.00593117248996,0
"n150_r030",150,30,"v2_cohort_posterior_hazard","censored","beta1",-2.3620571931,-3.233727302575,0.871670109475,0,0,1.00445334952127,0
"n150_r030",150,30,"v2_cohort_posterior_hazard","censored","tau1",2.09215386755,2.22407458715,-0.1319207196,1,0,1.00445334952127,0
"n150_r030",150,30,"v2_cohort_posterior_hazard","censored","sigma_y",1.70456977525,1.692879175725,0.0116905995250001,1,0,1.00445334952127,0
"n150_r030",150,30,"v2_cohort_posterior_hazard","exact","beta1",-2.22229878395,-3.233727302575,1.011428518625,0,0,1.00329865968818,0
"n150_r030",150,30,"v2_cohort_posterior_hazard","exact","tau1",1.065382897275,2.22407458715,-1.158691689875,0,0,1.00329865968818,0
"n150_r030",150,30,"v2_cohort_posterior_hazard","exact","sigma_y",1.30446347565,1.692879175725,-0.388415700075,0,0,1.00329865968818,0
"n150_r031",150,31,"v2_cohort_posterior_hazard","censored","beta1",-2.58143313945,-3.233727302575,0.652294163125,1,0,1.00754277157107,0
"n150_r031",150,31,"v2_cohort_posterior_hazard","censored","tau1",2.29379669755,2.22407458715,0.0697221103999999,1,0,1.00754277157107,0
"n150_r031",150,31,"v2_cohort_posterior_hazard","censored","sigma_y",1.7758275466,1.692879175725,0.0829483708750001,1,0,1.00754277157107,0
"n150_r031",150,31,"v2_cohort_posterior_hazard","exact","beta1",-2.4419373974,-3.233727302575,0.791789905175,0,0,1.00445519644387,0
"n150_r031",150,31,"v2_cohort_posterior_hazard","exact","tau1",1.29723596914,2.22407458715,-0.92683861801,0,0,1.00445519644387,0
"n150_r031",150,31,"v2_cohort_posterior_hazard","exact","sigma_y",1.35777142105,1.692879175725,-0.335107754675,0,0,1.00445519644387,0
"n150_r032",150,32,"v2_cohort_posterior_hazard","censored","beta1",-2.70695843615,-3.233727302575,0.526768866425,1,0,1.00348108829806,0
"n150_r032",150,32,"v2_cohort_posterior_hazard","censored","tau1",2.22447219415,2.22407458715,0.000397607000000022,1,0,1.00348108829806,0
"n150_r032",150,32,"v2_cohort_posterior_hazard","censored","sigma_y",1.67183224945,1.692879175725,-0.0210469262749999,1,0,1.00348108829806,0
"n150_r032",150,32,"v2_cohort_posterior_hazard","exact","beta1",-2.7003207238,-3.233727302575,0.533406578775,0,0,1.0034966811948,0
"n150_r032",150,32,"v2_cohort_posterior_hazard","exact","tau1",1.14741000188,2.22407458715,-1.07666458527,0,0,1.0034966811948,0
"n150_r032",150,32,"v2_cohort_posterior_hazard","exact","sigma_y",1.23866365045,1.692879175725,-0.454215525275,0,0,1.0034966811948,0
"n150_r033",150,33,"v2_cohort_posterior_hazard","censored","beta1",-2.91536369835,-3.233727302575,0.318363604225,1,0,1.00361617606106,0
"n150_r033",150,33,"v2_cohort_posterior_hazard","censored","tau1",2.33119624155,2.22407458715,0.1071216544,1,0,1.00361617606106,0
"n150_r033",150,33,"v2_cohort_posterior_hazard","censored","sigma_y",1.7354977416,1.692879175725,0.042618565875,1,0,1.00361617606106,0
"n150_r033",150,33,"v2_cohort_posterior_hazard","exact","beta1",-2.9478524224,-3.233727302575,0.285874880175,1,0,1.00474025961648,0
"n150_r033",150,33,"v2_cohort_posterior_hazard","exact","tau1",1.17973192259,2.22407458715,-1.04434266456,0,0,1.00474025961648,0
"n150_r033",150,33,"v2_cohort_posterior_hazard","exact","sigma_y",1.32841102465,1.692879175725,-0.364468151075,0,0,1.00474025961648,0
"n150_r034",150,34,"v2_cohort_posterior_hazard","censored","beta1",-3.0215329752,-3.233727302575,0.212194327375,1,0,1.00632646864613,0
"n150_r034",150,34,"v2_cohort_posterior_hazard","censored","tau1",2.2780834568,2.22407458715,0.0540088696500001,1,0,1.00632646864613,0
"n150_r034",150,34,"v2_cohort_posterior_hazard","censored","sigma_y",1.6251094662,1.692879175725,-0.0677697095249998,1,0,1.00632646864613,0
"n150_r034",150,34,"v2_cohort_posterior_hazard","exact","beta1",-2.61752481115,-3.233727302575,0.616202491425,0,0,1.00556836147778,0
"n150_r034",150,34,"v2_cohort_posterior_hazard","exact","tau1",1.11820509797,2.22407458715,-1.10586948918,0,0,1.00556836147778,0
"n150_r034",150,34,"v2_cohort_posterior_hazard","exact","sigma_y",1.217471107,1.692879175725,-0.475408068725,0,0,1.00556836147778,0
"n150_r035",150,35,"v2_cohort_posterior_hazard","censored","beta1",-2.264589925025,-3.233727302575,0.96913737755,0,0,1.00518561971335,0
"n150_r035",150,35,"v2_cohort_posterior_hazard","censored","tau1",2.1020309411,2.22407458715,-0.12204364605,1,0,1.00518561971335,0
"n150_r035",150,35,"v2_cohort_posterior_hazard","censored","sigma_y",1.7132118724,1.692879175725,0.0203326966750002,1,0,1.00518561971335,0
"n150_r035",150,35,"v2_cohort_posterior_hazard","exact","beta1",-2.00567253693,-3.233727302575,1.228054765645,0,0,1.0042880057839,0
"n150_r035",150,35,"v2_cohort_posterior_hazard","exact","tau1",0.961697413265,2.22407458715,-1.262377173885,0,0,1.0042880057839,0
"n150_r035",150,35,"v2_cohort_posterior_hazard","exact","sigma_y",1.30947685675,1.692879175725,-0.383402318975,0,0,1.0042880057839,0
"n150_r036",150,36,"v2_cohort_posterior_hazard","censored","beta1",-3.120351162,-3.233727302575,0.113376140575,1,0,1.00405193691154,0
"n150_r036",150,36,"v2_cohort_posterior_hazard","censored","tau1",2.5985656233,2.22407458715,0.37449103615,1,0,1.00405193691154,0
"n150_r036",150,36,"v2_cohort_posterior_hazard","censored","sigma_y",1.7423193753,1.692879175725,0.049440199575,1,0,1.00405193691154,0
"n150_r036",150,36,"v2_cohort_posterior_hazard","exact","beta1",-2.68403862275,-3.233727302575,0.549688679825,0,0,1.00588913803304,0
"n150_r036",150,36,"v2_cohort_posterior_hazard","exact","tau1",1.21658027588,2.22407458715,-1.00749431127,0,0,1.00588913803304,0
"n150_r036",150,36,"v2_cohort_posterior_hazard","exact","sigma_y",1.24471714845,1.692879175725,-0.448162027275,0,0,1.00588913803304,0
"n150_r037",150,37,"v2_cohort_posterior_hazard","censored","beta1",-2.77604055085,-3.233727302575,0.457686751725,1,0,1.00658616282238,0
"n150_r037",150,37,"v2_cohort_posterior_hazard","censored","tau1",2.3361450077,2.22407458715,0.11207042055,1,0,1.00658616282238,0
"n150_r037",150,37,"v2_cohort_posterior_hazard","censored","sigma_y",1.775555966,1.692879175725,0.0826767902750001,1,0,1.00658616282238,0
"n150_r037",150,37,"v2_cohort_posterior_hazard","exact","beta1",-2.21437659455,-3.233727302575,1.019350708025,0,0,1.00821841711989,0
"n150_r037",150,37,"v2_cohort_posterior_hazard","exact","tau1",1.060752960185,2.22407458715,-1.163321626965,0,0,1.00821841711989,0
"n150_r037",150,37,"v2_cohort_posterior_hazard","exact","sigma_y",1.2702320328,1.692879175725,-0.422647142925,0,0,1.00821841711989,0
"n150_r038",150,38,"v2_cohort_posterior_hazard","censored","beta1",-3.05863203335,-3.233727302575,0.175095269225,1,0,1.00594385812858,0
"n150_r038",150,38,"v2_cohort_posterior_hazard","censored","tau1",1.9525467408,2.22407458715,-0.27152784635,1,0,1.00594385812858,0
"n150_r038",150,38,"v2_cohort_posterior_hazard","censored","sigma_y",1.78404111255,1.692879175725,0.0911619368250001,1,0,1.00594385812858,0
"n150_r038",150,38,"v2_cohort_posterior_hazard","exact","beta1",-2.7395719277,-3.233727302575,0.494155374875,1,0,1.0049459800812,0
"n150_r038",150,38,"v2_cohort_posterior_hazard","exact","tau1",0.991058758215,2.22407458715,-1.233015828935,0,0,1.0049459800812,0
"n150_r038",150,38,"v2_cohort_posterior_hazard","exact","sigma_y",1.33366509885,1.692879175725,-0.359214076875,0,0,1.0049459800812,0
"n150_r039",150,39,"v2_cohort_posterior_hazard","censored","beta1",-2.96419880035,-3.233727302575,0.269528502225,1,0,1.00622216006877,0
"n150_r039",150,39,"v2_cohort_posterior_hazard","censored","tau1",2.4411297689,2.22407458715,0.21705518175,1,0,1.00622216006877,0
"n150_r039",150,39,"v2_cohort_posterior_hazard","censored","sigma_y",1.6265240953,1.692879175725,-0.0663550804249999,1,0,1.00622216006877,0
"n150_r039",150,39,"v2_cohort_posterior_hazard","exact","beta1",-2.73291275785,-3.233727302575,0.500814544725,0,0,1.00728191936659,0
"n150_r039",150,39,"v2_cohort_posterior_hazard","exact","tau1",1.035246479895,2.22407458715,-1.188828107255,0,0,1.00728191936659,0
"n150_r039",150,39,"v2_cohort_posterior_hazard","exact","sigma_y",1.2311596632,1.692879175725,-0.461719512525,0,0,1.00728191936659,0
"n150_r040",150,40,"v2_cohort_posterior_hazard","censored","beta1",-2.8068343145,-3.233727302575,0.426892988075,1,0,1.0060011404728,0
"n150_r040",150,40,"v2_cohort_posterior_hazard","censored","tau1",2.4516167937,2.22407458715,0.22754220655,1,0,1.0060011404728,0
"n150_r040",150,40,"v2_cohort_posterior_hazard","censored","sigma_y",1.7636195467,1.692879175725,0.0707403709750001,1,0,1.0060011404728,0
"n150_r040",150,40,"v2_cohort_posterior_hazard","exact","beta1",-2.43923626295,-3.233727302575,0.794491039625,0,0,1.00520374793519,0
"n150_r040",150,40,"v2_cohort_posterior_hazard","exact","tau1",1.016562016245,2.22407458715,-1.207512570905,0,0,1.00520374793519,0
"n150_r040",150,40,"v2_cohort_posterior_hazard","exact","sigma_y",1.2648064721,1.692879175725,-0.428072703625,0,0,1.00520374793519,0
"n150_r041",150,41,"v2_cohort_posterior_hazard","censored","beta1",-2.04361196484,-3.233727302575,1.190115337735,0,0,1.00604821594246,0
"n150_r041",150,41,"v2_cohort_posterior_hazard","censored","tau1",2.19640001615,2.22407458715,-0.0276745709999999,1,0,1.00604821594246,0
"n150_r041",150,41,"v2_cohort_posterior_hazard","censored","sigma_y",1.6622749222,1.692879175725,-0.030604253525,1,0,1.00604821594246,0
"n150_r041",150,41,"v2_cohort_posterior_hazard","exact","beta1",-1.78545039705,-3.233727302575,1.448276905525,0,0,1.00409815511595,0
"n150_r041",150,41,"v2_cohort_posterior_hazard","exact","tau1",1.07542039471,2.22407458715,-1.14865419244,0,0,1.00409815511595,0
"n150_r041",150,41,"v2_cohort_posterior_hazard","exact","sigma_y",1.26463269385,1.692879175725,-0.428246481875,0,0,1.00409815511595,0
"n150_r042",150,42,"v2_cohort_posterior_hazard","censored","beta1",-3.19679869475,-3.233727302575,0.0369286078250002,1,0,1.00522765252493,0
"n150_r042",150,42,"v2_cohort_posterior_hazard","censored","tau1",2.10619317405,2.22407458715,-0.1178814131,1,0,1.00522765252493,0
"n150_r042",150,42,"v2_cohort_posterior_hazard","censored","sigma_y",1.6562446775,1.692879175725,-0.036634498225,1,0,1.00522765252493,0
"n150_r042",150,42,"v2_cohort_posterior_hazard","exact","beta1",-2.7193465104,-3.233727302575,0.514380792175,0,0,1.00225821860333,0
"n150_r042",150,42,"v2_cohort_posterior_hazard","exact","tau1",0.69289620096,2.22407458715,-1.53117838619,0,0,1.00225821860333,0
"n150_r042",150,42,"v2_cohort_posterior_hazard","exact","sigma_y",1.22140970725,1.692879175725,-0.471469468475,0,0,1.00225821860333,0
"n150_r043",150,43,"v2_cohort_posterior_hazard","censored","beta1",-1.89379226724,-3.233727302575,1.339935035335,0,0,1.00373096859566,0
"n150_r043",150,43,"v2_cohort_posterior_hazard","censored","tau1",2.26642399945,2.22407458715,0.0423494123000001,1,0,1.00373096859566,0
"n150_r043",150,43,"v2_cohort_posterior_hazard","censored","sigma_y",1.6725442154,1.692879175725,-0.0203349603249998,1,0,1.00373096859566,0
"n150_r043",150,43,"v2_cohort_posterior_hazard","exact","beta1",-1.55793144188,-3.233727302575,1.675795860695,0,0,1.0025074317424,0
"n150_r043",150,43,"v2_cohort_posterior_hazard","exact","tau1",1.12370649154,2.22407458715,-1.10036809561,0,0,1.0025074317424,0
"n150_r043",150,43,"v2_cohort_posterior_hazard","exact","sigma_y",1.2823121178,1.692879175725,-0.410567057925,0,0,1.0025074317424,0
"n150_r044",150,44,"v2_cohort_posterior_hazard","censored","beta1",-2.9607511033,-3.233727302575,0.272976199275,1,0,1.0066193742196,0
"n150_r044",150,44,"v2_cohort_posterior_hazard","censored","tau1",2.4696718645,2.22407458715,0.24559727735,1,0,1.0066193742196,0
"n150_r044",150,44,"v2_cohort_posterior_hazard","censored","sigma_y",1.6398686733,1.692879175725,-0.0530105024249998,1,0,1.0066193742196,0
"n150_r044",150,44,"v2_cohort_posterior_hazard","exact","beta1",-2.67350796565,-3.233727302575,0.560219336925,0,0,1.0041191156864,0
"n150_r044",150,44,"v2_cohort_posterior_hazard","exact","tau1",1.15316695829,2.22407458715,-1.07090762886,0,0,1.0041191156864,0
"n150_r044",150,44,"v2_cohort_posterior_hazard","exact","sigma_y",1.2049511814,1.692879175725,-0.487927994325,0,0,1.0041191156864,0
"n150_r045",150,45,"v2_cohort_posterior_hazard","censored","beta1",-2.3914683417,-3.233727302575,0.842258960875,0,0,1.00702544631304,0
"n150_r045",150,45,"v2_cohort_posterior_hazard","censored","tau1",2.3241717131,2.22407458715,0.10009712595,1,0,1.00702544631304,0
"n150_r045",150,45,"v2_cohort_posterior_hazard","censored","sigma_y",1.7419214388,1.692879175725,0.049042263075,1,0,1.00702544631304,0
"n150_r045",150,45,"v2_cohort_posterior_hazard","exact","beta1",-2.04063981735,-3.233727302575,1.193087485225,0,0,1.00560672757826,0
"n150_r045",150,45,"v2_cohort_posterior_hazard","exact","tau1",1.1669014983,2.22407458715,-1.05717308885,0,0,1.00560672757826,0
"n150_r045",150,45,"v2_cohort_posterior_hazard","exact","sigma_y",1.2779619836,1.692879175725,-0.414917192125,0,0,1.00560672757826,0
"n150_r046",150,46,"v2_cohort_posterior_hazard","censored","beta1",-2.44197311745,-3.233727302575,0.791754185125,0,0,1.00669316604907,0
"n150_r046",150,46,"v2_cohort_posterior_hazard","censored","tau1",1.96629560255,2.22407458715,-0.2577789846,1,0,1.00669316604907,0
"n150_r046",150,46,"v2_cohort_posterior_hazard","censored","sigma_y",1.71083925975,1.692879175725,0.017960084025,1,0,1.00669316604907,0
"n150_r046",150,46,"v2_cohort_posterior_hazard","exact","beta1",-2.1851181524,-3.233727302575,1.048609150175,0,0,1.00303481252088,0
"n150_r046",150,46,"v2_cohort_posterior_hazard","exact","tau1",1.045454738315,2.22407458715,-1.178619848835,0,0,1.00303481252088,0
"n150_r046",150,46,"v2_cohort_posterior_hazard","exact","sigma_y",1.3025095121,1.692879175725,-0.390369663625,0,0,1.00303481252088,0
"n150_r047",150,47,"v2_cohort_posterior_hazard","censored","beta1",-2.64622348195,-3.233727302575,0.587503820625,1,0,1.00523186710688,0
"n150_r047",150,47,"v2_cohort_posterior_hazard","censored","tau1",2.3867308945,2.22407458715,0.16265630735,1,0,1.00523186710688,0
"n150_r047",150,47,"v2_cohort_posterior_hazard","censored","sigma_y",1.63642971765,1.692879175725,-0.0564494580749999,1,0,1.00523186710688,0
"n150_r047",150,47,"v2_cohort_posterior_hazard","exact","beta1",-2.24750312835,-3.233727302575,0.986224174225,0,0,1.00322816156751,0
"n150_r047",150,47,"v2_cohort_posterior_hazard","exact","tau1",1.154698636035,2.22407458715,-1.069375951115,0,0,1.00322816156751,0
"n150_r047",150,47,"v2_cohort_posterior_hazard","exact","sigma_y",1.26167437485,1.692879175725,-0.431204800875,0,0,1.00322816156751,0
"n150_r048",150,48,"v2_cohort_posterior_hazard","censored","beta1",-3.1269938133,-3.233727302575,0.106733489275,1,0,1.00335941416747,0
"n150_r048",150,48,"v2_cohort_posterior_hazard","censored","tau1",2.5188652647,2.22407458715,0.29479067755,1,0,1.00335941416747,0
"n150_r048",150,48,"v2_cohort_posterior_hazard","censored","sigma_y",1.6786263418,1.692879175725,-0.0142528339249999,1,0,1.00335941416747,0
"n150_r048",150,48,"v2_cohort_posterior_hazard","exact","beta1",-2.708200462,-3.233727302575,0.525526840575,1,0,1.00482499671161,0
"n150_r048",150,48,"v2_cohort_posterior_hazard","exact","tau1",1.243471091785,2.22407458715,-0.980603495365,0,0,1.00482499671161,0
"n150_r048",150,48,"v2_cohort_posterior_hazard","exact","sigma_y",1.30013855625,1.692879175725,-0.392740619475,0,0,1.00482499671161,0
"n150_r049",150,49,"v2_cohort_posterior_hazard","censored","beta1",-3.1625079905,-3.233727302575,0.0712193120750002,1,0,1.0041338384021,0
"n150_r049",150,49,"v2_cohort_posterior_hazard","censored","tau1",2.00052373155,2.22407458715,-0.2235508556,1,0,1.0041338384021,0
"n150_r049",150,49,"v2_cohort_posterior_hazard","censored","sigma_y",1.6766199958,1.692879175725,-0.0162591799249998,1,0,1.0041338384021,0
"n150_r049",150,49,"v2_cohort_posterior_hazard","exact","beta1",-2.5931756669,-3.233727302575,0.640551635675,0,0,1.00411197098089,0
"n150_r049",150,49,"v2_cohort_posterior_hazard","exact","tau1",0.80089808813,2.22407458715,-1.42317649902,0,0,1.00411197098089,0
"n150_r049",150,49,"v2_cohort_posterior_hazard","exact","sigma_y",1.2188697054,1.692879175725,-0.474009470325,0,0,1.00411197098089,0
"n150_r050",150,50,"v2_cohort_posterior_hazard","censored","beta1",-2.170384303385,-3.233727302575,1.06334299919,0,0,1.00766009813157,0
"n150_r050",150,50,"v2_cohort_posterior_hazard","censored","tau1",2.3031640424,2.22407458715,0.0790894552500001,1,0,1.00766009813157,0
"n150_r050",150,50,"v2_cohort_posterior_hazard","censored","sigma_y",1.73878888745,1.692879175725,0.045909711725,1,0,1.00766009813157,0
"n150_r050",150,50,"v2_cohort_posterior_hazard","exact","beta1",-1.92088023563,-3.233727302575,1.312847066945,0,0,1.00553114555238,0
"n150_r050",150,50,"v2_cohort_posterior_hazard","exact","tau1",0.97624584276,2.22407458715,-1.24782874439,0,0,1.00553114555238,0
"n150_r050",150,50,"v2_cohort_posterior_hazard","exact","sigma_y",1.31218767425,1.692879175725,-0.380691501475,0,0,1.00553114555238,0
"n150_r051",150,51,"v2_cohort_posterior_hazard","censored","beta1",-3.19542575425,-3.233727302575,0.0383015483250002,1,0,1.00699452158833,0
"n150_r051",150,51,"v2_cohort_posterior_hazard","censored","tau1",2.20780008555,2.22407458715,-0.0162745015999999,1,0,1.00699452158833,0
"n150_r051",150,51,"v2_cohort_posterior_hazard","censored","sigma_y",1.68681957755,1.692879175725,-0.00605959817500001,1,0,1.00699452158833,0
"n150_r051",150,51,"v2_cohort_posterior_hazard","exact","beta1",-2.7442021122,-3.233727302575,0.489525190375,0,0,1.00319518263422,0
"n150_r051",150,51,"v2_cohort_posterior_hazard","exact","tau1",1.052048862485,2.22407458715,-1.172025724665,0,0,1.00319518263422,0
"n150_r051",150,51,"v2_cohort_posterior_hazard","exact","sigma_y",1.2270213393,1.692879175725,-0.465857836425,0,0,1.00319518263422,0
"n150_r052",150,52,"v2_cohort_posterior_hazard","censored","beta1",-1.755225595555,-3.233727302575,1.47850170702,0,0,1.00602367471202,0
"n150_r052",150,52,"v2_cohort_posterior_hazard","censored","tau1",2.51198846895,2.22407458715,0.2879138818,1,0,1.00602367471202,0
"n150_r052",150,52,"v2_cohort_posterior_hazard","censored","sigma_y",1.65176097775,1.692879175725,-0.0411181979749999,1,0,1.00602367471202,0
"n150_r052",150,52,"v2_cohort_posterior_hazard","exact","beta1",-1.759179878255,-3.233727302575,1.47454742432,0,0,1.00471184587731,0
"n150_r052",150,52,"v2_cohort_posterior_hazard","exact","tau1",1.31807283338,2.22407458715,-0.90600175377,0,0,1.00471184587731,0
"n150_r052",150,52,"v2_cohort_posterior_hazard","exact","sigma_y",1.2855179805,1.692879175725,-0.407361195225,0,0,1.00471184587731,0
"n150_r053",150,53,"v2_cohort_posterior_hazard","censored","beta1",-2.6148338861,-3.233727302575,0.618893416475,1,0,1.00565436438452,0
"n150_r053",150,53,"v2_cohort_posterior_hazard","censored","tau1",2.4451799433,2.22407458715,0.22110535615,1,0,1.00565436438452,0
"n150_r053",150,53,"v2_cohort_posterior_hazard","censored","sigma_y",1.7122537326,1.692879175725,0.0193745568750001,1,0,1.00565436438452,0
"n150_r053",150,53,"v2_cohort_posterior_hazard","exact","beta1",-2.339421331,-3.233727302575,0.894305971575,0,0,1.00491107955264,0
"n150_r053",150,53,"v2_cohort_posterior_hazard","exact","tau1",1.33994817895,2.22407458715,-0.8841264082,0,0,1.00491107955264,0
"n150_r053",150,53,"v2_cohort_posterior_hazard","exact","sigma_y",1.27609713545,1.692879175725,-0.416782040275,0,0,1.00491107955264,0
"n150_r054",150,54,"v2_cohort_posterior_hazard","censored","beta1",-2.4222605834,-3.233727302575,0.811466719175,0,0,1.00505193133913,0
"n150_r054",150,54,"v2_cohort_posterior_hazard","censored","tau1",2.41229368175,2.22407458715,0.1882190946,1,0,1.00505193133913,0
"n150_r054",150,54,"v2_cohort_posterior_hazard","censored","sigma_y",1.7096179338,1.692879175725,0.016738758075,1,0,1.00505193133913,0
"n150_r054",150,54,"v2_cohort_posterior_hazard","exact","beta1",-2.2946650128,-3.233727302575,0.939062289775,0,0,1.00381917822059,0
"n150_r054",150,54,"v2_cohort_posterior_hazard","exact","tau1",1.1599567817,2.22407458715,-1.06411780545,0,0,1.00381917822059,0
"n150_r054",150,54,"v2_cohort_posterior_hazard","exact","sigma_y",1.2217287815,1.692879175725,-0.471150394225,0,0,1.00381917822059,0
"n150_r055",150,55,"v2_cohort_posterior_hazard","censored","beta1",-2.305384027325,-3.233727302575,0.92834327525,0,0,1.00513509438468,0
"n150_r055",150,55,"v2_cohort_posterior_hazard","censored","tau1",2.13481050905,2.22407458715,-0.0892640781000003,1,0,1.00513509438468,0
"n150_r055",150,55,"v2_cohort_posterior_hazard","censored","sigma_y",1.599860144,1.692879175725,-0.0930190317249999,0,0,1.00513509438468,0
"n150_r055",150,55,"v2_cohort_posterior_hazard","exact","beta1",-2.07194969625,-3.233727302575,1.161777606325,0,0,1.00478629036192,0
"n150_r055",150,55,"v2_cohort_posterior_hazard","exact","tau1",1.053867929655,2.22407458715,-1.170206657495,0,0,1.00478629036192,0
"n150_r055",150,55,"v2_cohort_posterior_hazard","exact","sigma_y",1.24575177015,1.692879175725,-0.447127405575,0,0,1.00478629036192,0
"n150_r056",150,56,"v2_cohort_posterior_hazard","censored","beta1",-3.1663403155,-3.233727302575,0.0673869870750003,1,0,1.00744062604566,0
"n150_r056",150,56,"v2_cohort_posterior_hazard","censored","tau1",2.163251342,2.22407458715,-0.0608232451499999,1,0,1.00744062604566,0
"n150_r056",150,56,"v2_cohort_posterior_hazard","censored","sigma_y",1.6883540045,1.692879175725,-0.00452517122499985,1,0,1.00744062604566,0
"n150_r056",150,56,"v2_cohort_posterior_hazard","exact","beta1",-2.81302111195,-3.233727302575,0.420706190625,1,0,1.00487317401914,0
"n150_r056",150,56,"v2_cohort_posterior_hazard","exact","tau1",0.91864710085,2.22407458715,-1.3054274863,0,0,1.00487317401914,0
"n150_r056",150,56,"v2_cohort_posterior_hazard","exact","sigma_y",1.23716986915,1.692879175725,-0.455709306575,0,0,1.00487317401914,0
"n150_r057",150,57,"v2_cohort_posterior_hazard","censored","beta1",-2.2881417844,-3.233727302575,0.945585518175,0,0,1.00290284291087,0
"n150_r057",150,57,"v2_cohort_posterior_hazard","censored","tau1",2.266705009,2.22407458715,0.0426304218499998,1,0,1.00290284291087,0
"n150_r057",150,57,"v2_cohort_posterior_hazard","censored","sigma_y",1.6999775078,1.692879175725,0.00709833207499999,1,0,1.00290284291087,0
"n150_r057",150,57,"v2_cohort_posterior_hazard","exact","beta1",-2.018326229,-3.233727302575,1.215401073575,0,0,1.00333329149551,0
"n150_r057",150,57,"v2_cohort_posterior_hazard","exact","tau1",1.06615674979,2.22407458715,-1.15791783736,0,0,1.00333329149551,0
"n150_r057",150,57,"v2_cohort_posterior_hazard","exact","sigma_y",1.21212756885,1.692879175725,-0.480751606875,0,0,1.00333329149551,0
"n150_r058",150,58,"v2_cohort_posterior_hazard","censored","beta1",-3.07148820865,-3.233727302575,0.162239093925,1,0,1.00675026094195,0
"n150_r058",150,58,"v2_cohort_posterior_hazard","censored","tau1",2.165684346,2.22407458715,-0.0583902411500001,1,0,1.00675026094195,0
"n150_r058",150,58,"v2_cohort_posterior_hazard","censored","sigma_y",1.6647915378,1.692879175725,-0.0280876379249999,1,0,1.00675026094195,0
"n150_r058",150,58,"v2_cohort_posterior_hazard","exact","beta1",-2.79287461555,-3.233727302575,0.440852687025,1,0,1.00192930525341,0
"n150_r058",150,58,"v2_cohort_posterior_hazard","exact","tau1",0.890050858675,2.22407458715,-1.334023728475,0,0,1.00192930525341,0
"n150_r058",150,58,"v2_cohort_posterior_hazard","exact","sigma_y",1.19870359765,1.692879175725,-0.494175578075,0,0,1.00192930525341,0
"n150_r059",150,59,"v2_cohort_posterior_hazard","censored","beta1",-2.8685824456,-3.233727302575,0.365144856975,1,0,1.00654181569665,0
"n150_r059",150,59,"v2_cohort_posterior_hazard","censored","tau1",2.0340769901,2.22407458715,-0.18999759705,1,0,1.00654181569665,0
"n150_r059",150,59,"v2_cohort_posterior_hazard","censored","sigma_y",1.7105580572,1.692879175725,0.0176788814750002,1,0,1.00654181569665,0
"n150_r059",150,59,"v2_cohort_posterior_hazard","exact","beta1",-2.3933107687,-3.233727302575,0.840416533875,0,0,1.00429605149077,0
"n150_r059",150,59,"v2_cohort_posterior_hazard","exact","tau1",0.922107180175,2.22407458715,-1.301967406975,0,0,1.00429605149077,0
"n150_r059",150,59,"v2_cohort_posterior_hazard","exact","sigma_y",1.278369295,1.692879175725,-0.414509880725,0,0,1.00429605149077,0
"n150_r060",150,60,"v2_cohort_posterior_hazard","censored","beta1",-2.6166280731,-3.233727302575,0.617099229475,1,0,1.00810129388284,0
"n150_r060",150,60,"v2_cohort_posterior_hazard","censored","tau1",2.1330182605,2.22407458715,-0.09105632665,1,0,1.00810129388284,0
"n150_r060",150,60,"v2_cohort_posterior_hazard","censored","sigma_y",1.6822277105,1.692879175725,-0.0106514652249998,1,0,1.00810129388284,0
"n150_r060",150,60,"v2_cohort_posterior_hazard","exact","beta1",-2.38714262455,-3.233727302575,0.846584678025,0,0,1.00492254881969,0
"n150_r060",150,60,"v2_cohort_posterior_hazard","exact","tau1",0.91019075224,2.22407458715,-1.31388383491,0,0,1.00492254881969,0
"n150_r060",150,60,"v2_cohort_posterior_hazard","exact","sigma_y",1.24416828595,1.692879175725,-0.448710889775,0,0,1.00492254881969,0
"n150_r061",150,61,"v2_cohort_posterior_hazard","censored","beta1",-2.3271787167,-3.233727302575,0.906548585875,0,0,1.00600619531669,0
"n150_r061",150,61,"v2_cohort_posterior_hazard","censored","tau1",2.2878165239,2.22407458715,0.0637419367500001,1,0,1.00600619531669,0
"n150_r061",150,61,"v2_cohort_posterior_hazard","censored","sigma_y",1.7486000711,1.692879175725,0.0557208953750001,1,0,1.00600619531669,0
"n150_r061",150,61,"v2_cohort_posterior_hazard","exact","beta1",-2.13883774485,-3.233727302575,1.094889557725,0,0,1.0039646330745,0
"n150_r061",150,61,"v2_cohort_posterior_hazard","exact","tau1",1.180911173015,2.22407458715,-1.043163414135,0,0,1.0039646330745,0
"n150_r061",150,61,"v2_cohort_posterior_hazard","exact","sigma_y",1.2748959407,1.692879175725,-0.417983235025,0,0,1.0039646330745,0
"n150_r062",150,62,"v2_cohort_posterior_hazard","censored","beta1",-2.81499742535,-3.233727302575,0.418729877225,1,0,1.00708617245105,0
"n150_r062",150,62,"v2_cohort_posterior_hazard","censored","tau1",2.30285546365,2.22407458715,0.0787808764999998,1,0,1.00708617245105,0
"n150_r062",150,62,"v2_cohort_posterior_hazard","censored","sigma_y",1.7258505544,1.692879175725,0.0329713786750001,1,0,1.00708617245105,0
"n150_r062",150,62,"v2_cohort_posterior_hazard","exact","beta1",-2.62655327255,-3.233727302575,0.607174030025,0,0,1.00858593929892,0
"n150_r062",150,62,"v2_cohort_posterior_hazard","exact","tau1",1.15706634902,2.22407458715,-1.06700823813,0,0,1.00858593929892,0
"n150_r062",150,62,"v2_cohort_posterior_hazard","exact","sigma_y",1.328001212,1.692879175725,-0.364877963725,0,0,1.00858593929892,0
"n150_r063",150,63,"v2_cohort_posterior_hazard","censored","beta1",-2.67500559635,-3.233727302575,0.558721706225,1,0,1.00418264118751,0
"n150_r063",150,63,"v2_cohort_posterior_hazard","censored","tau1",1.961117026,2.22407458715,-0.26295756115,1,0,1.00418264118751,0
"n150_r063",150,63,"v2_cohort_posterior_hazard","censored","sigma_y",1.6777749837,1.692879175725,-0.0151041920249999,1,0,1.00418264118751,0
"n150_r063",150,63,"v2_cohort_posterior_hazard","exact","beta1",-2.4298872405,-3.233727302575,0.803840062075,0,0,1.00837520996232,0
"n150_r063",150,63,"v2_cohort_posterior_hazard","exact","tau1",1.08037953976,2.22407458715,-1.14369504739,0,0,1.00837520996232,0
"n150_r063",150,63,"v2_cohort_posterior_hazard","exact","sigma_y",1.34829547375,1.692879175725,-0.344583701975,0,0,1.00837520996232,0
"n150_r064",150,64,"v2_cohort_posterior_hazard","censored","beta1",-2.92864768965,-3.233727302575,0.305079612925,1,0,1.0047005962229,0
"n150_r064",150,64,"v2_cohort_posterior_hazard","censored","tau1",2.38648239875,2.22407458715,0.1624078116,1,0,1.0047005962229,0
"n150_r064",150,64,"v2_cohort_posterior_hazard","censored","sigma_y",1.79145753325,1.692879175725,0.0985783575250001,0,0,1.0047005962229,0
"n150_r064",150,64,"v2_cohort_posterior_hazard","exact","beta1",-2.65935247085,-3.233727302575,0.574374831725,0,0,1.0051664940491,0
"n150_r064",150,64,"v2_cohort_posterior_hazard","exact","tau1",1.228899944205,2.22407458715,-0.995174642945,0,0,1.0051664940491,0
"n150_r064",150,64,"v2_cohort_posterior_hazard","exact","sigma_y",1.3766861549,1.692879175725,-0.316193020825,0,0,1.0051664940491,0
"n150_r065",150,65,"v2_cohort_posterior_hazard","censored","beta1",-2.83024329795,-3.233727302575,0.403484004625,1,0,1.00494689941183,0
"n150_r065",150,65,"v2_cohort_posterior_hazard","censored","tau1",2.3923720625,2.22407458715,0.16829747535,1,0,1.00494689941183,0
"n150_r065",150,65,"v2_cohort_posterior_hazard","censored","sigma_y",1.68598360465,1.692879175725,-0.00689557107499983,1,0,1.00494689941183,0
"n150_r065",150,65,"v2_cohort_posterior_hazard","exact","beta1",-2.5487371377,-3.233727302575,0.684990164875,0,0,1.00413114219316,0
"n150_r065",150,65,"v2_cohort_posterior_hazard","exact","tau1",1.171502267205,2.22407458715,-1.052572319945,0,0,1.00413114219316,0
"n150_r065",150,65,"v2_cohort_posterior_hazard","exact","sigma_y",1.2793778132,1.692879175725,-0.413501362525,0,0,1.00413114219316,0
"n150_r066",150,66,"v2_cohort_posterior_hazard","censored","beta1",-3.24147997,-3.233727302575,-0.00775266742499969,1,0,1.00417641588543,0
"n150_r066",150,66,"v2_cohort_posterior_hazard","censored","tau1",2.5670978178,2.22407458715,0.34302323065,1,0,1.00417641588543,0
"n150_r066",150,66,"v2_cohort_posterior_hazard","censored","sigma_y",1.7450521233,1.692879175725,0.0521729475750001,1,0,1.00417641588543,0
"n150_r066",150,66,"v2_cohort_posterior_hazard","exact","beta1",-2.9728659424,-3.233727302575,0.260861360175,1,0,1.00469115647564,0
"n150_r066",150,66,"v2_cohort_posterior_hazard","exact","tau1",1.101021491595,2.22407458715,-1.123053095555,0,0,1.00469115647564,0
"n150_r066",150,66,"v2_cohort_posterior_hazard","exact","sigma_y",1.25095292545,1.692879175725,-0.441926250275,0,0,1.00469115647564,0
"n150_r067",150,67,"v2_cohort_posterior_hazard","censored","beta1",-3.0883460732,-3.233727302575,0.145381229375,1,0,1.00500489469406,0
"n150_r067",150,67,"v2_cohort_posterior_hazard","censored","tau1",1.9352104681,2.22407458715,-0.28886411905,1,0,1.00500489469406,0
"n150_r067",150,67,"v2_cohort_posterior_hazard","censored","sigma_y",1.74722930895,1.692879175725,0.054350133225,1,0,1.00500489469406,0
"n150_r067",150,67,"v2_cohort_posterior_hazard","exact","beta1",-2.64228951205,-3.233727302575,0.591437790525,0,0,1.00556390277523,0
"n150_r067",150,67,"v2_cohort_posterior_hazard","exact","tau1",0.85482135124,2.22407458715,-1.36925323591,0,0,1.00556390277523,0
"n150_r067",150,67,"v2_cohort_posterior_hazard","exact","sigma_y",1.2562064764,1.692879175725,-0.436672699325,0,0,1.00556390277523,0
"n150_r068",150,68,"v2_cohort_posterior_hazard","censored","beta1",-3.15249419335,-3.233727302575,0.0812331092250003,1,0,1.00467866350352,0
"n150_r068",150,68,"v2_cohort_posterior_hazard","censored","tau1",2.2608558879,2.22407458715,0.03678130075,1,0,1.00467866350352,0
"n150_r068",150,68,"v2_cohort_posterior_hazard","censored","sigma_y",1.6999353446,1.692879175725,0.00705616887500016,1,0,1.00467866350352,0
"n150_r068",150,68,"v2_cohort_posterior_hazard","exact","beta1",-2.72198971415,-3.233727302575,0.511737588425,1,0,1.00521495889988,0
"n150_r068",150,68,"v2_cohort_posterior_hazard","exact","tau1",0.98980408372,2.22407458715,-1.23427050343,0,0,1.00521495889988,0
"n150_r068",150,68,"v2_cohort_posterior_hazard","exact","sigma_y",1.2825392101,1.692879175725,-0.410339965625,0,0,1.00521495889988,0
"n150_r069",150,69,"v2_cohort_posterior_hazard","censored","beta1",-3.13530338565,-3.233727302575,0.0984239169250003,1,0,1.00380908416875,0
"n150_r069",150,69,"v2_cohort_posterior_hazard","censored","tau1",2.49175537845,2.22407458715,0.2676807913,1,0,1.00380908416875,0
"n150_r069",150,69,"v2_cohort_posterior_hazard","censored","sigma_y",1.6705992293,1.692879175725,-0.0222799464249999,1,0,1.00380908416875,0
"n150_r069",150,69,"v2_cohort_posterior_hazard","exact","beta1",-2.85213601565,-3.233727302575,0.381591286925,1,0,1.00555705303856,0
"n150_r069",150,69,"v2_cohort_posterior_hazard","exact","tau1",1.200085213265,2.22407458715,-1.023989373885,0,0,1.00555705303856,0
"n150_r069",150,69,"v2_cohort_posterior_hazard","exact","sigma_y",1.22313290035,1.692879175725,-0.469746275375,0,0,1.00555705303856,0
"n150_r070",150,70,"v2_cohort_posterior_hazard","censored","beta1",-2.58887657895,-3.233727302575,0.644850723625,1,0,1.00555566304468,0
"n150_r070",150,70,"v2_cohort_posterior_hazard","censored","tau1",2.1118680504,2.22407458715,-0.11220653675,1,0,1.00555566304468,0
"n150_r070",150,70,"v2_cohort_posterior_hazard","censored","sigma_y",1.72343347405,1.692879175725,0.030554298325,1,0,1.00555566304468,0
"n150_r070",150,70,"v2_cohort_posterior_hazard","exact","beta1",-2.24491156345,-3.233727302575,0.988815739125,0,0,1.00404164403373,0
"n150_r070",150,70,"v2_cohort_posterior_hazard","exact","tau1",1.011264860525,2.22407458715,-1.212809726625,0,0,1.00404164403373,0
"n150_r070",150,70,"v2_cohort_posterior_hazard","exact","sigma_y",1.2344477645,1.692879175725,-0.458431411225,0,0,1.00404164403373,0
"n150_r071",150,71,"v2_cohort_posterior_hazard","censored","beta1",-3.50153972755,-3.233727302575,-0.267812424975,1,0,1.00545234575212,0
"n150_r071",150,71,"v2_cohort_posterior_hazard","censored","tau1",2.24096344025,2.22407458715,0.0168888530999998,1,0,1.00545234575212,0
"n150_r071",150,71,"v2_cohort_posterior_hazard","censored","sigma_y",1.67400244155,1.692879175725,-0.0188767341749998,1,0,1.00545234575212,0
"n150_r071",150,71,"v2_cohort_posterior_hazard","exact","beta1",-3.2059491514,-3.233727302575,0.0277781511750002,1,0,1.00443713036745,0
"n150_r071",150,71,"v2_cohort_posterior_hazard","exact","tau1",0.97690472045,2.22407458715,-1.2471698667,0,0,1.00443713036745,0
"n150_r071",150,71,"v2_cohort_posterior_hazard","exact","sigma_y",1.2005223646,1.692879175725,-0.492356811125,0,0,1.00443713036745,0
"n150_r072",150,72,"v2_cohort_posterior_hazard","censored","beta1",-2.129461810465,-3.233727302575,1.10426549211,0,0,1.00537976520902,0
"n150_r072",150,72,"v2_cohort_posterior_hazard","censored","tau1",2.3023036375,2.22407458715,0.0782290503500001,1,0,1.00537976520902,0
"n150_r072",150,72,"v2_cohort_posterior_hazard","censored","sigma_y",1.75937081955,1.692879175725,0.0664916438250001,1,0,1.00537976520902,0
"n150_r072",150,72,"v2_cohort_posterior_hazard","exact","beta1",-1.97109019955,-3.233727302575,1.262637103025,0,0,1.00457238574419,0
"n150_r072",150,72,"v2_cohort_posterior_hazard","exact","tau1",1.07042363667,2.22407458715,-1.15365095048,0,0,1.00457238574419,0
"n150_r072",150,72,"v2_cohort_posterior_hazard","exact","sigma_y",1.2921756626,1.692879175725,-0.400703513125,0,0,1.00457238574419,0
"n150_r073",150,73,"v2_cohort_posterior_hazard","censored","beta1",-3.0168415343,-3.233727302575,0.216885768275,1,0,1.00590414480852,0
"n150_r073",150,73,"v2_cohort_posterior_hazard","censored","tau1",2.190771695,2.22407458715,-0.03330289215,1,0,1.00590414480852,0
"n150_r073",150,73,"v2_cohort_posterior_hazard","censored","sigma_y",1.77300887335,1.692879175725,0.0801296976250001,1,0,1.00590414480852,0
"n150_r073",150,73,"v2_cohort_posterior_hazard","exact","beta1",-2.54793082105,-3.233727302575,0.685796481525,0,0,1.00647991512604,0
"n150_r073",150,73,"v2_cohort_posterior_hazard","exact","tau1",1.25101774852,2.22407458715,-0.97305683863,0,0,1.00647991512604,0
"n150_r073",150,73,"v2_cohort_posterior_hazard","exact","sigma_y",1.33628079265,1.692879175725,-0.356598383075,0,0,1.00647991512604,0
"n150_r074",150,74,"v2_cohort_posterior_hazard","censored","beta1",-2.314327641915,-3.233727302575,0.91939966066,0,0,1.00980794439647,0
"n150_r074",150,74,"v2_cohort_posterior_hazard","censored","tau1",2.1069588296,2.22407458715,-0.11711575755,1,0,1.00980794439647,0
"n150_r074",150,74,"v2_cohort_posterior_hazard","censored","sigma_y",1.70047616655,1.692879175725,0.00759699082499998,1,0,1.00980794439647,0
"n150_r074",150,74,"v2_cohort_posterior_hazard","exact","beta1",-2.1538440046,-3.233727302575,1.079883297975,0,0,1.00593209430259,0
"n150_r074",150,74,"v2_cohort_posterior_hazard","exact","tau1",1.047136990845,2.22407458715,-1.176937596305,0,0,1.00593209430259,0
"n150_r074",150,74,"v2_cohort_posterior_hazard","exact","sigma_y",1.2651947895,1.692879175725,-0.427684386225,0,0,1.00593209430259,0
"n150_r075",150,75,"v2_cohort_posterior_hazard","censored","beta1",-2.72978069305,-3.233727302575,0.503946609525,1,0,1.00373105330013,0
"n150_r075",150,75,"v2_cohort_posterior_hazard","censored","tau1",1.968883946,2.22407458715,-0.25519064115,1,0,1.00373105330013,0
"n150_r075",150,75,"v2_cohort_posterior_hazard","censored","sigma_y",1.68362516445,1.692879175725,-0.00925401127499992,1,0,1.00373105330013,0
"n150_r075",150,75,"v2_cohort_posterior_hazard","exact","beta1",-2.3731949914,-3.233727302575,0.860532311175,0,0,1.00742700074238,0
"n150_r075",150,75,"v2_cohort_posterior_hazard","exact","tau1",0.92338846674,2.22407458715,-1.30068612041,0,0,1.00742700074238,0
"n150_r075",150,75,"v2_cohort_posterior_hazard","exact","sigma_y",1.2149486534,1.692879175725,-0.477930522325,0,0,1.00742700074238,0
"n150_r076",150,76,"v2_cohort_posterior_hazard","censored","beta1",-2.868965904,-3.233727302575,0.364761398575,1,0,1.00732134954743,0
"n150_r076",150,76,"v2_cohort_posterior_hazard","censored","tau1",2.33471117015,2.22407458715,0.110636583,1,0,1.00732134954743,0
"n150_r076",150,76,"v2_cohort_posterior_hazard","censored","sigma_y",1.64900858495,1.692879175725,-0.0438705907749999,1,0,1.00732134954743,0
"n150_r076",150,76,"v2_cohort_posterior_hazard","exact","beta1",-2.63876018645,-3.233727302575,0.594967116125,0,0,1.00785936338365,0
"n150_r076",150,76,"v2_cohort_posterior_hazard","exact","tau1",1.10223801907,2.22407458715,-1.12183656808,0,0,1.00785936338365,0
"n150_r076",150,76,"v2_cohort_posterior_hazard","exact","sigma_y",1.2297634912,1.692879175725,-0.463115684525,0,0,1.00785936338365,0
"n150_r077",150,77,"v2_cohort_posterior_hazard","censored","beta1",-2.7594327225,-3.233727302575,0.474294580075,1,0,1.00712562095362,0
"n150_r077",150,77,"v2_cohort_posterior_hazard","censored","tau1",2.4748205504,2.22407458715,0.25074596325,1,0,1.00712562095362,0
"n150_r077",150,77,"v2_cohort_posterior_hazard","censored","sigma_y",1.6588871159,1.692879175725,-0.0339920598249999,1,0,1.00712562095362,0
"n150_r077",150,77,"v2_cohort_posterior_hazard","exact","beta1",-2.2842765762,-3.233727302575,0.949450726375,0,0,1.00661454357427,0
"n150_r077",150,77,"v2_cohort_posterior_hazard","exact","tau1",1.01245755928,2.22407458715,-1.21161702787,0,0,1.00661454357427,0
"n150_r077",150,77,"v2_cohort_posterior_hazard","exact","sigma_y",1.25548672955,1.692879175725,-0.437392446175,0,0,1.00661454357427,0
"n150_r078",150,78,"v2_cohort_posterior_hazard","censored","beta1",-2.8173653551,-3.233727302575,0.416361947475,1,0,1.00841564228642,0
"n150_r078",150,78,"v2_cohort_posterior_hazard","censored","tau1",1.86044750865,2.22407458715,-0.3636270785,0,0,1.00841564228642,0
"n150_r078",150,78,"v2_cohort_posterior_hazard","censored","sigma_y",1.6260939733,1.692879175725,-0.066785202425,1,0,1.00841564228642,0
"n150_r078",150,78,"v2_cohort_posterior_hazard","exact","beta1",-2.59938377905,-3.233727302575,0.634343523525,0,0,1.00570279911546,0
"n150_r078",150,78,"v2_cohort_posterior_hazard","exact","tau1",1.04582054035,2.22407458715,-1.1782540468,0,0,1.00570279911546,0
"n150_r078",150,78,"v2_cohort_posterior_hazard","exact","sigma_y",1.22100248955,1.692879175725,-0.471876686175,0,0,1.00570279911546,0
"n150_r079",150,79,"v2_cohort_posterior_hazard","censored","beta1",-2.4580872007,-3.233727302575,0.775640101875,0,0,1.00319815040904,0
"n150_r079",150,79,"v2_cohort_posterior_hazard","censored","tau1",2.2246397066,2.22407458715,0.00056511945000004,1,0,1.00319815040904,0
"n150_r079",150,79,"v2_cohort_posterior_hazard","censored","sigma_y",1.66123246155,1.692879175725,-0.0316467141749999,1,0,1.00319815040904,0
"n150_r079",150,79,"v2_cohort_posterior_hazard","exact","beta1",-2.2324783543,-3.233727302575,1.001248948275,0,0,1.00350511938178,0
"n150_r079",150,79,"v2_cohort_posterior_hazard","exact","tau1",1.168236787895,2.22407458715,-1.055837799255,0,0,1.00350511938178,0
"n150_r079",150,79,"v2_cohort_posterior_hazard","exact","sigma_y",1.31978595865,1.692879175725,-0.373093217075,0,0,1.00350511938178,0
"n150_r080",150,80,"v2_cohort_posterior_hazard","censored","beta1",-3.1068741479,-3.233727302575,0.126853154675,1,0,1.00227764911547,0
"n150_r080",150,80,"v2_cohort_posterior_hazard","censored","tau1",2.2111303652,2.22407458715,-0.0129442219500002,1,0,1.00227764911547,0
"n150_r080",150,80,"v2_cohort_posterior_hazard","censored","sigma_y",1.66802787865,1.692879175725,-0.0248512970749999,1,0,1.00227764911547,0
"n150_r080",150,80,"v2_cohort_posterior_hazard","exact","beta1",-2.729760583,-3.233727302575,0.503966719575,0,0,1.0039012734873,0
"n150_r080",150,80,"v2_cohort_posterior_hazard","exact","tau1",1.23574776969,2.22407458715,-0.98832681746,0,0,1.0039012734873,0
"n150_r080",150,80,"v2_cohort_posterior_hazard","exact","sigma_y",1.2497068802,1.692879175725,-0.443172295525,0,0,1.0039012734873,0
"n150_r081",150,81,"v2_cohort_posterior_hazard","censored","beta1",-2.6474078346,-3.233727302575,0.586319467975,1,0,1.00544784545868,0
"n150_r081",150,81,"v2_cohort_posterior_hazard","censored","tau1",2.025464811,2.22407458715,-0.19860977615,1,0,1.00544784545868,0
"n150_r081",150,81,"v2_cohort_posterior_hazard","censored","sigma_y",1.68267816835,1.692879175725,-0.0102010073749998,1,0,1.00544784545868,0
"n150_r081",150,81,"v2_cohort_posterior_hazard","exact","beta1",-2.2942631452,-3.233727302575,0.939464157375,0,0,1.00272036652021,0
"n150_r081",150,81,"v2_cohort_posterior_hazard","exact","tau1",0.96486192555,2.22407458715,-1.2592126616,0,0,1.00272036652021,0
"n150_r081",150,81,"v2_cohort_posterior_hazard","exact","sigma_y",1.27138080545,1.692879175725,-0.421498370275,0,0,1.00272036652021,0
"n150_r082",150,82,"v2_cohort_posterior_hazard","censored","beta1",-2.8530896732,-3.233727302575,0.380637629375,1,0,1.00656158085271,0
"n150_r082",150,82,"v2_cohort_posterior_hazard","censored","tau1",1.86300860575,2.22407458715,-0.3610659814,0,0,1.00656158085271,0
"n150_r082",150,82,"v2_cohort_posterior_hazard","censored","sigma_y",1.67128441885,1.692879175725,-0.0215947568749999,1,0,1.00656158085271,0
"n150_r082",150,82,"v2_cohort_posterior_hazard","exact","beta1",-2.6776744644,-3.233727302575,0.556052838175,0,0,1.00490477195956,0
"n150_r082",150,82,"v2_cohort_posterior_hazard","exact","tau1",0.91690107231,2.22407458715,-1.30717351484,0,0,1.00490477195956,0
"n150_r082",150,82,"v2_cohort_posterior_hazard","exact","sigma_y",1.2364665341,1.692879175725,-0.456412641625,0,0,1.00490477195956,0
"n150_r083",150,83,"v2_cohort_posterior_hazard","censored","beta1",-3.1712272115,-3.233727302575,0.062500091075,1,0,1.00912153831989,0
"n150_r083",150,83,"v2_cohort_posterior_hazard","censored","tau1",2.01610153085,2.22407458715,-0.2079730563,1,0,1.00912153831989,0
"n150_r083",150,83,"v2_cohort_posterior_hazard","censored","sigma_y",1.62660412175,1.692879175725,-0.0662750539749999,1,0,1.00912153831989,0
"n150_r083",150,83,"v2_cohort_posterior_hazard","exact","beta1",-2.82112164245,-3.233727302575,0.412605660125,1,0,1.00434016504579,0
"n150_r083",150,83,"v2_cohort_posterior_hazard","exact","tau1",0.840693097195,2.22407458715,-1.383381489955,0,0,1.00434016504579,0
"n150_r083",150,83,"v2_cohort_posterior_hazard","exact","sigma_y",1.24866015995,1.692879175725,-0.444219015775,0,0,1.00434016504579,0
"n150_r084",150,84,"v2_cohort_posterior_hazard","censored","beta1",-2.50719125029,-3.233727302575,0.726536052285,1,0,1.00433993041008,0
"n150_r084",150,84,"v2_cohort_posterior_hazard","censored","tau1",2.2937283709,2.22407458715,0.0696537837499998,1,0,1.00433993041008,0
"n150_r084",150,84,"v2_cohort_posterior_hazard","censored","sigma_y",1.7767131946,1.692879175725,0.0838340188750002,1,0,1.00433993041008,0
"n150_r084",150,84,"v2_cohort_posterior_hazard","exact","beta1",-2.33795616755,-3.233727302575,0.895771135025,0,0,1.00695672596853,0
"n150_r084",150,84,"v2_cohort_posterior_hazard","exact","tau1",1.02319260757,2.22407458715,-1.20088197958,0,0,1.00695672596853,0
"n150_r084",150,84,"v2_cohort_posterior_hazard","exact","sigma_y",1.3292689346,1.692879175725,-0.363610241125,0,0,1.00695672596853,0
"n150_r085",150,85,"v2_cohort_posterior_hazard","censored","beta1",-2.99965935485,-3.233727302575,0.234067947725,1,0,1.0049133708994,0
"n150_r085",150,85,"v2_cohort_posterior_hazard","censored","tau1",2.1767037137,2.22407458715,-0.0473708734500002,1,0,1.0049133708994,0
"n150_r085",150,85,"v2_cohort_posterior_hazard","censored","sigma_y",1.7129153939,1.692879175725,0.020036218175,1,0,1.0049133708994,0
"n150_r085",150,85,"v2_cohort_posterior_hazard","exact","beta1",-2.68497902845,-3.233727302575,0.548748274125,0,0,1.00548763290496,0
"n150_r085",150,85,"v2_cohort_posterior_hazard","exact","tau1",0.84812587175,2.22407458715,-1.3759487154,0,0,1.00548763290496,0
"n150_r085",150,85,"v2_cohort_posterior_hazard","exact","sigma_y",1.25774282545,1.692879175725,-0.435136350275,0,0,1.00548763290496,0
"n150_r086",150,86,"v2_cohort_posterior_hazard","censored","beta1",-2.5426803709,-3.233727302575,0.691046931675,1,0,1.00463201110265,0
"n150_r086",150,86,"v2_cohort_posterior_hazard","censored","tau1",2.3357202828,2.22407458715,0.11164569565,1,0,1.00463201110265,0
"n150_r086",150,86,"v2_cohort_posterior_hazard","censored","sigma_y",1.63402555085,1.692879175725,-0.058853624875,1,0,1.00463201110265,0
"n150_r086",150,86,"v2_cohort_posterior_hazard","exact","beta1",-2.17602667045,-3.233727302575,1.057700632125,0,0,1.00708307579773,0
"n150_r086",150,86,"v2_cohort_posterior_hazard","exact","tau1",1.07101146033,2.22407458715,-1.15306312682,0,0,1.00708307579773,0
"n150_r086",150,86,"v2_cohort_posterior_hazard","exact","sigma_y",1.1998151288,1.692879175725,-0.493064046925,0,0,1.00708307579773,0
"n150_r087",150,87,"v2_cohort_posterior_hazard","censored","beta1",-2.8754922399,-3.233727302575,0.358235062675,1,0,1.00440898254951,0
"n150_r087",150,87,"v2_cohort_posterior_hazard","censored","tau1",2.3163162019,2.22407458715,0.0922416147499998,1,0,1.00440898254951,0
"n150_r087",150,87,"v2_cohort_posterior_hazard","censored","sigma_y",1.6410030868,1.692879175725,-0.0518760889249998,1,0,1.00440898254951,0
"n150_r087",150,87,"v2_cohort_posterior_hazard","exact","beta1",-2.6918099798,-3.233727302575,0.541917322775,0,0,1.00414058077438,0
"n150_r087",150,87,"v2_cohort_posterior_hazard","exact","tau1",1.234935208825,2.22407458715,-0.989139378325,0,0,1.00414058077438,0
"n150_r087",150,87,"v2_cohort_posterior_hazard","exact","sigma_y",1.21556389725,1.692879175725,-0.477315278475,0,0,1.00414058077438,0
"n150_r088",150,88,"v2_cohort_posterior_hazard","censored","beta1",-3.12114971645,-3.233727302575,0.112577586125,1,0,1.00271108183328,0
"n150_r088",150,88,"v2_cohort_posterior_hazard","censored","tau1",2.1634390077,2.22407458715,-0.06063557945,1,0,1.00271108183328,0
"n150_r088",150,88,"v2_cohort_posterior_hazard","censored","sigma_y",1.62645365825,1.692879175725,-0.0664255174749999,1,0,1.00271108183328,0
"n150_r088",150,88,"v2_cohort_posterior_hazard","exact","beta1",-2.8757683409,-3.233727302575,0.357958961675,1,0,1.00552831872453,0
"n150_r088",150,88,"v2_cohort_posterior_hazard","exact","tau1",0.921945018325,2.22407458715,-1.302129568825,0,0,1.00552831872453,0
"n150_r088",150,88,"v2_cohort_posterior_hazard","exact","sigma_y",1.23635476645,1.692879175725,-0.456524409275,0,0,1.00552831872453,0
"n150_r089",150,89,"v2_cohort_posterior_hazard","censored","beta1",-2.41739043655,-3.233727302575,0.816336866025,0,0,1.00620104106767,0
"n150_r089",150,89,"v2_cohort_posterior_hazard","censored","tau1",2.28465519325,2.22407458715,0.0605806060999998,1,0,1.00620104106767,0
"n150_r089",150,89,"v2_cohort_posterior_hazard","censored","sigma_y",1.67534781085,1.692879175725,-0.017531364875,1,0,1.00620104106767,0
"n150_r089",150,89,"v2_cohort_posterior_hazard","exact","beta1",-2.0942963033,-3.233727302575,1.139430999275,0,0,1.00673046079788,0
"n150_r089",150,89,"v2_cohort_posterior_hazard","exact","tau1",1.13043252264,2.22407458715,-1.09364206451,0,0,1.00673046079788,0
"n150_r089",150,89,"v2_cohort_posterior_hazard","exact","sigma_y",1.25448155795,1.692879175725,-0.438397617775,0,0,1.00673046079788,0
"n150_r090",150,90,"v2_cohort_posterior_hazard","censored","beta1",-3.4173903924,-3.233727302575,-0.183663089825,1,0,1.00361482215992,0
"n150_r090",150,90,"v2_cohort_posterior_hazard","censored","tau1",2.1013241135,2.22407458715,-0.12275047365,1,0,1.00361482215992,0
"n150_r090",150,90,"v2_cohort_posterior_hazard","censored","sigma_y",1.6788587802,1.692879175725,-0.014020395525,1,0,1.00361482215992,0
"n150_r090",150,90,"v2_cohort_posterior_hazard","exact","beta1",-3.0488699745,-3.233727302575,0.184857328075,1,0,1.00589884340568,0
"n150_r090",150,90,"v2_cohort_posterior_hazard","exact","tau1",0.97954799299,2.22407458715,-1.24452659416,0,0,1.00589884340568,0
"n150_r090",150,90,"v2_cohort_posterior_hazard","exact","sigma_y",1.1892551216,1.692879175725,-0.503624054125,0,0,1.00589884340568,0
"n150_r091",150,91,"v2_cohort_posterior_hazard","censored","beta1",-2.46338682965,-3.233727302575,0.770340472925,0,0,1.00767657538029,0
"n150_r091",150,91,"v2_cohort_posterior_hazard","censored","tau1",2.43549619095,2.22407458715,0.2114216038,1,0,1.00767657538029,0
"n150_r091",150,91,"v2_cohort_posterior_hazard","censored","sigma_y",1.7174062885,1.692879175725,0.0245271127750002,1,0,1.00767657538029,0
"n150_r091",150,91,"v2_cohort_posterior_hazard","exact","beta1",-2.1880766339,-3.233727302575,1.045650668675,0,0,1.00379938205884,0
"n150_r091",150,91,"v2_cohort_posterior_hazard","exact","tau1",1.30414387643,2.22407458715,-0.91993071072,0,0,1.00379938205884,0
"n150_r091",150,91,"v2_cohort_posterior_hazard","exact","sigma_y",1.3263108881,1.692879175725,-0.366568287625,0,0,1.00379938205884,0
"n150_r092",150,92,"v2_cohort_posterior_hazard","censored","beta1",-2.42204251385,-3.233727302575,0.811684788725,0,0,1.00653199073216,0
"n150_r092",150,92,"v2_cohort_posterior_hazard","censored","tau1",2.241995465,2.22407458715,0.01792087785,1,0,1.00653199073216,0
"n150_r092",150,92,"v2_cohort_posterior_hazard","censored","sigma_y",1.6939393259,1.692879175725,0.00106015017500005,1,0,1.00653199073216,0
"n150_r092",150,92,"v2_cohort_posterior_hazard","exact","beta1",-2.3300027363,-3.233727302575,0.903724566275,0,0,1.0079089205395,0
"n150_r092",150,92,"v2_cohort_posterior_hazard","exact","tau1",1.2089244529,2.22407458715,-1.01515013425,0,0,1.0079089205395,0
"n150_r092",150,92,"v2_cohort_posterior_hazard","exact","sigma_y",1.3313328695,1.692879175725,-0.361546306225,0,0,1.0079089205395,0
"n150_r093",150,93,"v2_cohort_posterior_hazard","censored","beta1",-2.81548264745,-3.233727302575,0.418244655125,1,0,1.00663552470617,0
"n150_r093",150,93,"v2_cohort_posterior_hazard","censored","tau1",2.07496556905,2.22407458715,-0.1491090181,1,0,1.00663552470617,0
"n150_r093",150,93,"v2_cohort_posterior_hazard","censored","sigma_y",1.63866989575,1.692879175725,-0.0542092799749998,1,0,1.00663552470617,0
"n150_r093",150,93,"v2_cohort_posterior_hazard","exact","beta1",-2.5143166661,-3.233727302575,0.719410636475,0,0,1.00929067810252,0
"n150_r093",150,93,"v2_cohort_posterior_hazard","exact","tau1",0.996741190535,2.22407458715,-1.227333396615,0,0,1.00929067810252,0
"n150_r093",150,93,"v2_cohort_posterior_hazard","exact","sigma_y",1.219734382,1.692879175725,-0.473144793725,0,0,1.00929067810252,0
"n150_r094",150,94,"v2_cohort_posterior_hazard","censored","beta1",-2.60973955365,-3.233727302575,0.623987748925,1,0,1.0028681004751,0
"n150_r094",150,94,"v2_cohort_posterior_hazard","censored","tau1",2.4501333871,2.22407458715,0.22605879995,1,0,1.0028681004751,0
"n150_r094",150,94,"v2_cohort_posterior_hazard","censored","sigma_y",1.7311310769,1.692879175725,0.038251901175,1,0,1.0028681004751,0
"n150_r094",150,94,"v2_cohort_posterior_hazard","exact","beta1",-2.41280533,-3.233727302575,0.820921972575,0,0,1.0051343253442,0
"n150_r094",150,94,"v2_cohort_posterior_hazard","exact","tau1",1.272444138185,2.22407458715,-0.951630448965,0,0,1.0051343253442,0
"n150_r094",150,94,"v2_cohort_posterior_hazard","exact","sigma_y",1.29583074225,1.692879175725,-0.397048433475,0,0,1.0051343253442,0
"n150_r095",150,95,"v2_cohort_posterior_hazard","censored","beta1",-2.9613806213,-3.233727302575,0.272346681275,1,0,1.00715751364408,0
"n150_r095",150,95,"v2_cohort_posterior_hazard","censored","tau1",2.3292871652,2.22407458715,0.10521257805,1,0,1.00715751364408,0
"n150_r095",150,95,"v2_cohort_posterior_hazard","censored","sigma_y",1.6901131135,1.692879175725,-0.00276606222499987,1,0,1.00715751364408,0
"n150_r095",150,95,"v2_cohort_posterior_hazard","exact","beta1",-2.8077924719,-3.233727302575,0.425934830675,1,0,1.00335486538271,0
"n150_r095",150,95,"v2_cohort_posterior_hazard","exact","tau1",1.15973061961,2.22407458715,-1.06434396754,0,0,1.00335486538271,0
"n150_r095",150,95,"v2_cohort_posterior_hazard","exact","sigma_y",1.28367789415,1.692879175725,-0.409201281575,0,0,1.00335486538271,0
"n150_r096",150,96,"v2_cohort_posterior_hazard","censored","beta1",-3.4168756272,-3.233727302575,-0.183148324625,1,0,1.00434932556484,0
"n150_r096",150,96,"v2_cohort_posterior_hazard","censored","tau1",2.43761770915,2.22407458715,0.213543122,1,0,1.00434932556484,0
"n150_r096",150,96,"v2_cohort_posterior_hazard","censored","sigma_y",1.65974668535,1.692879175725,-0.0331324903749999,1,0,1.00434932556484,0
"n150_r096",150,96,"v2_cohort_posterior_hazard","exact","beta1",-3.05562594505,-3.233727302575,0.178101357525,1,0,1.00571759648452,0
"n150_r096",150,96,"v2_cohort_posterior_hazard","exact","tau1",1.3536130128,2.22407458715,-0.87046157435,0,0,1.00571759648452,0
"n150_r096",150,96,"v2_cohort_posterior_hazard","exact","sigma_y",1.2119958896,1.692879175725,-0.480883286125,0,0,1.00571759648452,0
"n150_r097",150,97,"v2_cohort_posterior_hazard","censored","beta1",-2.45302065025,-3.233727302575,0.780706652325,0,0,1.00536015520028,0
"n150_r097",150,97,"v2_cohort_posterior_hazard","censored","tau1",2.0756262944,2.22407458715,-0.14844829275,1,0,1.00536015520028,0
"n150_r097",150,97,"v2_cohort_posterior_hazard","censored","sigma_y",1.7628867608,1.692879175725,0.0700075850750002,1,0,1.00536015520028,0
"n150_r097",150,97,"v2_cohort_posterior_hazard","exact","beta1",-2.24362449285,-3.233727302575,0.990102809725,0,0,1.00366386513902,0
"n150_r097",150,97,"v2_cohort_posterior_hazard","exact","tau1",0.814117206395,2.22407458715,-1.409957380755,0,0,1.00366386513902,0
"n150_r097",150,97,"v2_cohort_posterior_hazard","exact","sigma_y",1.33146921625,1.692879175725,-0.361409959475,0,0,1.00366386513902,0
"n150_r098",150,98,"v2_cohort_posterior_hazard","censored","beta1",-2.89153453975,-3.233727302575,0.342192762825,1,0,1.00542379165031,0
"n150_r098",150,98,"v2_cohort_posterior_hazard","censored","tau1",2.4547270796,2.22407458715,0.23065249245,1,0,1.00542379165031,0
"n150_r098",150,98,"v2_cohort_posterior_hazard","censored","sigma_y",1.7475776343,1.692879175725,0.0546984585750001,1,0,1.00542379165031,0
"n150_r098",150,98,"v2_cohort_posterior_hazard","exact","beta1",-2.42805441095,-3.233727302575,0.805672891625,0,0,1.00513553974169,0
"n150_r098",150,98,"v2_cohort_posterior_hazard","exact","tau1",1.3028613905,2.22407458715,-0.92121319665,0,0,1.00513553974169,0
"n150_r098",150,98,"v2_cohort_posterior_hazard","exact","sigma_y",1.3442186655,1.692879175725,-0.348660510225,0,0,1.00513553974169,0
"n150_r099",150,99,"v2_cohort_posterior_hazard","censored","beta1",-2.83551370275,-3.233727302575,0.398213599825,1,0,1.00481788607589,0
"n150_r099",150,99,"v2_cohort_posterior_hazard","censored","tau1",2.3561536677,2.22407458715,0.13207908055,1,0,1.00481788607589,0
"n150_r099",150,99,"v2_cohort_posterior_hazard","censored","sigma_y",1.67834060285,1.692879175725,-0.0145385728749998,1,0,1.00481788607589,0
"n150_r099",150,99,"v2_cohort_posterior_hazard","exact","beta1",-2.49300212515,-3.233727302575,0.740725177425,0,0,1.00473728763365,0
"n150_r099",150,99,"v2_cohort_posterior_hazard","exact","tau1",1.04495607874,2.22407458715,-1.17911850841,0,0,1.00473728763365,0
"n150_r099",150,99,"v2_cohort_posterior_hazard","exact","sigma_y",1.2548680426,1.692879175725,-0.438011133125,0,0,1.00473728763365,0
"n150_r100",150,100,"v2_cohort_posterior_hazard","censored","beta1",-2.7590760762,-3.233727302575,0.474651226375,1,0,1.00513397903881,0
"n150_r100",150,100,"v2_cohort_posterior_hazard","censored","tau1",2.37200123105,2.22407458715,0.1479266439,1,0,1.00513397903881,0
"n150_r100",150,100,"v2_cohort_posterior_hazard","censored","sigma_y",1.6677441854,1.692879175725,-0.025134990325,1,0,1.00513397903881,0
"n150_r100",150,100,"v2_cohort_posterior_hazard","exact","beta1",-2.5930648895,-3.233727302575,0.640662413075,0,0,1.00589362568017,0
"n150_r100",150,100,"v2_cohort_posterior_hazard","exact","tau1",1.136680985645,2.22407458715,-1.087393601505,0,0,1.00589362568017,0
"n150_r100",150,100,"v2_cohort_posterior_hazard","exact","sigma_y",1.19752373385,1.692879175725,-0.495355441875,0,0,1.00589362568017,0
"n300_r001",300,1,"v2_cohort_posterior_hazard","censored","beta1",-2.9047162788,-3.233727302575,0.329011023775,1,0,1.00329347505985,0
"n300_r001",300,1,"v2_cohort_posterior_hazard","censored","tau1",2.08841624405,2.22407458715,-0.1356583431,1,0,1.00329347505985,0
"n300_r001",300,1,"v2_cohort_posterior_hazard","censored","sigma_y",1.70160170145,1.692879175725,0.0087225257250001,1,0,1.00329347505985,0
"n300_r001",300,1,"v2_cohort_posterior_hazard","exact","beta1",-2.41741779595,-3.233727302575,0.816309506625,0,0,1.00507027156211,0
"n300_r001",300,1,"v2_cohort_posterior_hazard","exact","tau1",1.046026992165,2.22407458715,-1.178047594985,0,0,1.00507027156211,0
"n300_r001",300,1,"v2_cohort_posterior_hazard","exact","sigma_y",1.26690484185,1.692879175725,-0.425974333875,0,0,1.00507027156211,0
"n300_r002",300,2,"v2_cohort_posterior_hazard","censored","beta1",-3.47557061565,-3.233727302575,-0.241843313075,1,0,1.00605858334236,0
"n300_r002",300,2,"v2_cohort_posterior_hazard","censored","tau1",2.47249585595,2.22407458715,0.2484212688,1,0,1.00605858334236,0
"n300_r002",300,2,"v2_cohort_posterior_hazard","censored","sigma_y",1.7181318541,1.692879175725,0.025252678375,1,0,1.00605858334236,0
"n300_r002",300,2,"v2_cohort_posterior_hazard","exact","beta1",-2.9941154334,-3.233727302575,0.239611869175,1,0,1.00401367898625,0
"n300_r002",300,2,"v2_cohort_posterior_hazard","exact","tau1",1.17715236104,2.22407458715,-1.04692222611,0,0,1.00401367898625,0
"n300_r002",300,2,"v2_cohort_posterior_hazard","exact","sigma_y",1.236919752,1.692879175725,-0.455959423725,0,0,1.00401367898625,0
"n300_r003",300,3,"v2_cohort_posterior_hazard","censored","beta1",-2.82429641995,-3.233727302575,0.409430882625,1,0,1.00380036076098,0
"n300_r003",300,3,"v2_cohort_posterior_hazard","censored","tau1",2.0801855951,2.22407458715,-0.14388899205,1,0,1.00380036076098,0
"n300_r003",300,3,"v2_cohort_posterior_hazard","censored","sigma_y",1.6630935378,1.692879175725,-0.0297856379249999,1,0,1.00380036076098,0
"n300_r003",300,3,"v2_cohort_posterior_hazard","exact","beta1",-2.42012854945,-3.233727302575,0.813598753125,0,0,1.00604406389024,0
"n300_r003",300,3,"v2_cohort_posterior_hazard","exact","tau1",1.00122387702,2.22407458715,-1.22285071013,0,0,1.00604406389024,0
"n300_r003",300,3,"v2_cohort_posterior_hazard","exact","sigma_y",1.23481447285,1.692879175725,-0.458064702875,0,0,1.00604406389024,0
"n300_r004",300,4,"v2_cohort_posterior_hazard","censored","beta1",-3.00519880215,-3.233727302575,0.228528500425,1,0,1.00276549123358,0
"n300_r004",300,4,"v2_cohort_posterior_hazard","censored","tau1",2.02857288595,2.22407458715,-0.1955017012,1,0,1.00276549123358,0
"n300_r004",300,4,"v2_cohort_posterior_hazard","censored","sigma_y",1.67610988895,1.692879175725,-0.016769286775,1,0,1.00276549123358,0
"n300_r004",300,4,"v2_cohort_posterior_hazard","exact","beta1",-2.6671198013,-3.233727302575,0.566607501275,0,0,1.00781550985858,0
"n300_r004",300,4,"v2_cohort_posterior_hazard","exact","tau1",1.07453389285,2.22407458715,-1.1495406943,0,0,1.00781550985858,0
"n300_r004",300,4,"v2_cohort_posterior_hazard","exact","sigma_y",1.262549258,1.692879175725,-0.430329917725,0,0,1.00781550985858,0
"n300_r005",300,5,"v2_cohort_posterior_hazard","censored","beta1",-3.0751251753,-3.233727302575,0.158602127275,1,0,1.00328080392899,0
"n300_r005",300,5,"v2_cohort_posterior_hazard","censored","tau1",2.1298347149,2.22407458715,-0.0942398722500002,1,0,1.00328080392899,0
"n300_r005",300,5,"v2_cohort_posterior_hazard","censored","sigma_y",1.685883235,1.692879175725,-0.00699594072499998,1,0,1.00328080392899,0
"n300_r005",300,5,"v2_cohort_posterior_hazard","exact","beta1",-2.79092023755,-3.233727302575,0.442807065025,0,0,1.00412069409033,0
"n300_r005",300,5,"v2_cohort_posterior_hazard","exact","tau1",0.89979430868,2.22407458715,-1.32428027847,0,0,1.00412069409033,0
"n300_r005",300,5,"v2_cohort_posterior_hazard","exact","sigma_y",1.2866090393,1.692879175725,-0.406270136425,0,0,1.00412069409033,0
"n300_r006",300,6,"v2_cohort_posterior_hazard","censored","beta1",-3.5638306418,-3.233727302575,-0.330103339225,1,0,1.00316603057463,0
"n300_r006",300,6,"v2_cohort_posterior_hazard","censored","tau1",2.1258225317,2.22407458715,-0.0982520554500002,1,0,1.00316603057463,0
"n300_r006",300,6,"v2_cohort_posterior_hazard","censored","sigma_y",1.6663414418,1.692879175725,-0.0265377339249999,1,0,1.00316603057463,0
"n300_r006",300,6,"v2_cohort_posterior_hazard","exact","beta1",-3.07457898025,-3.233727302575,0.159148322325,1,0,1.00401369139882,0
"n300_r006",300,6,"v2_cohort_posterior_hazard","exact","tau1",0.93671510669,2.22407458715,-1.28735948046,0,0,1.00401369139882,0
"n300_r006",300,6,"v2_cohort_posterior_hazard","exact","sigma_y",1.21502265425,1.692879175725,-0.477856521475,0,0,1.00401369139882,0
"n300_r007",300,7,"v2_cohort_posterior_hazard","censored","beta1",-3.14835148945,-3.233727302575,0.0853758131250002,1,0,1.00230350146309,0
"n300_r007",300,7,"v2_cohort_posterior_hazard","censored","tau1",2.06165717075,2.22407458715,-0.1624174164,1,0,1.00230350146309,0
"n300_r007",300,7,"v2_cohort_posterior_hazard","censored","sigma_y",1.65527102675,1.692879175725,-0.037608148975,1,0,1.00230350146309,0
"n300_r007",300,7,"v2_cohort_posterior_hazard","exact","beta1",-2.85529706185,-3.233727302575,0.378430240725,1,0,1.0049773178841,0
"n300_r007",300,7,"v2_cohort_posterior_hazard","exact","tau1",1.119833831805,2.22407458715,-1.104240755345,0,0,1.0049773178841,0
"n300_r007",300,7,"v2_cohort_posterior_hazard","exact","sigma_y",1.24584678465,1.692879175725,-0.447032391075,0,0,1.0049773178841,0
"n300_r008",300,8,"v2_cohort_posterior_hazard","censored","beta1",-3.1304530271,-3.233727302575,0.103274275475,1,0,1.0074852034358,0
"n300_r008",300,8,"v2_cohort_posterior_hazard","censored","tau1",2.22104032965,2.22407458715,-0.00303425749999997,1,0,1.0074852034358,0
"n300_r008",300,8,"v2_cohort_posterior_hazard","censored","sigma_y",1.65455479575,1.692879175725,-0.0383243799749999,1,0,1.0074852034358,0
"n300_r008",300,8,"v2_cohort_posterior_hazard","exact","beta1",-2.7469172112,-3.233727302575,0.486810091375,0,0,1.00428659580913,0
"n300_r008",300,8,"v2_cohort_posterior_hazard","exact","tau1",1.0480009475,2.22407458715,-1.17607363965,0,0,1.00428659580913,0
"n300_r008",300,8,"v2_cohort_posterior_hazard","exact","sigma_y",1.23231712265,1.692879175725,-0.460562053075,0,0,1.00428659580913,0
"n300_r009",300,9,"v2_cohort_posterior_hazard","censored","beta1",-2.7176300256,-3.233727302575,0.516097276975,1,0,1.0034407973525,0
"n300_r009",300,9,"v2_cohort_posterior_hazard","censored","tau1",2.39352922465,2.22407458715,0.1694546375,1,0,1.0034407973525,0
"n300_r009",300,9,"v2_cohort_posterior_hazard","censored","sigma_y",1.7673544872,1.692879175725,0.0744753114750001,0,0,1.0034407973525,0
"n300_r009",300,9,"v2_cohort_posterior_hazard","exact","beta1",-2.3133601699,-3.233727302575,0.920367132675,0,0,1.00277102783095,0
"n300_r009",300,9,"v2_cohort_posterior_hazard","exact","tau1",1.06522268104,2.22407458715,-1.15885190611,0,0,1.00277102783095,0
"n300_r009",300,9,"v2_cohort_posterior_hazard","exact","sigma_y",1.29387040735,1.692879175725,-0.399008768375,0,0,1.00277102783095,0
"n300_r010",300,10,"v2_cohort_posterior_hazard","censored","beta1",-2.20768091645,-3.233727302575,1.026046386125,0,0,1.00468703151725,0
"n300_r010",300,10,"v2_cohort_posterior_hazard","censored","tau1",2.3426072118,2.22407458715,0.11853262465,1,0,1.00468703151725,0
"n300_r010",300,10,"v2_cohort_posterior_hazard","censored","sigma_y",1.6699583413,1.692879175725,-0.0229208344249998,1,0,1.00468703151725,0
"n300_r010",300,10,"v2_cohort_posterior_hazard","exact","beta1",-2.1015893458,-3.233727302575,1.132137956775,0,0,1.00449805482649,0
"n300_r010",300,10,"v2_cohort_posterior_hazard","exact","tau1",1.27113512964,2.22407458715,-0.95293945751,0,0,1.00449805482649,0
"n300_r010",300,10,"v2_cohort_posterior_hazard","exact","sigma_y",1.267304071,1.692879175725,-0.425575104725,0,0,1.00449805482649,0
"n300_r011",300,11,"v2_cohort_posterior_hazard","censored","beta1",-2.552665463,-3.233727302575,0.681061839575,0,0,1.00428666276477,0
"n300_r011",300,11,"v2_cohort_posterior_hazard","censored","tau1",2.15585210995,2.22407458715,-0.0682224772,1,0,1.00428666276477,0
"n300_r011",300,11,"v2_cohort_posterior_hazard","censored","sigma_y",1.75526134285,1.692879175725,0.062382167125,1,0,1.00428666276477,0
"n300_r011",300,11,"v2_cohort_posterior_hazard","exact","beta1",-2.2106050656,-3.233727302575,1.023122236975,0,0,1.00489140585176,0
"n300_r011",300,11,"v2_cohort_posterior_hazard","exact","tau1",0.955777238725,2.22407458715,-1.268297348425,0,0,1.00489140585176,0
"n300_r011",300,11,"v2_cohort_posterior_hazard","exact","sigma_y",1.33167135285,1.692879175725,-0.361207822875,0,0,1.00489140585176,0
"n300_r012",300,12,"v2_cohort_posterior_hazard","censored","beta1",-2.9783416799,-3.233727302575,0.255385622675,1,0,1.00679465513292,0
"n300_r012",300,12,"v2_cohort_posterior_hazard","censored","tau1",2.27423444125,2.22407458715,0.0501598540999999,1,0,1.00679465513292,0
"n300_r012",300,12,"v2_cohort_posterior_hazard","censored","sigma_y",1.6624668178,1.692879175725,-0.030412357925,1,0,1.00679465513292,0
"n300_r012",300,12,"v2_cohort_posterior_hazard","exact","beta1",-2.56450696565,-3.233727302575,0.669220336925,0,0,1.00412785082595,0
"n300_r012",300,12,"v2_cohort_posterior_hazard","exact","tau1",1.1045199988,2.22407458715,-1.11955458835,0,0,1.00412785082595,0
"n300_r012",300,12,"v2_cohort_posterior_hazard","exact","sigma_y",1.20199251075,1.692879175725,-0.490886664975,0,0,1.00412785082595,0
"n300_r013",300,13,"v2_cohort_posterior_hazard","censored","beta1",-2.947623262,-3.233727302575,0.286104040575,1,0,1.00394287927407,0
"n300_r013",300,13,"v2_cohort_posterior_hazard","censored","tau1",2.3512628114,2.22407458715,0.12718822425,1,0,1.00394287927407,0
"n300_r013",300,13,"v2_cohort_posterior_hazard","censored","sigma_y",1.7202087413,1.692879175725,0.0273295655750001,1,0,1.00394287927407,0
"n300_r013",300,13,"v2_cohort_posterior_hazard","exact","beta1",-2.5245172249,-3.233727302575,0.709210077675,0,0,1.00404007997852,0
"n300_r013",300,13,"v2_cohort_posterior_hazard","exact","tau1",1.014638217315,2.22407458715,-1.209436369835,0,0,1.00404007997852,0
"n300_r013",300,13,"v2_cohort_posterior_hazard","exact","sigma_y",1.26999943155,1.692879175725,-0.422879744175,0,0,1.00404007997852,0
"n300_r014",300,14,"v2_cohort_posterior_hazard","censored","beta1",-3.1829560171,-3.233727302575,0.0507712854750002,1,0,1.00727604037991,0
"n300_r014",300,14,"v2_cohort_posterior_hazard","censored","tau1",2.28421118775,2.22407458715,0.0601366005999999,1,0,1.00727604037991,0
"n300_r014",300,14,"v2_cohort_posterior_hazard","censored","sigma_y",1.66452068245,1.692879175725,-0.0283584932749998,1,0,1.00727604037991,0
"n300_r014",300,14,"v2_cohort_posterior_hazard","exact","beta1",-2.69688106785,-3.233727302575,0.536846234725,0,0,1.0071271740744,0
"n300_r014",300,14,"v2_cohort_posterior_hazard","exact","tau1",1.09221193384,2.22407458715,-1.13186265331,0,0,1.0071271740744,0
"n300_r014",300,14,"v2_cohort_posterior_hazard","exact","sigma_y",1.23848150025,1.692879175725,-0.454397675475,0,0,1.0071271740744,0
"n300_r015",300,15,"v2_cohort_posterior_hazard","censored","beta1",-2.6661196419,-3.233727302575,0.567607660675,0,0,1.00567973946447,0
"n300_r015",300,15,"v2_cohort_posterior_hazard","censored","tau1",2.04279505755,2.22407458715,-0.1812795296,1,0,1.00567973946447,0
"n300_r015",300,15,"v2_cohort_posterior_hazard","censored","sigma_y",1.69134833385,1.692879175725,-0.00153084187499997,1,0,1.00567973946447,0
"n300_r015",300,15,"v2_cohort_posterior_hazard","exact","beta1",-2.32373345495,-3.233727302575,0.909993847625,0,0,1.00475637186588,0
"n300_r015",300,15,"v2_cohort_posterior_hazard","exact","tau1",1.087791970195,2.22407458715,-1.136282616955,0,0,1.00475637186588,0
"n300_r015",300,15,"v2_cohort_posterior_hazard","exact","sigma_y",1.2984353999,1.692879175725,-0.394443775825,0,0,1.00475637186588,0
"n300_r016",300,16,"v2_cohort_posterior_hazard","censored","beta1",-2.9717015335,-3.233727302575,0.262025769075,1,0,1.00427308692154,0
"n300_r016",300,16,"v2_cohort_posterior_hazard","censored","tau1",1.9532794469,2.22407458715,-0.27079514025,0,0,1.00427308692154,0
"n300_r016",300,16,"v2_cohort_posterior_hazard","censored","sigma_y",1.6533279097,1.692879175725,-0.0395512660249999,1,0,1.00427308692154,0
"n300_r016",300,16,"v2_cohort_posterior_hazard","exact","beta1",-2.6657973719,-3.233727302575,0.567929930675,0,0,1.00585497459141,0
"n300_r016",300,16,"v2_cohort_posterior_hazard","exact","tau1",1.07620366401,2.22407458715,-1.14787092314,0,0,1.00585497459141,0
"n300_r016",300,16,"v2_cohort_posterior_hazard","exact","sigma_y",1.22889725205,1.692879175725,-0.463981923675,0,0,1.00585497459141,0
"n300_r017",300,17,"v2_cohort_posterior_hazard","censored","beta1",-3.3434508781,-3.233727302575,-0.109723575525,1,0,1.00614747796551,0
"n300_r017",300,17,"v2_cohort_posterior_hazard","censored","tau1",2.3306032977,2.22407458715,0.10652871055,1,0,1.00614747796551,0
"n300_r017",300,17,"v2_cohort_posterior_hazard","censored","sigma_y",1.7103537809,1.692879175725,0.0174746051750001,1,0,1.00614747796551,0
"n300_r017",300,17,"v2_cohort_posterior_hazard","exact","beta1",-2.8145794734,-3.233727302575,0.419147829175,0,0,1.00536227656017,0
"n300_r017",300,17,"v2_cohort_posterior_hazard","exact","tau1",1.062461738765,2.22407458715,-1.161612848385,0,0,1.00536227656017,0
"n300_r017",300,17,"v2_cohort_posterior_hazard","exact","sigma_y",1.24122372735,1.692879175725,-0.451655448375,0,0,1.00536227656017,0
"n300_r018",300,18,"v2_cohort_posterior_hazard","censored","beta1",-2.88273737095,-3.233727302575,0.350989931625,1,0,1.00412106281051,0
"n300_r018",300,18,"v2_cohort_posterior_hazard","censored","tau1",2.20181102655,2.22407458715,-0.0222635605999999,1,0,1.00412106281051,0
"n300_r018",300,18,"v2_cohort_posterior_hazard","censored","sigma_y",1.7344823815,1.692879175725,0.041603205775,1,0,1.00412106281051,0
"n300_r018",300,18,"v2_cohort_posterior_hazard","exact","beta1",-2.64662611025,-3.233727302575,0.587101192325,0,0,1.00295938966791,0
"n300_r018",300,18,"v2_cohort_posterior_hazard","exact","tau1",1.03830495186,2.22407458715,-1.18576963529,0,0,1.00295938966791,0
"n300_r018",300,18,"v2_cohort_posterior_hazard","exact","sigma_y",1.2837823799,1.692879175725,-0.409096795825,0,0,1.00295938966791,0
"n300_r019",300,19,"v2_cohort_posterior_hazard","censored","beta1",-2.8925998367,-3.233727302575,0.341127465875,1,0,1.00348013448168,0
"n300_r019",300,19,"v2_cohort_posterior_hazard","censored","tau1",2.2333359161,2.22407458715,0.00926132895000009,1,0,1.00348013448168,0
"n300_r019",300,19,"v2_cohort_posterior_hazard","censored","sigma_y",1.73566664555,1.692879175725,0.0427874698250001,1,0,1.00348013448168,0
"n300_r019",300,19,"v2_cohort_posterior_hazard","exact","beta1",-2.6301996536,-3.233727302575,0.603527648975,0,0,1.00326782304231,0
"n300_r019",300,19,"v2_cohort_posterior_hazard","exact","tau1",1.09495174791,2.22407458715,-1.12912283924,0,0,1.00326782304231,0
"n300_r019",300,19,"v2_cohort_posterior_hazard","exact","sigma_y",1.3115209015,1.692879175725,-0.381358274225,0,0,1.00326782304231,0
"n300_r020",300,20,"v2_cohort_posterior_hazard","censored","beta1",-3.00614267475,-3.233727302575,0.227584627825,1,0,1.00673604483053,0
"n300_r020",300,20,"v2_cohort_posterior_hazard","censored","tau1",2.27081503545,2.22407458715,0.0467404483,1,0,1.00673604483053,0
"n300_r020",300,20,"v2_cohort_posterior_hazard","censored","sigma_y",1.66922180565,1.692879175725,-0.023657370075,1,0,1.00673604483053,0
"n300_r020",300,20,"v2_cohort_posterior_hazard","exact","beta1",-2.5828311963,-3.233727302575,0.650896106275,0,0,1.00490640550685,0
"n300_r020",300,20,"v2_cohort_posterior_hazard","exact","tau1",1.17148105514,2.22407458715,-1.05259353201,0,0,1.00490640550685,0
"n300_r020",300,20,"v2_cohort_posterior_hazard","exact","sigma_y",1.27548038955,1.692879175725,-0.417398786175,0,0,1.00490640550685,0
"n300_r021",300,21,"v2_cohort_posterior_hazard","censored","beta1",-3.2929936429,-3.233727302575,-0.0592663403249998,1,0,1.00348826839138,0
"n300_r021",300,21,"v2_cohort_posterior_hazard","censored","tau1",2.2228735467,2.22407458715,-0.00120104045000025,1,0,1.00348826839138,0
"n300_r021",300,21,"v2_cohort_posterior_hazard","censored","sigma_y",1.6569823268,1.692879175725,-0.035896848925,1,0,1.00348826839138,0
"n300_r021",300,21,"v2_cohort_posterior_hazard","exact","beta1",-2.9044192932,-3.233727302575,0.329308009375,1,0,1.00375413430868,0
"n300_r021",300,21,"v2_cohort_posterior_hazard","exact","tau1",1.119542795165,2.22407458715,-1.104531791985,0,0,1.00375413430868,0
"n300_r021",300,21,"v2_cohort_posterior_hazard","exact","sigma_y",1.26488282075,1.692879175725,-0.427996354975,0,0,1.00375413430868,0
"n300_r022",300,22,"v2_cohort_posterior_hazard","censored","beta1",-2.7943195896,-3.233727302575,0.439407712975,1,0,1.00747537198545,0
"n300_r022",300,22,"v2_cohort_posterior_hazard","censored","tau1",2.2473020547,2.22407458715,0.0232274675499999,1,0,1.00747537198545,0
"n300_r022",300,22,"v2_cohort_posterior_hazard","censored","sigma_y",1.6372553307,1.692879175725,-0.055623845025,1,0,1.00747537198545,0
"n300_r022",300,22,"v2_cohort_posterior_hazard","exact","beta1",-2.51158206425,-3.233727302575,0.722145238325,0,0,1.00314448021866,0
"n300_r022",300,22,"v2_cohort_posterior_hazard","exact","tau1",1.19064689462,2.22407458715,-1.03342769253,0,0,1.00314448021866,0
"n300_r022",300,22,"v2_cohort_posterior_hazard","exact","sigma_y",1.2114068093,1.692879175725,-0.481472366425,0,0,1.00314448021866,0
"n300_r023",300,23,"v2_cohort_posterior_hazard","censored","beta1",-2.7301470384,-3.233727302575,0.503580264175,1,0,1.00515160741702,0
"n300_r023",300,23,"v2_cohort_posterior_hazard","censored","tau1",2.08899759535,2.22407458715,-0.1350769918,1,0,1.00515160741702,0
"n300_r023",300,23,"v2_cohort_posterior_hazard","censored","sigma_y",1.64877549325,1.692879175725,-0.0441036824749999,1,0,1.00515160741702,0
"n300_r023",300,23,"v2_cohort_posterior_hazard","exact","beta1",-2.4619860125,-3.233727302575,0.771741290075,0,0,1.00751472193114,0
"n300_r023",300,23,"v2_cohort_posterior_hazard","exact","tau1",1.0262827866,2.22407458715,-1.19779180055,0,0,1.00751472193114,0
"n300_r023",300,23,"v2_cohort_posterior_hazard","exact","sigma_y",1.2591349019,1.692879175725,-0.433744273825,0,0,1.00751472193114,0
"n300_r024",300,24,"v2_cohort_posterior_hazard","censored","beta1",-2.62961414745,-3.233727302575,0.604113155125,0,0,1.00502622202071,0
"n300_r024",300,24,"v2_cohort_posterior_hazard","censored","tau1",2.193242681,2.22407458715,-0.03083190615,1,0,1.00502622202071,0
"n300_r024",300,24,"v2_cohort_posterior_hazard","censored","sigma_y",1.68911386075,1.692879175725,-0.00376531497499988,1,0,1.00502622202071,0
"n300_r024",300,24,"v2_cohort_posterior_hazard","exact","beta1",-2.2825210113,-3.233727302575,0.951206291275,0,0,1.00315761317045,0
"n300_r024",300,24,"v2_cohort_posterior_hazard","exact","tau1",1.14815413909,2.22407458715,-1.07592044806,0,0,1.00315761317045,0
"n300_r024",300,24,"v2_cohort_posterior_hazard","exact","sigma_y",1.27025249745,1.692879175725,-0.422626678275,0,0,1.00315761317045,0
"n300_r025",300,25,"v2_cohort_posterior_hazard","censored","beta1",-2.8466419378,-3.233727302575,0.387085364775,1,0,1.0081531555768,0
"n300_r025",300,25,"v2_cohort_posterior_hazard","censored","tau1",2.22694522845,2.22407458715,0.00287064129999992,1,0,1.0081531555768,0
"n300_r025",300,25,"v2_cohort_posterior_hazard","censored","sigma_y",1.62640738425,1.692879175725,-0.0664717914749999,0,0,1.0081531555768,0
"n300_r025",300,25,"v2_cohort_posterior_hazard","exact","beta1",-2.48507444125,-3.233727302575,0.748652861325,0,0,1.00337156614417,0
"n300_r025",300,25,"v2_cohort_posterior_hazard","exact","tau1",1.125527945785,2.22407458715,-1.098546641365,0,0,1.00337156614417,0
"n300_r025",300,25,"v2_cohort_posterior_hazard","exact","sigma_y",1.2142869933,1.692879175725,-0.478592182425,0,0,1.00337156614417,0
"n300_r026",300,26,"v2_cohort_posterior_hazard","censored","beta1",-3.01399567965,-3.233727302575,0.219731622925,1,0,1.00471113908168,0
"n300_r026",300,26,"v2_cohort_posterior_hazard","censored","tau1",2.38248511145,2.22407458715,0.1584105243,1,0,1.00471113908168,0
"n300_r026",300,26,"v2_cohort_posterior_hazard","censored","sigma_y",1.7244768708,1.692879175725,0.0315976950750001,1,0,1.00471113908168,0
"n300_r026",300,26,"v2_cohort_posterior_hazard","exact","beta1",-2.50060053985,-3.233727302575,0.733126762725,0,0,1.00561117002404,0
"n300_r026",300,26,"v2_cohort_posterior_hazard","exact","tau1",1.09153779125,2.22407458715,-1.1325367959,0,0,1.00561117002404,0
"n300_r026",300,26,"v2_cohort_posterior_hazard","exact","sigma_y",1.2507185404,1.692879175725,-0.442160635325,0,0,1.00561117002404,0
"n300_r027",300,27,"v2_cohort_posterior_hazard","censored","beta1",-2.61451458675,-3.233727302575,0.619212715825,0,0,1.00576365591989,0
"n300_r027",300,27,"v2_cohort_posterior_hazard","censored","tau1",2.30234785235,2.22407458715,0.0782732652,1,0,1.00576365591989,0
"n300_r027",300,27,"v2_cohort_posterior_hazard","censored","sigma_y",1.6903627923,1.692879175725,-0.00251638342499994,1,0,1.00576365591989,0
"n300_r027",300,27,"v2_cohort_posterior_hazard","exact","beta1",-2.3029674312,-3.233727302575,0.930759871375,0,0,1.00367845772009,0
"n300_r027",300,27,"v2_cohort_posterior_hazard","exact","tau1",1.17560433394,2.22407458715,-1.04847025321,0,0,1.00367845772009,0
"n300_r027",300,27,"v2_cohort_posterior_hazard","exact","sigma_y",1.297179746,1.692879175725,-0.395699429725,0,0,1.00367845772009,0
"n300_r028",300,28,"v2_cohort_posterior_hazard","censored","beta1",-2.73609894515,-3.233727302575,0.497628357425,1,0,1.00452396418267,0
"n300_r028",300,28,"v2_cohort_posterior_hazard","censored","tau1",2.0456616084,2.22407458715,-0.17841297875,1,0,1.00452396418267,0
"n300_r028",300,28,"v2_cohort_posterior_hazard","censored","sigma_y",1.708418202,1.692879175725,0.0155390262750001,1,0,1.00452396418267,0
"n300_r028",300,28,"v2_cohort_posterior_hazard","exact","beta1",-2.4274648119,-3.233727302575,0.806262490675,0,0,1.00488534430693,0
"n300_r028",300,28,"v2_cohort_posterior_hazard","exact","tau1",1.03929028869,2.22407458715,-1.18478429846,0,0,1.00488534430693,0
"n300_r028",300,28,"v2_cohort_posterior_hazard","exact","sigma_y",1.26577991685,1.692879175725,-0.427099258875,0,0,1.00488534430693,0
"n300_r029",300,29,"v2_cohort_posterior_hazard","censored","beta1",-3.0817148838,-3.233727302575,0.152012418775,1,0,1.0043963849662,0
"n300_r029",300,29,"v2_cohort_posterior_hazard","censored","tau1",2.08729889595,2.22407458715,-0.1367756912,1,0,1.0043963849662,0
"n300_r029",300,29,"v2_cohort_posterior_hazard","censored","sigma_y",1.7376259529,1.692879175725,0.0447467771750001,1,0,1.0043963849662,0
"n300_r029",300,29,"v2_cohort_posterior_hazard","exact","beta1",-2.64509396025,-3.233727302575,0.588633342325,0,0,1.00647797249948,0
"n300_r029",300,29,"v2_cohort_posterior_hazard","exact","tau1",1.023955379045,2.22407458715,-1.200119208105,0,0,1.00647797249948,0
"n300_r029",300,29,"v2_cohort_posterior_hazard","exact","sigma_y",1.3350001701,1.692879175725,-0.357879005625,0,0,1.00647797249948,0
"n300_r030",300,30,"v2_cohort_posterior_hazard","censored","beta1",-3.13989544075,-3.233727302575,0.093831861825,1,0,1.0041757817714,0
"n300_r030",300,30,"v2_cohort_posterior_hazard","censored","tau1",2.1841035648,2.22407458715,-0.0399710223500001,1,0,1.0041757817714,0
"n300_r030",300,30,"v2_cohort_posterior_hazard","censored","sigma_y",1.7167561678,1.692879175725,0.0238769920750002,1,0,1.0041757817714,0
"n300_r030",300,30,"v2_cohort_posterior_hazard","exact","beta1",-2.57725404695,-3.233727302575,0.656473255625,0,0,1.00294128395598,0
"n300_r030",300,30,"v2_cohort_posterior_hazard","exact","tau1",1.12162583269,2.22407458715,-1.10244875446,0,0,1.00294128395598,0
"n300_r030",300,30,"v2_cohort_posterior_hazard","exact","sigma_y",1.2583066389,1.692879175725,-0.434572536825,0,0,1.00294128395598,0
"n300_r031",300,31,"v2_cohort_posterior_hazard","censored","beta1",-2.9451098125,-3.233727302575,0.288617490075,1,0,1.00431618136093,0
"n300_r031",300,31,"v2_cohort_posterior_hazard","censored","tau1",2.6058570491,2.22407458715,0.38178246195,0,0,1.00431618136093,0
"n300_r031",300,31,"v2_cohort_posterior_hazard","censored","sigma_y",1.73704213375,1.692879175725,0.044162958025,1,0,1.00431618136093,0
"n300_r031",300,31,"v2_cohort_posterior_hazard","exact","beta1",-2.3176602918,-3.233727302575,0.916067010775,0,0,1.00444055174212,0
"n300_r031",300,31,"v2_cohort_posterior_hazard","exact","tau1",1.21389669055,2.22407458715,-1.0101778966,0,0,1.00444055174212,0
"n300_r031",300,31,"v2_cohort_posterior_hazard","exact","sigma_y",1.29716504165,1.692879175725,-0.395714134075,0,0,1.00444055174212,0
"n300_r032",300,32,"v2_cohort_posterior_hazard","censored","beta1",-3.1213151504,-3.233727302575,0.112412152175,1,0,1.00442141924001,0
"n300_r032",300,32,"v2_cohort_posterior_hazard","censored","tau1",2.12359899055,2.22407458715,-0.1004755966,1,0,1.00442141924001,0
"n300_r032",300,32,"v2_cohort_posterior_hazard","censored","sigma_y",1.6350628089,1.692879175725,-0.0578163668249998,1,0,1.00442141924001,0
"n300_r032",300,32,"v2_cohort_posterior_hazard","exact","beta1",-2.7492324391,-3.233727302575,0.484494863475,0,0,1.00505428586397,0
"n300_r032",300,32,"v2_cohort_posterior_hazard","exact","tau1",1.24848676519,2.22407458715,-0.97558782196,0,0,1.00505428586397,0
"n300_r032",300,32,"v2_cohort_posterior_hazard","exact","sigma_y",1.21115286265,1.692879175725,-0.481726313075,0,0,1.00505428586397,0
"n300_r033",300,33,"v2_cohort_posterior_hazard","censored","beta1",-2.9432332434,-3.233727302575,0.290494059175,1,0,1.0070777049185,0
"n300_r033",300,33,"v2_cohort_posterior_hazard","censored","tau1",2.00536059815,2.22407458715,-0.218713989,1,0,1.0070777049185,0
"n300_r033",300,33,"v2_cohort_posterior_hazard","censored","sigma_y",1.68868317925,1.692879175725,-0.00419599647500002,1,0,1.0070777049185,0
"n300_r033",300,33,"v2_cohort_posterior_hazard","exact","beta1",-2.6262424907,-3.233727302575,0.607484811875,0,0,1.00526202697338,0
"n300_r033",300,33,"v2_cohort_posterior_hazard","exact","tau1",1.055558746005,2.22407458715,-1.168515841145,0,0,1.00526202697338,0
"n300_r033",300,33,"v2_cohort_posterior_hazard","exact","sigma_y",1.2450109932,1.692879175725,-0.447868182525,0,0,1.00526202697338,0
"n300_r034",300,34,"v2_cohort_posterior_hazard","censored","beta1",-3.0988165703,-3.233727302575,0.134910732275,1,0,1.00460088404023,0
"n300_r034",300,34,"v2_cohort_posterior_hazard","censored","tau1",2.26560810915,2.22407458715,0.0415335219999999,1,0,1.00460088404023,0
"n300_r034",300,34,"v2_cohort_posterior_hazard","censored","sigma_y",1.7161465363,1.692879175725,0.023267360575,1,0,1.00460088404023,0
"n300_r034",300,34,"v2_cohort_posterior_hazard","exact","beta1",-2.63374829245,-3.233727302575,0.599979010125,0,0,1.00171752449108,0
"n300_r034",300,34,"v2_cohort_posterior_hazard","exact","tau1",1.140963040295,2.22407458715,-1.083111546855,0,0,1.00171752449108,0
"n300_r034",300,34,"v2_cohort_posterior_hazard","exact","sigma_y",1.29036250485,1.692879175725,-0.402516670875,0,0,1.00171752449108,0
"n300_r035",300,35,"v2_cohort_posterior_hazard","censored","beta1",-2.80634364825,-3.233727302575,0.427383654325,1,0,1.00772074678938,0
"n300_r035",300,35,"v2_cohort_posterior_hazard","censored","tau1",2.45758874555,2.22407458715,0.2335141584,1,0,1.00772074678938,0
"n300_r035",300,35,"v2_cohort_posterior_hazard","censored","sigma_y",1.65037698355,1.692879175725,-0.042502192175,1,0,1.00772074678938,0
"n300_r035",300,35,"v2_cohort_posterior_hazard","exact","beta1",-2.4053678127,-3.233727302575,0.828359489875,0,0,1.00528271984122,0
"n300_r035",300,35,"v2_cohort_posterior_hazard","exact","tau1",1.193269242135,2.22407458715,-1.030805345015,0,0,1.00528271984122,0
"n300_r035",300,35,"v2_cohort_posterior_hazard","exact","sigma_y",1.21395874905,1.692879175725,-0.478920426675,0,0,1.00528271984122,0
"n300_r036",300,36,"v2_cohort_posterior_hazard","censored","beta1",-2.9356833786,-3.233727302575,0.298043923975,1,0,1.00531722775492,0
"n300_r036",300,36,"v2_cohort_posterior_hazard","censored","tau1",2.1929796395,2.22407458715,-0.0310949476500002,1,0,1.00531722775492,0
"n300_r036",300,36,"v2_cohort_posterior_hazard","censored","sigma_y",1.70187559585,1.692879175725,0.00899642012500013,1,0,1.00531722775492,0
"n300_r036",300,36,"v2_cohort_posterior_hazard","exact","beta1",-2.5946237683,-3.233727302575,0.639103534275,0,0,1.00422443355311,0
"n300_r036",300,36,"v2_cohort_posterior_hazard","exact","tau1",1.19211801609,2.22407458715,-1.03195657106,0,0,1.00422443355311,0
"n300_r036",300,36,"v2_cohort_posterior_hazard","exact","sigma_y",1.33635154615,1.692879175725,-0.356527629575,0,0,1.00422443355311,0
"n300_r037",300,37,"v2_cohort_posterior_hazard","censored","beta1",-2.7537660818,-3.233727302575,0.479961220775,1,0,1.00633780991356,0
"n300_r037",300,37,"v2_cohort_posterior_hazard","censored","tau1",2.1068718728,2.22407458715,-0.11720271435,1,0,1.00633780991356,0
"n300_r037",300,37,"v2_cohort_posterior_hazard","censored","sigma_y",1.6448058842,1.692879175725,-0.048073291525,1,0,1.00633780991356,0
"n300_r037",300,37,"v2_cohort_posterior_hazard","exact","beta1",-2.33266910665,-3.233727302575,0.901058195925,0,0,1.00304491499814,0
"n300_r037",300,37,"v2_cohort_posterior_hazard","exact","tau1",1.095808939865,2.22407458715,-1.128265647285,0,0,1.00304491499814,0
"n300_r037",300,37,"v2_cohort_posterior_hazard","exact","sigma_y",1.1984619166,1.692879175725,-0.494417259125,0,0,1.00304491499814,0
"n300_r038",300,38,"v2_cohort_posterior_hazard","censored","beta1",-3.4291034876,-3.233727302575,-0.195376185025,1,0,1.00760140976058,0
"n300_r038",300,38,"v2_cohort_posterior_hazard","censored","tau1",2.27790791385,2.22407458715,0.0538333267,1,0,1.00760140976058,0
"n300_r038",300,38,"v2_cohort_posterior_hazard","censored","sigma_y",1.6931154951,1.692879175725,0.000236319375000127,1,0,1.00760140976058,0
"n300_r038",300,38,"v2_cohort_posterior_hazard","exact","beta1",-2.8893975114,-3.233727302575,0.344329791175,1,0,1.00556469279199,0
"n300_r038",300,38,"v2_cohort_posterior_hazard","exact","tau1",1.09141529945,2.22407458715,-1.1326592877,0,0,1.00556469279199,0
"n300_r038",300,38,"v2_cohort_posterior_hazard","exact","sigma_y",1.27169360945,1.692879175725,-0.421185566275,0,0,1.00556469279199,0
"n300_r039",300,39,"v2_cohort_posterior_hazard","censored","beta1",-2.87708452535,-3.233727302575,0.356642777225,1,0,1.00226879795391,0
"n300_r039",300,39,"v2_cohort_posterior_hazard","censored","tau1",2.32004234,2.22407458715,0.09596775285,1,0,1.00226879795391,0
"n300_r039",300,39,"v2_cohort_posterior_hazard","censored","sigma_y",1.72753896765,1.692879175725,0.034659791925,1,0,1.00226879795391,0
"n300_r039",300,39,"v2_cohort_posterior_hazard","exact","beta1",-2.5468130223,-3.233727302575,0.686914280275,0,0,1.00647923898903,0
"n300_r039",300,39,"v2_cohort_posterior_hazard","exact","tau1",1.17973790871,2.22407458715,-1.04433667844,0,0,1.00647923898903,0
"n300_r039",300,39,"v2_cohort_posterior_hazard","exact","sigma_y",1.33016520765,1.692879175725,-0.362713968075,0,0,1.00647923898903,0
"n300_r040",300,40,"v2_cohort_posterior_hazard","censored","beta1",-3.1903646202,-3.233727302575,0.0433626823750002,1,0,1.00381033368917,0
"n300_r040",300,40,"v2_cohort_posterior_hazard","censored","tau1",1.9971206757,2.22407458715,-0.22695391145,1,0,1.00381033368917,0
"n300_r040",300,40,"v2_cohort_posterior_hazard","censored","sigma_y",1.65166108685,1.692879175725,-0.041218088875,1,0,1.00381033368917,0
"n300_r040",300,40,"v2_cohort_posterior_hazard","exact","beta1",-2.55948016805,-3.233727302575,0.674247134525,0,0,1.00598291574878,0
"n300_r040",300,40,"v2_cohort_posterior_hazard","exact","tau1",0.961098710265,2.22407458715,-1.262975876885,0,0,1.00598291574878,0
"n300_r040",300,40,"v2_cohort_posterior_hazard","exact","sigma_y",1.2269116467,1.692879175725,-0.465967529025,0,0,1.00598291574878,0
"n300_r041",300,41,"v2_cohort_posterior_hazard","censored","beta1",-3.07215657535,-3.233727302575,0.161570727225,1,0,1.00689355862883,0
"n300_r041",300,41,"v2_cohort_posterior_hazard","censored","tau1",2.0893178547,2.22407458715,-0.13475673245,1,0,1.00689355862883,0
"n300_r041",300,41,"v2_cohort_posterior_hazard","censored","sigma_y",1.65429422395,1.692879175725,-0.0385849517749999,1,0,1.00689355862883,0
"n300_r041",300,41,"v2_cohort_posterior_hazard","exact","beta1",-2.7198696486,-3.233727302575,0.513857653975,0,0,1.00466916522452,0
"n300_r041",300,41,"v2_cohort_posterior_hazard","exact","tau1",1.026211164585,2.22407458715,-1.197863422565,0,0,1.00466916522452,0
"n300_r041",300,41,"v2_cohort_posterior_hazard","exact","sigma_y",1.2342793602,1.692879175725,-0.458599815525,0,0,1.00466916522452,0
"n300_r042",300,42,"v2_cohort_posterior_hazard","censored","beta1",-3.31999717725,-3.233727302575,-0.0862698746749997,1,0,1.00583438504215,0
"n300_r042",300,42,"v2_cohort_posterior_hazard","censored","tau1",2.40726217745,2.22407458715,0.1831875903,1,0,1.00583438504215,0
"n300_r042",300,42,"v2_cohort_posterior_hazard","censored","sigma_y",1.6907687077,1.692879175725,-0.00211046802499992,1,0,1.00583438504215,0
"n300_r042",300,42,"v2_cohort_posterior_hazard","exact","beta1",-2.81867905725,-3.233727302575,0.415048245325,0,0,1.00381848218125,0
"n300_r042",300,42,"v2_cohort_posterior_hazard","exact","tau1",1.26521519585,2.22407458715,-0.9588593913,0,0,1.00381848218125,0
"n300_r042",300,42,"v2_cohort_posterior_hazard","exact","sigma_y",1.30183990775,1.692879175725,-0.391039267975,0,0,1.00381848218125,0
"n300_r043",300,43,"v2_cohort_posterior_hazard","censored","beta1",-3.14129245415,-3.233727302575,0.0924348484250004,1,0,1.0042706858411,0
"n300_r043",300,43,"v2_cohort_posterior_hazard","censored","tau1",2.4233996313,2.22407458715,0.19932504415,1,0,1.0042706858411,0
"n300_r043",300,43,"v2_cohort_posterior_hazard","censored","sigma_y",1.7491005403,1.692879175725,0.056221364575,1,0,1.0042706858411,0
"n300_r043",300,43,"v2_cohort_posterior_hazard","exact","beta1",-2.75289228165,-3.233727302575,0.480835020925,0,0,1.01064253981512,0
"n300_r043",300,43,"v2_cohort_posterior_hazard","exact","tau1",1.10071001634,2.22407458715,-1.12336457081,0,0,1.01064253981512,0
"n300_r043",300,43,"v2_cohort_posterior_hazard","exact","sigma_y",1.23294805645,1.692879175725,-0.459931119275,0,0,1.01064253981512,0
"n300_r044",300,44,"v2_cohort_posterior_hazard","censored","beta1",-3.26955472265,-3.233727302575,-0.0358274200749999,1,0,1.00422706386933,0
"n300_r044",300,44,"v2_cohort_posterior_hazard","censored","tau1",2.11936893525,2.22407458715,-0.1047056519,1,0,1.00422706386933,0
"n300_r044",300,44,"v2_cohort_posterior_hazard","censored","sigma_y",1.6788352916,1.692879175725,-0.0140438841249999,1,0,1.00422706386933,0
"n300_r044",300,44,"v2_cohort_posterior_hazard","exact","beta1",-2.7049785971,-3.233727302575,0.528748705475,0,0,1.00358803696463,0
"n300_r044",300,44,"v2_cohort_posterior_hazard","exact","tau1",0.99732409833,2.22407458715,-1.22675048882,0,0,1.00358803696463,0
"n300_r044",300,44,"v2_cohort_posterior_hazard","exact","sigma_y",1.2470366738,1.692879175725,-0.445842501925,0,0,1.00358803696463,0
"n300_r045",300,45,"v2_cohort_posterior_hazard","censored","beta1",-3.14129596635,-3.233727302575,0.0924313362250002,1,0,1.00438095224628,0
"n300_r045",300,45,"v2_cohort_posterior_hazard","censored","tau1",2.25811674855,2.22407458715,0.0340421613999999,1,0,1.00438095224628,0
"n300_r045",300,45,"v2_cohort_posterior_hazard","censored","sigma_y",1.6699650092,1.692879175725,-0.0229141665249999,1,0,1.00438095224628,0
"n300_r045",300,45,"v2_cohort_posterior_hazard","exact","beta1",-2.8990760155,-3.233727302575,0.334651287075,1,0,1.00374134884969,0
"n300_r045",300,45,"v2_cohort_posterior_hazard","exact","tau1",1.06560528246,2.22407458715,-1.15846930469,0,0,1.00374134884969,0
"n300_r045",300,45,"v2_cohort_posterior_hazard","exact","sigma_y",1.23081833845,1.692879175725,-0.462060837275,0,0,1.00374134884969,0
"n300_r046",300,46,"v2_cohort_posterior_hazard","censored","beta1",-2.8768267242,-3.233727302575,0.356900578375,1,0,1.00657847426567,0
"n300_r046",300,46,"v2_cohort_posterior_hazard","censored","tau1",2.3679946443,2.22407458715,0.14392005715,1,0,1.00657847426567,0
"n300_r046",300,46,"v2_cohort_posterior_hazard","censored","sigma_y",1.68871366465,1.692879175725,-0.00416551107499985,1,0,1.00657847426567,0
"n300_r046",300,46,"v2_cohort_posterior_hazard","exact","beta1",-2.4565969753,-3.233727302575,0.777130327275,0,0,1.00597425792575,0
"n300_r046",300,46,"v2_cohort_posterior_hazard","exact","tau1",1.18412435113,2.22407458715,-1.03995023602,0,0,1.00597425792575,0
"n300_r046",300,46,"v2_cohort_posterior_hazard","exact","sigma_y",1.2658241053,1.692879175725,-0.427055070425,0,0,1.00597425792575,0
"n300_r047",300,47,"v2_cohort_posterior_hazard","censored","beta1",-2.5949857141,-3.233727302575,0.638741588475,0,0,1.00394087355039,0
"n300_r047",300,47,"v2_cohort_posterior_hazard","censored","tau1",2.3984075699,2.22407458715,0.17433298275,1,0,1.00394087355039,0
"n300_r047",300,47,"v2_cohort_posterior_hazard","censored","sigma_y",1.7134946615,1.692879175725,0.0206154857750001,1,0,1.00394087355039,0
"n300_r047",300,47,"v2_cohort_posterior_hazard","exact","beta1",-2.28139877715,-3.233727302575,0.952328525425,0,0,1.00313947466018,0
"n300_r047",300,47,"v2_cohort_posterior_hazard","exact","tau1",1.2362549186,2.22407458715,-0.98781966855,0,0,1.00313947466018,0
"n300_r047",300,47,"v2_cohort_posterior_hazard","exact","sigma_y",1.2665095113,1.692879175725,-0.426369664425,0,0,1.00313947466018,0
"n300_r048",300,48,"v2_cohort_posterior_hazard","censored","beta1",-3.1672081421,-3.233727302575,0.0665191604750004,1,0,1.00655368306493,0
"n300_r048",300,48,"v2_cohort_posterior_hazard","censored","tau1",2.1804427903,2.22407458715,-0.0436317968500002,1,0,1.00655368306493,0
"n300_r048",300,48,"v2_cohort_posterior_hazard","censored","sigma_y",1.6772980488,1.692879175725,-0.0155811269249999,1,0,1.00655368306493,0
"n300_r048",300,48,"v2_cohort_posterior_hazard","exact","beta1",-2.73967570375,-3.233727302575,0.494051598825,0,0,1.00631380482819,0
"n300_r048",300,48,"v2_cohort_posterior_hazard","exact","tau1",0.994862165225,2.22407458715,-1.229212421925,0,0,1.00631380482819,0
"n300_r048",300,48,"v2_cohort_posterior_hazard","exact","sigma_y",1.2273332906,1.692879175725,-0.465545885125,0,0,1.00631380482819,0
"n300_r049",300,49,"v2_cohort_posterior_hazard","censored","beta1",-3.3389823619,-3.233727302575,-0.105255059325,1,0,1.00258034538859,0
"n300_r049",300,49,"v2_cohort_posterior_hazard","censored","tau1",2.4551656342,2.22407458715,0.23109104705,1,0,1.00258034538859,0
"n300_r049",300,49,"v2_cohort_posterior_hazard","censored","sigma_y",1.6496764839,1.692879175725,-0.0432026918249999,1,0,1.00258034538859,0
"n300_r049",300,49,"v2_cohort_posterior_hazard","exact","beta1",-2.8634770193,-3.233727302575,0.370250283275,0,0,1.00652809756844,0
"n300_r049",300,49,"v2_cohort_posterior_hazard","exact","tau1",1.1744700515,2.22407458715,-1.04960453565,0,0,1.00652809756844,0
"n300_r049",300,49,"v2_cohort_posterior_hazard","exact","sigma_y",1.2134618224,1.692879175725,-0.479417353325,0,0,1.00652809756844,0
"n300_r050",300,50,"v2_cohort_posterior_hazard","censored","beta1",-2.55403062465,-3.233727302575,0.679696677925,0,0,1.00268463887451,0
"n300_r050",300,50,"v2_cohort_posterior_hazard","censored","tau1",2.15677406535,2.22407458715,-0.0673005218,1,0,1.00268463887451,0
"n300_r050",300,50,"v2_cohort_posterior_hazard","censored","sigma_y",1.7101027472,1.692879175725,0.0172235714750002,1,0,1.00268463887451,0
"n300_r050",300,50,"v2_cohort_posterior_hazard","exact","beta1",-2.3135849272,-3.233727302575,0.920142375375,0,0,1.003410947339,0
"n300_r050",300,50,"v2_cohort_posterior_hazard","exact","tau1",1.055279799805,2.22407458715,-1.168794787345,0,0,1.003410947339,0
"n300_r050",300,50,"v2_cohort_posterior_hazard","exact","sigma_y",1.29240491525,1.692879175725,-0.400474260475,0,0,1.003410947339,0
"n300_r051",300,51,"v2_cohort_posterior_hazard","censored","beta1",-2.391483111,-3.233727302575,0.842244191575,0,0,1.00383037614899,0
"n300_r051",300,51,"v2_cohort_posterior_hazard","censored","tau1",2.53722689325,2.22407458715,0.3131523061,0,0,1.00383037614899,0
"n300_r051",300,51,"v2_cohort_posterior_hazard","censored","sigma_y",1.683608802,1.692879175725,-0.00927037372499995,1,0,1.00383037614899,0
"n300_r051",300,51,"v2_cohort_posterior_hazard","exact","beta1",-2.15953481335,-3.233727302575,1.074192489225,0,0,1.00502042836988,0
"n300_r051",300,51,"v2_cohort_posterior_hazard","exact","tau1",1.3325139471,2.22407458715,-0.89156064005,0,0,1.00502042836988,0
"n300_r051",300,51,"v2_cohort_posterior_hazard","exact","sigma_y",1.2439014132,1.692879175725,-0.448977762525,0,0,1.00502042836988,0
"n300_r052",300,52,"v2_cohort_posterior_hazard","censored","beta1",-2.453785632,-3.233727302575,0.779941670575,0,0,1.00356878072916,0
"n300_r052",300,52,"v2_cohort_posterior_hazard","censored","tau1",1.9329154732,2.22407458715,-0.29115911395,0,0,1.00356878072916,0
"n300_r052",300,52,"v2_cohort_posterior_hazard","censored","sigma_y",1.6539112587,1.692879175725,-0.0389679170249999,1,0,1.00356878072916,0
"n300_r052",300,52,"v2_cohort_posterior_hazard","exact","beta1",-2.24982102125,-3.233727302575,0.983906281325,0,0,1.0056663946785,0
"n300_r052",300,52,"v2_cohort_posterior_hazard","exact","tau1",0.924647335855,2.22407458715,-1.299427251295,0,0,1.0056663946785,0
"n300_r052",300,52,"v2_cohort_posterior_hazard","exact","sigma_y",1.2964040679,1.692879175725,-0.396475107825,0,0,1.0056663946785,0
"n300_r053",300,53,"v2_cohort_posterior_hazard","censored","beta1",-2.973157286,-3.233727302575,0.260570016575,1,0,1.00507447027594,0
"n300_r053",300,53,"v2_cohort_posterior_hazard","censored","tau1",2.33026872675,2.22407458715,0.1061941396,1,0,1.00507447027594,0
"n300_r053",300,53,"v2_cohort_posterior_hazard","censored","sigma_y",1.64028074915,1.692879175725,-0.0525984265749999,1,0,1.00507447027594,0
"n300_r053",300,53,"v2_cohort_posterior_hazard","exact","beta1",-2.7234121258,-3.233727302575,0.510315176775,0,0,1.00514836886433,0
"n300_r053",300,53,"v2_cohort_posterior_hazard","exact","tau1",1.13854647245,2.22407458715,-1.0855281147,0,0,1.00514836886433,0
"n300_r053",300,53,"v2_cohort_posterior_hazard","exact","sigma_y",1.22529602675,1.692879175725,-0.467583148975,0,0,1.00514836886433,0
"n300_r054",300,54,"v2_cohort_posterior_hazard","censored","beta1",-3.340522664,-3.233727302575,-0.106795361425,1,0,1.00456599065652,0
"n300_r054",300,54,"v2_cohort_posterior_hazard","censored","tau1",2.23693502925,2.22407458715,0.0128604421,1,0,1.00456599065652,0
"n300_r054",300,54,"v2_cohort_posterior_hazard","censored","sigma_y",1.6950253796,1.692879175725,0.0021462038750002,1,0,1.00456599065652,0
"n300_r054",300,54,"v2_cohort_posterior_hazard","exact","beta1",-2.9033289787,-3.233727302575,0.330398323875,1,0,1.00396663512471,0
"n300_r054",300,54,"v2_cohort_posterior_hazard","exact","tau1",1.20265295685,2.22407458715,-1.0214216303,0,0,1.00396663512471,0
"n300_r054",300,54,"v2_cohort_posterior_hazard","exact","sigma_y",1.269944675,1.692879175725,-0.422934500725,0,0,1.00396663512471,0
"n300_r055",300,55,"v2_cohort_posterior_hazard","censored","beta1",-3.0797632296,-3.233727302575,0.153964072975,1,0,1.00402453446576,0
"n300_r055",300,55,"v2_cohort_posterior_hazard","censored","tau1",2.29053175485,2.22407458715,0.0664571676999999,1,0,1.00402453446576,0
"n300_r055",300,55,"v2_cohort_posterior_hazard","censored","sigma_y",1.6525881548,1.692879175725,-0.0402910209249998,1,0,1.00402453446576,0
"n300_r055",300,55,"v2_cohort_posterior_hazard","exact","beta1",-2.6403271582,-3.233727302575,0.593400144375,0,0,1.0030922035578,0
"n300_r055",300,55,"v2_cohort_posterior_hazard","exact","tau1",1.06821720931,2.22407458715,-1.15585737784,0,0,1.0030922035578,0
"n300_r055",300,55,"v2_cohort_posterior_hazard","exact","sigma_y",1.2236091944,1.692879175725,-0.469269981325,0,0,1.0030922035578,0
"n300_r056",300,56,"v2_cohort_posterior_hazard","censored","beta1",-3.2364440229,-3.233727302575,-0.00271672032500003,1,0,1.00378124412418,0
"n300_r056",300,56,"v2_cohort_posterior_hazard","censored","tau1",2.385499202,2.22407458715,0.16142461485,1,0,1.00378124412418,0
"n300_r056",300,56,"v2_cohort_posterior_hazard","censored","sigma_y",1.6583721017,1.692879175725,-0.034507074025,1,0,1.00378124412418,0
"n300_r056",300,56,"v2_cohort_posterior_hazard","exact","beta1",-2.7974458606,-3.233727302575,0.436281441975,0,0,1.00560695343313,0
"n300_r056",300,56,"v2_cohort_posterior_hazard","exact","tau1",1.133028299265,2.22407458715,-1.091046287885,0,0,1.00560695343313,0
"n300_r056",300,56,"v2_cohort_posterior_hazard","exact","sigma_y",1.2610137254,1.692879175725,-0.431865450325,0,0,1.00560695343313,0
"n300_r057",300,57,"v2_cohort_posterior_hazard","censored","beta1",-2.6568674623,-3.233727302575,0.576859840275,0,0,1.00622833127895,0
"n300_r057",300,57,"v2_cohort_posterior_hazard","censored","tau1",2.3208807551,2.22407458715,0.0968061679500001,1,0,1.00622833127895,0
"n300_r057",300,57,"v2_cohort_posterior_hazard","censored","sigma_y",1.6788553242,1.692879175725,-0.014023851525,1,0,1.00622833127895,0
"n300_r057",300,57,"v2_cohort_posterior_hazard","exact","beta1",-2.2510802616,-3.233727302575,0.982647040975,0,0,1.00514265028014,0
"n300_r057",300,57,"v2_cohort_posterior_hazard","exact","tau1",0.979984501045,2.22407458715,-1.244090086105,0,0,1.00514265028014,0
"n300_r057",300,57,"v2_cohort_posterior_hazard","exact","sigma_y",1.24120331335,1.692879175725,-0.451675862375,0,0,1.00514265028014,0
"n300_r058",300,58,"v2_cohort_posterior_hazard","censored","beta1",-3.74625686885,-3.233727302575,-0.512529566275,1,0,1.00355012583042,0
"n300_r058",300,58,"v2_cohort_posterior_hazard","censored","tau1",2.25242622405,2.22407458715,0.0283516369000001,1,0,1.00355012583042,0
"n300_r058",300,58,"v2_cohort_posterior_hazard","censored","sigma_y",1.7220064845,1.692879175725,0.0291273087750001,1,0,1.00355012583042,0
"n300_r058",300,58,"v2_cohort_posterior_hazard","exact","beta1",-3.0934069731,-3.233727302575,0.140320329475,1,0,1.00387622035995,0
"n300_r058",300,58,"v2_cohort_posterior_hazard","exact","tau1",1.168018668225,2.22407458715,-1.056055918925,0,0,1.00387622035995,0
"n300_r058",300,58,"v2_cohort_posterior_hazard","exact","sigma_y",1.2853228617,1.692879175725,-0.407556314025,0,0,1.00387622035995,0
"n300_r059",300,59,"v2_cohort_posterior_hazard","censored","beta1",-2.7953017542,-3.233727302575,0.438425548375,1,0,1.00461270447938,0
"n300_r059",300,59,"v2_cohort_posterior_hazard","censored","tau1",2.03062541045,2.22407458715,-0.1934491767,1,0,1.00461270447938,0
"n300_r059",300,59,"v2_cohort_posterior_hazard","censored","sigma_y",1.7186448959,1.692879175725,0.0257657201750001,1,0,1.00461270447938,0
"n300_r059",300,59,"v2_cohort_posterior_hazard","exact","beta1",-2.4337887946,-3.233727302575,0.799938507975,0,0,1.00772400556908,0
"n300_r059",300,59,"v2_cohort_posterior_hazard","exact","tau1",1.021578693105,2.22407458715,-1.202495894045,0,0,1.00772400556908,0
"n300_r059",300,59,"v2_cohort_posterior_hazard","exact","sigma_y",1.26018901195,1.692879175725,-0.432690163775,0,0,1.00772400556908,0
"n300_r060",300,60,"v2_cohort_posterior_hazard","censored","beta1",-3.2494589281,-3.233727302575,-0.015731625525,1,0,1.00438969901937,0
"n300_r060",300,60,"v2_cohort_posterior_hazard","censored","tau1",1.95536943325,2.22407458715,-0.2687051539,1,0,1.00438969901937,0
"n300_r060",300,60,"v2_cohort_posterior_hazard","censored","sigma_y",1.70374662285,1.692879175725,0.0108674471250001,1,0,1.00438969901937,0
"n300_r060",300,60,"v2_cohort_posterior_hazard","exact","beta1",-2.7905797603,-3.233727302575,0.443147542275,0,0,1.00455936940401,0
"n300_r060",300,60,"v2_cohort_posterior_hazard","exact","tau1",0.94894483674,2.22407458715,-1.27512975041,0,0,1.00455936940401,0
"n300_r060",300,60,"v2_cohort_posterior_hazard","exact","sigma_y",1.2393013234,1.692879175725,-0.453577852325,0,0,1.00455936940401,0
"n300_r061",300,61,"v2_cohort_posterior_hazard","censored","beta1",-2.9616056096,-3.233727302575,0.272121692975,1,0,1.00327972878198,0
"n300_r061",300,61,"v2_cohort_posterior_hazard","censored","tau1",2.3839823999,2.22407458715,0.15990781275,1,0,1.00327972878198,0
"n300_r061",300,61,"v2_cohort_posterior_hazard","censored","sigma_y",1.67535720615,1.692879175725,-0.017521969575,1,0,1.00327972878198,0
"n300_r061",300,61,"v2_cohort_posterior_hazard","exact","beta1",-2.58121100245,-3.233727302575,0.652516300125,0,0,1.00440213104346,0
"n300_r061",300,61,"v2_cohort_posterior_hazard","exact","tau1",1.2714344716,2.22407458715,-0.95264011555,0,0,1.00440213104346,0
"n300_r061",300,61,"v2_cohort_posterior_hazard","exact","sigma_y",1.26625654265,1.692879175725,-0.426622633075,0,0,1.00440213104346,0
"n300_r062",300,62,"v2_cohort_posterior_hazard","censored","beta1",-2.62489181975,-3.233727302575,0.608835482825,0,0,1.00590569857783,0
"n300_r062",300,62,"v2_cohort_posterior_hazard","censored","tau1",2.27584725265,2.22407458715,0.0517726655000001,1,0,1.00590569857783,0
"n300_r062",300,62,"v2_cohort_posterior_hazard","censored","sigma_y",1.6056928609,1.692879175725,-0.0871863148249998,0,0,1.00590569857783,0
"n300_r062",300,62,"v2_cohort_posterior_hazard","exact","beta1",-2.31572076315,-3.233727302575,0.918006539425,0,0,1.00304492624245,0
"n300_r062",300,62,"v2_cohort_posterior_hazard","exact","tau1",1.176040143,2.22407458715,-1.04803444415,0,0,1.00304492624245,0
"n300_r062",300,62,"v2_cohort_posterior_hazard","exact","sigma_y",1.20320458025,1.692879175725,-0.489674595475,0,0,1.00304492624245,0
"n300_r063",300,63,"v2_cohort_posterior_hazard","censored","beta1",-2.75858715415,-3.233727302575,0.475140148425,1,0,1.00364101229921,0
"n300_r063",300,63,"v2_cohort_posterior_hazard","censored","tau1",2.03097256475,2.22407458715,-0.1931020224,1,0,1.00364101229921,0
"n300_r063",300,63,"v2_cohort_posterior_hazard","censored","sigma_y",1.6981120905,1.692879175725,0.0052329147750001,1,0,1.00364101229921,0
"n300_r063",300,63,"v2_cohort_posterior_hazard","exact","beta1",-2.47200823755,-3.233727302575,0.761719065025,0,0,1.0027886969381,0
"n300_r063",300,63,"v2_cohort_posterior_hazard","exact","tau1",0.939746635765,2.22407458715,-1.284327951385,0,0,1.0027886969381,0
"n300_r063",300,63,"v2_cohort_posterior_hazard","exact","sigma_y",1.27605326565,1.692879175725,-0.416825910075,0,0,1.0027886969381,0
"n300_r064",300,64,"v2_cohort_posterior_hazard","censored","beta1",-3.1068050357,-3.233727302575,0.126922266875,1,0,1.00467717335385,0
"n300_r064",300,64,"v2_cohort_posterior_hazard","censored","tau1",2.20371864185,2.22407458715,-0.0203559453,1,0,1.00467717335385,0
"n300_r064",300,64,"v2_cohort_posterior_hazard","censored","sigma_y",1.61577388365,1.692879175725,-0.0771052920749999,0,0,1.00467717335385,0
"n300_r064",300,64,"v2_cohort_posterior_hazard","exact","beta1",-2.6907307997,-3.233727302575,0.542996502875,0,0,1.00462556359456,0
"n300_r064",300,64,"v2_cohort_posterior_hazard","exact","tau1",1.09814708025,2.22407458715,-1.1259275069,0,0,1.00462556359456,0
"n300_r064",300,64,"v2_cohort_posterior_hazard","exact","sigma_y",1.2463359232,1.692879175725,-0.446543252525,0,0,1.00462556359456,0
"n300_r065",300,65,"v2_cohort_posterior_hazard","censored","beta1",-2.9986250906,-3.233727302575,0.235102211975,1,0,1.00683239021643,0
"n300_r065",300,65,"v2_cohort_posterior_hazard","censored","tau1",2.6137870292,2.22407458715,0.38971244205,0,0,1.00683239021643,0
"n300_r065",300,65,"v2_cohort_posterior_hazard","censored","sigma_y",1.65888798945,1.692879175725,-0.033991186275,1,0,1.00683239021643,0
"n300_r065",300,65,"v2_cohort_posterior_hazard","exact","beta1",-2.57162857315,-3.233727302575,0.662098729425,0,0,1.00828449354674,0
"n300_r065",300,65,"v2_cohort_posterior_hazard","exact","tau1",1.33384596,2.22407458715,-0.89022862715,0,0,1.00828449354674,0
"n300_r065",300,65,"v2_cohort_posterior_hazard","exact","sigma_y",1.2011670427,1.692879175725,-0.491712133025,0,0,1.00828449354674,0
"n300_r066",300,66,"v2_cohort_posterior_hazard","censored","beta1",-2.7386345754,-3.233727302575,0.495092727175,1,0,1.00567084029391,0
"n300_r066",300,66,"v2_cohort_posterior_hazard","censored","tau1",2.48041477085,2.22407458715,0.2563401837,1,0,1.00567084029391,0
"n300_r066",300,66,"v2_cohort_posterior_hazard","censored","sigma_y",1.71156504605,1.692879175725,0.0186858703250001,1,0,1.00567084029391,0
"n300_r066",300,66,"v2_cohort_posterior_hazard","exact","beta1",-2.35665705145,-3.233727302575,0.877070251125,0,0,1.00820708431951,0
"n300_r066",300,66,"v2_cohort_posterior_hazard","exact","tau1",1.3187578926,2.22407458715,-0.90531669455,0,0,1.00820708431951,0
"n300_r066",300,66,"v2_cohort_posterior_hazard","exact","sigma_y",1.29742245445,1.692879175725,-0.395456721275,0,0,1.00820708431951,0
"n300_r067",300,67,"v2_cohort_posterior_hazard","censored","beta1",-3.2098808618,-3.233727302575,0.0238464407750003,1,0,1.00575878094642,0
"n300_r067",300,67,"v2_cohort_posterior_hazard","censored","tau1",2.455770399,2.22407458715,0.23169581185,1,0,1.00575878094642,0
"n300_r067",300,67,"v2_cohort_posterior_hazard","censored","sigma_y",1.71797640195,1.692879175725,0.025097226225,1,0,1.00575878094642,0
"n300_r067",300,67,"v2_cohort_posterior_hazard","exact","beta1",-2.79328076975,-3.233727302575,0.440446532825,0,0,1.00243058947046,0
"n300_r067",300,67,"v2_cohort_posterior_hazard","exact","tau1",1.149283054125,2.22407458715,-1.074791533025,0,0,1.00243058947046,0
"n300_r067",300,67,"v2_cohort_posterior_hazard","exact","sigma_y",1.28113734735,1.692879175725,-0.411741828375,0,0,1.00243058947046,0
"n300_r068",300,68,"v2_cohort_posterior_hazard","censored","beta1",-3.007710402,-3.233727302575,0.226016900575,1,0,1.00423987327048,0
"n300_r068",300,68,"v2_cohort_posterior_hazard","censored","tau1",2.2943836808,2.22407458715,0.0703090936500002,1,0,1.00423987327048,0
"n300_r068",300,68,"v2_cohort_posterior_hazard","censored","sigma_y",1.62425551605,1.692879175725,-0.0686236596749998,1,0,1.00423987327048,0
"n300_r068",300,68,"v2_cohort_posterior_hazard","exact","beta1",-2.61752523345,-3.233727302575,0.616202069125,0,0,1.00310668472987,0
"n300_r068",300,68,"v2_cohort_posterior_hazard","exact","tau1",1.196739374325,2.22407458715,-1.027335212825,0,0,1.00310668472987,0
"n300_r068",300,68,"v2_cohort_posterior_hazard","exact","sigma_y",1.1742625076,1.692879175725,-0.518616668125,0,0,1.00310668472987,0
"n300_r069",300,69,"v2_cohort_posterior_hazard","censored","beta1",-2.63408362385,-3.233727302575,0.599643678725,0,0,1.00551135670197,0
"n300_r069",300,69,"v2_cohort_posterior_hazard","censored","tau1",2.3577402414,2.22407458715,0.13366565425,1,0,1.00551135670197,0
"n300_r069",300,69,"v2_cohort_posterior_hazard","censored","sigma_y",1.7030886371,1.692879175725,0.0102094613750001,1,0,1.00551135670197,0
"n300_r069",300,69,"v2_cohort_posterior_hazard","exact","beta1",-2.245397152,-3.233727302575,0.988330150575,0,0,1.00471211651547,0
"n300_r069",300,69,"v2_cohort_posterior_hazard","exact","tau1",1.22235191583,2.22407458715,-1.00172267132,0,0,1.00471211651547,0
"n300_r069",300,69,"v2_cohort_posterior_hazard","exact","sigma_y",1.2563961961,1.692879175725,-0.436482979625,0,0,1.00471211651547,0
"n300_r070",300,70,"v2_cohort_posterior_hazard","censored","beta1",-2.8270259538,-3.233727302575,0.406701348775,1,0,1.00574923112742,0
"n300_r070",300,70,"v2_cohort_posterior_hazard","censored","tau1",2.1204603692,2.22407458715,-0.10361421795,1,0,1.00574923112742,0
"n300_r070",300,70,"v2_cohort_posterior_hazard","censored","sigma_y",1.69565903815,1.692879175725,0.00277986242500017,1,0,1.00574923112742,0
"n300_r070",300,70,"v2_cohort_posterior_hazard","exact","beta1",-2.42308146645,-3.233727302575,0.810645836125,0,0,1.00582122597582,0
"n300_r070",300,70,"v2_cohort_posterior_hazard","exact","tau1",1.01592014347,2.22407458715,-1.20815444368,0,0,1.00582122597582,0
"n300_r070",300,70,"v2_cohort_posterior_hazard","exact","sigma_y",1.2350986127,1.692879175725,-0.457780563025,0,0,1.00582122597582,0
"n300_r071",300,71,"v2_cohort_posterior_hazard","censored","beta1",-2.75520536475,-3.233727302575,0.478521937825,1,0,1.00480915704005,0
"n300_r071",300,71,"v2_cohort_posterior_hazard","censored","tau1",2.34013396695,2.22407458715,0.1160593798,1,0,1.00480915704005,0
"n300_r071",300,71,"v2_cohort_posterior_hazard","censored","sigma_y",1.6211052896,1.692879175725,-0.0717738861249999,0,0,1.00480915704005,0
"n300_r071",300,71,"v2_cohort_posterior_hazard","exact","beta1",-2.47596297885,-3.233727302575,0.757764323725,0,0,1.00794470196266,0
"n300_r071",300,71,"v2_cohort_posterior_hazard","exact","tau1",1.100279440205,2.22407458715,-1.123795146945,0,0,1.00794470196266,0
"n300_r071",300,71,"v2_cohort_posterior_hazard","exact","sigma_y",1.20375236865,1.692879175725,-0.489126807075,0,0,1.00794470196266,0
"n300_r072",300,72,"v2_cohort_posterior_hazard","censored","beta1",-2.9199547475,-3.233727302575,0.313772555075,1,0,1.00563283914715,0
"n300_r072",300,72,"v2_cohort_posterior_hazard","censored","tau1",2.1976168456,2.22407458715,-0.0264577415500002,1,0,1.00563283914715,0
"n300_r072",300,72,"v2_cohort_posterior_hazard","censored","sigma_y",1.73185244055,1.692879175725,0.0389732648250001,1,0,1.00563283914715,0
"n300_r072",300,72,"v2_cohort_posterior_hazard","exact","beta1",-2.58265832615,-3.233727302575,0.651068976425,0,0,1.00279306312353,0
"n300_r072",300,72,"v2_cohort_posterior_hazard","exact","tau1",1.21673826203,2.22407458715,-1.00733632512,0,0,1.00279306312353,0
"n300_r072",300,72,"v2_cohort_posterior_hazard","exact","sigma_y",1.30196450985,1.692879175725,-0.390914665875,0,0,1.00279306312353,0
"n300_r073",300,73,"v2_cohort_posterior_hazard","censored","beta1",-2.89313184,-3.233727302575,0.340595462575,1,0,1.00404816016292,0
"n300_r073",300,73,"v2_cohort_posterior_hazard","censored","tau1",2.1077938246,2.22407458715,-0.11628076255,1,0,1.00404816016292,0
"n300_r073",300,73,"v2_cohort_posterior_hazard","censored","sigma_y",1.71428246515,1.692879175725,0.021403289425,1,0,1.00404816016292,0
"n300_r073",300,73,"v2_cohort_posterior_hazard","exact","beta1",-2.5195151771,-3.233727302575,0.714212125475,0,0,1.00643086385165,0
"n300_r073",300,73,"v2_cohort_posterior_hazard","exact","tau1",1.147508785425,2.22407458715,-1.076565801725,0,0,1.00643086385165,0
"n300_r073",300,73,"v2_cohort_posterior_hazard","exact","sigma_y",1.29779208015,1.692879175725,-0.395087095575,0,0,1.00643086385165,0
"n300_r074",300,74,"v2_cohort_posterior_hazard","censored","beta1",-2.8249265135,-3.233727302575,0.408800789075,1,0,1.00447013224828,0
"n300_r074",300,74,"v2_cohort_posterior_hazard","censored","tau1",2.1231445057,2.22407458715,-0.10093008145,1,0,1.00447013224828,0
"n300_r074",300,74,"v2_cohort_posterior_hazard","censored","sigma_y",1.7102174852,1.692879175725,0.0173383094750001,1,0,1.00447013224828,0
"n300_r074",300,74,"v2_cohort_posterior_hazard","exact","beta1",-2.6538146648,-3.233727302575,0.579912637775,0,0,1.00242575263563,0
"n300_r074",300,74,"v2_cohort_posterior_hazard","exact","tau1",1.108394331565,2.22407458715,-1.115680255585,0,0,1.00242575263563,0
"n300_r074",300,74,"v2_cohort_posterior_hazard","exact","sigma_y",1.2393008761,1.692879175725,-0.453578299625,0,0,1.00242575263563,0
"n300_r075",300,75,"v2_cohort_posterior_hazard","censored","beta1",-2.6760396291,-3.233727302575,0.557687673475,0,0,1.00404550992387,0
"n300_r075",300,75,"v2_cohort_posterior_hazard","censored","tau1",2.19157988225,2.22407458715,-0.0324947048999999,1,0,1.00404550992387,0
"n300_r075",300,75,"v2_cohort_posterior_hazard","censored","sigma_y",1.6607188777,1.692879175725,-0.032160298025,1,0,1.00404550992387,0
"n300_r075",300,75,"v2_cohort_posterior_hazard","exact","beta1",-2.16179553895,-3.233727302575,1.071931763625,0,0,1.00691971686872,0
"n300_r075",300,75,"v2_cohort_posterior_hazard","exact","tau1",1.054385216265,2.22407458715,-1.169689370885,0,0,1.00691971686872,0
"n300_r075",300,75,"v2_cohort_posterior_hazard","exact","sigma_y",1.2791276105,1.692879175725,-0.413751565225,0,0,1.00691971686872,0
"n300_r076",300,76,"v2_cohort_posterior_hazard","censored","beta1",-2.98474431585,-3.233727302575,0.248982986725,1,0,1.00445021900896,0
"n300_r076",300,76,"v2_cohort_posterior_hazard","censored","tau1",2.2993586836,2.22407458715,0.0752840964499999,1,0,1.00445021900896,0
"n300_r076",300,76,"v2_cohort_posterior_hazard","censored","sigma_y",1.70226572445,1.692879175725,0.009386548725,1,0,1.00445021900896,0
"n300_r076",300,76,"v2_cohort_posterior_hazard","exact","beta1",-2.545252446,-3.233727302575,0.688474856575,0,0,1.00707189199997,0
"n300_r076",300,76,"v2_cohort_posterior_hazard","exact","tau1",1.148754693085,2.22407458715,-1.075319894065,0,0,1.00707189199997,0
"n300_r076",300,76,"v2_cohort_posterior_hazard","exact","sigma_y",1.28957244005,1.692879175725,-0.403306735675,0,0,1.00707189199997,0
"n300_r077",300,77,"v2_cohort_posterior_hazard","censored","beta1",-3.000590254,-3.233727302575,0.233137048575,1,0,1.00626339579293,0
"n300_r077",300,77,"v2_cohort_posterior_hazard","censored","tau1",2.11829071615,2.22407458715,-0.105783871,1,0,1.00626339579293,0
"n300_r077",300,77,"v2_cohort_posterior_hazard","censored","sigma_y",1.72799607355,1.692879175725,0.035116897825,1,0,1.00626339579293,0
"n300_r077",300,77,"v2_cohort_posterior_hazard","exact","beta1",-2.5593958391,-3.233727302575,0.674331463475,0,0,1.00864316144613,0
"n300_r077",300,77,"v2_cohort_posterior_hazard","exact","tau1",1.095336449695,2.22407458715,-1.128738137455,0,0,1.00864316144613,0
"n300_r077",300,77,"v2_cohort_posterior_hazard","exact","sigma_y",1.30629728765,1.692879175725,-0.386581888075,0,0,1.00864316144613,0
"n300_r078",300,78,"v2_cohort_posterior_hazard","censored","beta1",-2.8960437415,-3.233727302575,0.337683561075,1,0,1.00253799459458,0
"n300_r078",300,78,"v2_cohort_posterior_hazard","censored","tau1",2.5066221999,2.22407458715,0.28254761275,1,0,1.00253799459458,0
"n300_r078",300,78,"v2_cohort_posterior_hazard","censored","sigma_y",1.71784019655,1.692879175725,0.0249610208250002,1,0,1.00253799459458,0
"n300_r078",300,78,"v2_cohort_posterior_hazard","exact","beta1",-2.3829414863,-3.233727302575,0.850785816275,0,0,1.00532964646133,0
"n300_r078",300,78,"v2_cohort_posterior_hazard","exact","tau1",1.225637046985,2.22407458715,-0.998437540165,0,0,1.00532964646133,0
"n300_r078",300,78,"v2_cohort_posterior_hazard","exact","sigma_y",1.29810396965,1.692879175725,-0.394775206075,0,0,1.00532964646133,0
"n300_r079",300,79,"v2_cohort_posterior_hazard","censored","beta1",-2.73357472695,-3.233727302575,0.500152575625,1,0,1.00596651704626,0
"n300_r079",300,79,"v2_cohort_posterior_hazard","censored","tau1",2.2264447505,2.22407458715,0.00237016334999973,1,0,1.00596651704626,0
"n300_r079",300,79,"v2_cohort_posterior_hazard","censored","sigma_y",1.7668874322,1.692879175725,0.0740082564750002,0,0,1.00596651704626,0
"n300_r079",300,79,"v2_cohort_posterior_hazard","exact","beta1",-2.4026601699,-3.233727302575,0.831067132675,0,0,1.00552484728254,0
"n300_r079",300,79,"v2_cohort_posterior_hazard","exact","tau1",1.106143467945,2.22407458715,-1.117931119205,0,0,1.00552484728254,0
"n300_r079",300,79,"v2_cohort_posterior_hazard","exact","sigma_y",1.3210804644,1.692879175725,-0.371798711325,0,0,1.00552484728254,0
"n300_r080",300,80,"v2_cohort_posterior_hazard","censored","beta1",-3.06676159235,-3.233727302575,0.166965710225,1,0,1.00362641915485,0
"n300_r080",300,80,"v2_cohort_posterior_hazard","censored","tau1",2.2664316522,2.22407458715,0.04235706505,1,0,1.00362641915485,0
"n300_r080",300,80,"v2_cohort_posterior_hazard","censored","sigma_y",1.6797137806,1.692879175725,-0.0131653951249999,1,0,1.00362641915485,0
"n300_r080",300,80,"v2_cohort_posterior_hazard","exact","beta1",-2.5669565415,-3.233727302575,0.666770761075,0,0,1.00558205971225,0
"n300_r080",300,80,"v2_cohort_posterior_hazard","exact","tau1",0.990717180405,2.22407458715,-1.233357406745,0,0,1.00558205971225,0
"n300_r080",300,80,"v2_cohort_posterior_hazard","exact","sigma_y",1.21902010205,1.692879175725,-0.473859073675,0,0,1.00558205971225,0
"n300_r081",300,81,"v2_cohort_posterior_hazard","censored","beta1",-3.30261199565,-3.233727302575,-0.0688846930749998,1,0,1.00305584132577,0
"n300_r081",300,81,"v2_cohort_posterior_hazard","censored","tau1",2.17580271225,2.22407458715,-0.0482718749000002,1,0,1.00305584132577,0
"n300_r081",300,81,"v2_cohort_posterior_hazard","censored","sigma_y",1.6469342023,1.692879175725,-0.0459449734249999,1,0,1.00305584132577,0
"n300_r081",300,81,"v2_cohort_posterior_hazard","exact","beta1",-2.83809169685,-3.233727302575,0.395635605725,0,0,1.00568633512624,0
"n300_r081",300,81,"v2_cohort_posterior_hazard","exact","tau1",1.096183783885,2.22407458715,-1.127890803265,0,0,1.00568633512624,0
"n300_r081",300,81,"v2_cohort_posterior_hazard","exact","sigma_y",1.2245251892,1.692879175725,-0.468353986525,0,0,1.00568633512624,0
"n300_r082",300,82,"v2_cohort_posterior_hazard","censored","beta1",-3.1969832262,-3.233727302575,0.0367440763750002,1,0,1.00700927073875,0
"n300_r082",300,82,"v2_cohort_posterior_hazard","censored","tau1",1.97318287755,2.22407458715,-0.2508917096,1,0,1.00700927073875,0
"n300_r082",300,82,"v2_cohort_posterior_hazard","censored","sigma_y",1.7011505766,1.692879175725,0.008271400875,1,0,1.00700927073875,0
"n300_r082",300,82,"v2_cohort_posterior_hazard","exact","beta1",-2.8215495857,-3.233727302575,0.412177716875,0,0,1.0054219600062,0
"n300_r082",300,82,"v2_cohort_posterior_hazard","exact","tau1",0.92354610634,2.22407458715,-1.30052848081,0,0,1.0054219600062,0
"n300_r082",300,82,"v2_cohort_posterior_hazard","exact","sigma_y",1.26637757815,1.692879175725,-0.426501597575,0,0,1.0054219600062,0
"n300_r083",300,83,"v2_cohort_posterior_hazard","censored","beta1",-2.6129855867,-3.233727302575,0.620741715875,0,0,1.00337448025865,0
"n300_r083",300,83,"v2_cohort_posterior_hazard","censored","tau1",2.18840204645,2.22407458715,-0.0356725407000003,1,0,1.00337448025865,0
"n300_r083",300,83,"v2_cohort_posterior_hazard","censored","sigma_y",1.65359469775,1.692879175725,-0.0392844779749999,1,0,1.00337448025865,0
"n300_r083",300,83,"v2_cohort_posterior_hazard","exact","beta1",-2.2404556471,-3.233727302575,0.993271655475,0,0,1.00564943245212,0
"n300_r083",300,83,"v2_cohort_posterior_hazard","exact","tau1",1.089332686955,2.22407458715,-1.134741900195,0,0,1.00564943245212,0
"n300_r083",300,83,"v2_cohort_posterior_hazard","exact","sigma_y",1.23612081,1.692879175725,-0.456758365725,0,0,1.00564943245212,0
"n300_r084",300,84,"v2_cohort_posterior_hazard","censored","beta1",-2.72498319645,-3.233727302575,0.508744106125,1,0,1.00704237034621,0
"n300_r084",300,84,"v2_cohort_posterior_hazard","censored","tau1",2.0706946836,2.22407458715,-0.15337990355,1,0,1.00704237034621,0
"n300_r084",300,84,"v2_cohort_posterior_hazard","censored","sigma_y",1.71232405595,1.692879175725,0.019444880225,1,0,1.00704237034621,0
"n300_r084",300,84,"v2_cohort_posterior_hazard","exact","beta1",-2.37667332945,-3.233727302575,0.857053973125,0,0,1.0066140285296,0
"n300_r084",300,84,"v2_cohort_posterior_hazard","exact","tau1",0.814954368585,2.22407458715,-1.409120218565,0,0,1.0066140285296,0
"n300_r084",300,84,"v2_cohort_posterior_hazard","exact","sigma_y",1.24939992235,1.692879175725,-0.443479253375,0,0,1.0066140285296,0
"n300_r085",300,85,"v2_cohort_posterior_hazard","censored","beta1",-3.39338518835,-3.233727302575,-0.159657885775,1,0,1.00332172746549,0
"n300_r085",300,85,"v2_cohort_posterior_hazard","censored","tau1",2.2393484754,2.22407458715,0.0152738882499999,1,0,1.00332172746549,0
"n300_r085",300,85,"v2_cohort_posterior_hazard","censored","sigma_y",1.68563946265,1.692879175725,-0.00723971307499993,1,0,1.00332172746549,0
"n300_r085",300,85,"v2_cohort_posterior_hazard","exact","beta1",-2.98841858475,-3.233727302575,0.245308717825,1,0,1.00521005900318,0
"n300_r085",300,85,"v2_cohort_posterior_hazard","exact","tau1",1.185683359285,2.22407458715,-1.038391227865,0,0,1.00521005900318,0
"n300_r085",300,85,"v2_cohort_posterior_hazard","exact","sigma_y",1.2552949749,1.692879175725,-0.437584200825,0,0,1.00521005900318,0
"n300_r086",300,86,"v2_cohort_posterior_hazard","censored","beta1",-3.08425071305,-3.233727302575,0.149476589525,1,0,1.00403468643943,0
"n300_r086",300,86,"v2_cohort_posterior_hazard","censored","tau1",2.33128097875,2.22407458715,0.1072063916,1,0,1.00403468643943,0
"n300_r086",300,86,"v2_cohort_posterior_hazard","censored","sigma_y",1.64044129855,1.692879175725,-0.0524378771749998,1,0,1.00403468643943,0
"n300_r086",300,86,"v2_cohort_posterior_hazard","exact","beta1",-2.6105095515,-3.233727302575,0.623217751075,0,0,1.00361292116772,0
"n300_r086",300,86,"v2_cohort_posterior_hazard","exact","tau1",1.254936735265,2.22407458715,-0.969137851885,0,0,1.00361292116772,0
"n300_r086",300,86,"v2_cohort_posterior_hazard","exact","sigma_y",1.2010896743,1.692879175725,-0.491789501425,0,0,1.00361292116772,0
"n300_r087",300,87,"v2_cohort_posterior_hazard","censored","beta1",-3.10597028755,-3.233727302575,0.127757015025,1,0,1.004742111202,0
"n300_r087",300,87,"v2_cohort_posterior_hazard","censored","tau1",2.16613884955,2.22407458715,-0.0579357376000003,1,0,1.004742111202,0
"n300_r087",300,87,"v2_cohort_posterior_hazard","censored","sigma_y",1.76924965555,1.692879175725,0.076370479825,0,0,1.004742111202,0
"n300_r087",300,87,"v2_cohort_posterior_hazard","exact","beta1",-2.8857034813,-3.233727302575,0.348023821275,1,0,1.00729801823947,0
"n300_r087",300,87,"v2_cohort_posterior_hazard","exact","tau1",1.095956437305,2.22407458715,-1.128118149845,0,0,1.00729801823947,0
"n300_r087",300,87,"v2_cohort_posterior_hazard","exact","sigma_y",1.33919046165,1.692879175725,-0.353688714075,0,0,1.00729801823947,0
"n300_r088",300,88,"v2_cohort_posterior_hazard","censored","beta1",-2.6781617256,-3.233727302575,0.555565576975,0,0,1.00501986671211,0
"n300_r088",300,88,"v2_cohort_posterior_hazard","censored","tau1",2.009164741,2.22407458715,-0.21490984615,1,0,1.00501986671211,0
"n300_r088",300,88,"v2_cohort_posterior_hazard","censored","sigma_y",1.6970806551,1.692879175725,0.00420147937500004,1,0,1.00501986671211,0
"n300_r088",300,88,"v2_cohort_posterior_hazard","exact","beta1",-2.30228604685,-3.233727302575,0.931441255725,0,0,1.00547247235411,0
"n300_r088",300,88,"v2_cohort_posterior_hazard","exact","tau1",0.971995362045,2.22407458715,-1.252079225105,0,0,1.00547247235411,0
"n300_r088",300,88,"v2_cohort_posterior_hazard","exact","sigma_y",1.27312882285,1.692879175725,-0.419750352875,0,0,1.00547247235411,0
"n300_r089",300,89,"v2_cohort_posterior_hazard","censored","beta1",-3.1551990589,-3.233727302575,0.0785282436750001,1,0,1.00572055758149,0
"n300_r089",300,89,"v2_cohort_posterior_hazard","censored","tau1",2.22021463245,2.22407458715,-0.00385995470000022,1,0,1.00572055758149,0
"n300_r089",300,89,"v2_cohort_posterior_hazard","censored","sigma_y",1.7455851125,1.692879175725,0.052705936775,1,0,1.00572055758149,0
"n300_r089",300,89,"v2_cohort_posterior_hazard","exact","beta1",-2.72461852645,-3.233727302575,0.509108776125,0,0,1.0047832362814,0
"n300_r089",300,89,"v2_cohort_posterior_hazard","exact","tau1",1.07826550344,2.22407458715,-1.14580908371,0,0,1.0047832362814,0
"n300_r089",300,89,"v2_cohort_posterior_hazard","exact","sigma_y",1.28761273215,1.692879175725,-0.405266443575,0,0,1.0047832362814,0
"n300_r090",300,90,"v2_cohort_posterior_hazard","censored","beta1",-3.109170176,-3.233727302575,0.124557126575,1,0,1.00552722760091,0
"n300_r090",300,90,"v2_cohort_posterior_hazard","censored","tau1",1.75319941505,2.22407458715,-0.4708751721,0,0,1.00552722760091,0
"n300_r090",300,90,"v2_cohort_posterior_hazard","censored","sigma_y",1.60993174075,1.692879175725,-0.0829474349749999,0,0,1.00552722760091,0
"n300_r090",300,90,"v2_cohort_posterior_hazard","exact","beta1",-2.6086152202,-3.233727302575,0.625112082375,0,0,1.00682086470986,0
"n300_r090",300,90,"v2_cohort_posterior_hazard","exact","tau1",0.782469480275,2.22407458715,-1.441605106875,0,0,1.00682086470986,0
"n300_r090",300,90,"v2_cohort_posterior_hazard","exact","sigma_y",1.228209417,1.692879175725,-0.464669758725,0,0,1.00682086470986,0
"n300_r091",300,91,"v2_cohort_posterior_hazard","censored","beta1",-2.9074944332,-3.233727302575,0.326232869375,1,0,1.00408150889233,0
"n300_r091",300,91,"v2_cohort_posterior_hazard","censored","tau1",2.4888896201,2.22407458715,0.26481503295,1,0,1.00408150889233,0
"n300_r091",300,91,"v2_cohort_posterior_hazard","censored","sigma_y",1.7258392123,1.692879175725,0.032960036575,1,0,1.00408150889233,0
"n300_r091",300,91,"v2_cohort_posterior_hazard","exact","beta1",-2.6395292762,-3.233727302575,0.594198026375,0,0,1.00568733008145,0
"n300_r091",300,91,"v2_cohort_posterior_hazard","exact","tau1",1.2912019694,2.22407458715,-0.93287261775,0,0,1.00568733008145,0
"n300_r091",300,91,"v2_cohort_posterior_hazard","exact","sigma_y",1.3085530339,1.692879175725,-0.384326141825,0,0,1.00568733008145,0
"n300_r092",300,92,"v2_cohort_posterior_hazard","censored","beta1",-2.9848868415,-3.233727302575,0.248840461075,1,0,1.00624414140955,0
"n300_r092",300,92,"v2_cohort_posterior_hazard","censored","tau1",2.33851187535,2.22407458715,0.1144372882,1,0,1.00624414140955,0
"n300_r092",300,92,"v2_cohort_posterior_hazard","censored","sigma_y",1.65261203645,1.692879175725,-0.0402671392749998,1,0,1.00624414140955,0
"n300_r092",300,92,"v2_cohort_posterior_hazard","exact","beta1",-2.73439189325,-3.233727302575,0.499335409325,0,0,1.00182102682501,0
"n300_r092",300,92,"v2_cohort_posterior_hazard","exact","tau1",1.27447398485,2.22407458715,-0.9496006023,0,0,1.00182102682501,0
"n300_r092",300,92,"v2_cohort_posterior_hazard","exact","sigma_y",1.22216678565,1.692879175725,-0.470712390075,0,0,1.00182102682501,0
"n300_r093",300,93,"v2_cohort_posterior_hazard","censored","beta1",-3.16646947025,-3.233727302575,0.0672578323250002,1,0,1.00448277518455,0
"n300_r093",300,93,"v2_cohort_posterior_hazard","censored","tau1",2.1500058586,2.22407458715,-0.0740687285499999,1,0,1.00448277518455,0
"n300_r093",300,93,"v2_cohort_posterior_hazard","censored","sigma_y",1.63472680185,1.692879175725,-0.0581523738749998,1,0,1.00448277518455,0
"n300_r093",300,93,"v2_cohort_posterior_hazard","exact","beta1",-2.9363062061,-3.233727302575,0.297421096475,1,0,1.00385485823106,0
"n300_r093",300,93,"v2_cohort_posterior_hazard","exact","tau1",1.15339119862,2.22407458715,-1.07068338853,0,0,1.00385485823106,0
"n300_r093",300,93,"v2_cohort_posterior_hazard","exact","sigma_y",1.25188343605,1.692879175725,-0.440995739675,0,0,1.00385485823106,0
"n300_r094",300,94,"v2_cohort_posterior_hazard","censored","beta1",-3.1581974286,-3.233727302575,0.0755298739750003,1,0,1.00377985068017,0
"n300_r094",300,94,"v2_cohort_posterior_hazard","censored","tau1",2.2504078034,2.22407458715,0.0263332162499998,1,0,1.00377985068017,0
"n300_r094",300,94,"v2_cohort_posterior_hazard","censored","sigma_y",1.6556824309,1.692879175725,-0.0371967448249999,1,0,1.00377985068017,0
"n300_r094",300,94,"v2_cohort_posterior_hazard","exact","beta1",-2.79715432415,-3.233727302575,0.436572978425,0,0,1.00690904230672,0
"n300_r094",300,94,"v2_cohort_posterior_hazard","exact","tau1",1.11613466416,2.22407458715,-1.10793992299,0,0,1.00690904230672,0
"n300_r094",300,94,"v2_cohort_posterior_hazard","exact","sigma_y",1.26519031405,1.692879175725,-0.427688861675,0,0,1.00690904230672,0
"n300_r095",300,95,"v2_cohort_posterior_hazard","censored","beta1",-2.92991429995,-3.233727302575,0.303813002625,1,0,1.00450041601522,0
"n300_r095",300,95,"v2_cohort_posterior_hazard","censored","tau1",2.09052436995,2.22407458715,-0.1335502172,1,0,1.00450041601522,0
"n300_r095",300,95,"v2_cohort_posterior_hazard","censored","sigma_y",1.71566760125,1.692879175725,0.0227884255250002,1,0,1.00450041601522,0
"n300_r095",300,95,"v2_cohort_posterior_hazard","exact","beta1",-2.62973514305,-3.233727302575,0.603992159525,0,0,1.0028386346503,0
"n300_r095",300,95,"v2_cohort_posterior_hazard","exact","tau1",0.87608602474,2.22407458715,-1.34798856241,0,0,1.0028386346503,0
"n300_r095",300,95,"v2_cohort_posterior_hazard","exact","sigma_y",1.2953939966,1.692879175725,-0.397485179125,0,0,1.0028386346503,0
"n300_r096",300,96,"v2_cohort_posterior_hazard","censored","beta1",-2.8510795687,-3.233727302575,0.382647733875,1,0,1.00513291884227,0
"n300_r096",300,96,"v2_cohort_posterior_hazard","censored","tau1",2.34946747485,2.22407458715,0.1253928877,1,0,1.00513291884227,0
"n300_r096",300,96,"v2_cohort_posterior_hazard","censored","sigma_y",1.8094176671,1.692879175725,0.116538491375,0,0,1.00513291884227,0
"n300_r096",300,96,"v2_cohort_posterior_hazard","exact","beta1",-2.5395452649,-3.233727302575,0.694182037675,0,0,1.0062178313964,0
"n300_r096",300,96,"v2_cohort_posterior_hazard","exact","tau1",1.136771422645,2.22407458715,-1.087303164505,0,0,1.0062178313964,0
"n300_r096",300,96,"v2_cohort_posterior_hazard","exact","sigma_y",1.2999293909,1.692879175725,-0.392949784825,0,0,1.0062178313964,0
"n300_r097",300,97,"v2_cohort_posterior_hazard","censored","beta1",-2.86898688125,-3.233727302575,0.364740421325,1,0,1.003746146152,0
"n300_r097",300,97,"v2_cohort_posterior_hazard","censored","tau1",2.2043282402,2.22407458715,-0.0197463469499999,1,0,1.003746146152,0
"n300_r097",300,97,"v2_cohort_posterior_hazard","censored","sigma_y",1.6899464316,1.692879175725,-0.002932744125,1,0,1.003746146152,0
"n300_r097",300,97,"v2_cohort_posterior_hazard","exact","beta1",-2.4747266084,-3.233727302575,0.759000694175,0,0,1.00762925391089,0
"n300_r097",300,97,"v2_cohort_posterior_hazard","exact","tau1",1.029859012085,2.22407458715,-1.194215575065,0,0,1.00762925391089,0
"n300_r097",300,97,"v2_cohort_posterior_hazard","exact","sigma_y",1.24959587835,1.692879175725,-0.443283297375,0,0,1.00762925391089,0
"n300_r098",300,98,"v2_cohort_posterior_hazard","censored","beta1",-3.3062264835,-3.233727302575,-0.072499180925,1,0,1.00649132725755,0
"n300_r098",300,98,"v2_cohort_posterior_hazard","censored","tau1",2.4621396649,2.22407458715,0.23806507775,1,0,1.00649132725755,0
"n300_r098",300,98,"v2_cohort_posterior_hazard","censored","sigma_y",1.71295757185,1.692879175725,0.0200783961250002,1,0,1.00649132725755,0
"n300_r098",300,98,"v2_cohort_posterior_hazard","exact","beta1",-2.7821365338,-3.233727302575,0.451590768775,0,0,1.00432150551483,0
"n300_r098",300,98,"v2_cohort_posterior_hazard","exact","tau1",1.19403320931,2.22407458715,-1.03004137784,0,0,1.00432150551483,0
"n300_r098",300,98,"v2_cohort_posterior_hazard","exact","sigma_y",1.26925269385,1.692879175725,-0.423626481875,0,0,1.00432150551483,0
"n300_r099",300,99,"v2_cohort_posterior_hazard","censored","beta1",-2.9707755032,-3.233727302575,0.262951799375,1,0,1.00463948327777,0
"n300_r099",300,99,"v2_cohort_posterior_hazard","censored","tau1",2.24043446715,2.22407458715,0.01635988,1,0,1.00463948327777,0
"n300_r099",300,99,"v2_cohort_posterior_hazard","censored","sigma_y",1.63775185225,1.692879175725,-0.0551273234749998,1,0,1.00463948327777,0
"n300_r099",300,99,"v2_cohort_posterior_hazard","exact","beta1",-2.4677178903,-3.233727302575,0.766009412275,0,0,1.0052655527845,0
"n300_r099",300,99,"v2_cohort_posterior_hazard","exact","tau1",1.072848133975,2.22407458715,-1.151226453175,0,0,1.0052655527845,0
"n300_r099",300,99,"v2_cohort_posterior_hazard","exact","sigma_y",1.218429781,1.692879175725,-0.474449394725,0,0,1.0052655527845,0
"n300_r100",300,100,"v2_cohort_posterior_hazard","censored","beta1",-2.4726388783,-3.233727302575,0.761088424275,0,0,1.00527286969033,0
"n300_r100",300,100,"v2_cohort_posterior_hazard","censored","tau1",2.2700454954,2.22407458715,0.0459709082499997,1,0,1.00527286969033,0
"n300_r100",300,100,"v2_cohort_posterior_hazard","censored","sigma_y",1.64350712875,1.692879175725,-0.0493720469749999,1,0,1.00527286969033,0
"n300_r100",300,100,"v2_cohort_posterior_hazard","exact","beta1",-2.09843886075,-3.233727302575,1.135288441825,0,0,1.00456632732515,0
"n300_r100",300,100,"v2_cohort_posterior_hazard","exact","tau1",0.95839585475,2.22407458715,-1.2656787324,0,0,1.00456632732515,0
"n300_r100",300,100,"v2_cohort_posterior_hazard","exact","sigma_y",1.22604348795,1.692879175725,-0.466835687775,0,0,1.00456632732515,0
